datetime,open,high,low,close,volume
1756093500,55147.75,55238.0,55081.0,55185.05,0
1756093800,55187.05,55282.25,55182.75,55265.25,0
1756094100,55267.0,55306.0,55237.65,55298.7,0
1756094400,55298.2,55304.8,55245.85,55264.5,0
1756094700,55264.9,55276.1,55236.15,55268.5,0
1756095000,55269.1,55270.15,55209.5,55227.25,0
1756095300,55226.55,55232.25,55158.55,55164.5,0
1756095600,55164.9,55178.45,55142.05,55164.65,0
1756095900,55165.05,55177.25,55125.35,55133.55,0
1756096200,55135.55,55148.1,55119.6,55122.65,0
1756096500,55121.65,55124.35,55091.1,55105.2,0
1756096800,55104.75,55109.05,55060.25,55076.45,0
1756097100,55076.8,55107.75,55048.4,55107.3,0
1756097400,55106.05,55117.9,55086.55,55114.3,0
1756097700,55117.15,55135.8,55089.15,55103.9,0
1756098000,55101.5,55126.15,55075.75,55079.0,0
1756098300,55079.15,55114.2,55070.65,55095.1,0
1756098600,55093.9,55099.5,55062.9,55072.65,0
1756098900,55071.35,55103.6,55062.95,55101.15,0
1756099200,55100.5,55136.8,55087.35,55136.55,0
1756099500,55134.2,55134.9,55089.6,55115.1,0
1756099800,55116.5,55162.1,55103.3,55158.4,0
1756100100,55158.85,55164.3,55102.1,55109.5,0
1756100400,55109.7,55114.6,55084.45,55111.9,0
1756100700,55112.2,55132.5,55101.8,55109.3,0
1756101000,55110.6,55130.85,55100.05,55126.25,0
1756101300,55123.35,55149.05,55118.5,55120.9,0
1756101600,55121.7,55161.5,55117.45,55122.25,0
1756101900,55124.2,55139.05,55106.25,55123.3,0
1756102200,55121.15,55179.0,55118.35,55176.6,0
1756102500,55177.1,55201.2,55138.7,55154.75,0
1756102800,55153.5,55153.5,55113.95,55127.25,0
1756103100,55126.4,55165.3,55126.05,55164.1,0
1756103400,55164.4,55183.65,55150.95,55178.05,0
1756103700,55176.4,55188.2,55162.7,55177.25,0
1756104000,55176.7,55185.5,55150.1,55183.2,0
1756104300,55183.75,55219.4,55175.25,55214.2,0
1756104600,55211.7,55224.15,55183.5,55210.1,0
1756104900,55209.3,55222.25,55194.4,55205.15,0
1756105200,55203.4,55216.25,55191.25,55202.8,0
1756105500,55201.55,55209.25,55183.45,55192.5,0
1756105800,55191.55,55224.85,55179.85,55218.35,0
1756106100,55219.4,55234.75,55211.3,55228.1,0
1756106400,55227.0,55236.5,55202.45,55216.9,0
1756106700,55216.9,55222.8,55196.2,55209.75,0
1756107000,55209.0,55231.8,55196.35,55225.65,0
1756107300,55224.1,55236.2,55206.5,55231.15,0
1756107600,55231.15,55248.65,55215.4,55240.85,0
1756107900,55241.85,55243.05,55224.55,55234.3,0
1756108200,55232.5,55234.1,55189.45,55203.55,0
1756108500,55203.55,55224.45,55183.6,55198.2,0
1756108800,55198.9,55216.1,55186.4,55198.5,0
1756109100,55198.55,55221.05,55194.25,55211.25,0
1756109400,55211.25,55219.5,55203.25,55211.1,0
1756109700,55212.2,55235.65,55193.85,55224.65,0
1756110000,55233.85,55246.0,55222.45,55232.45,0
1756110300,55230.2,55245.55,55221.75,55230.65,0
1756110600,55230.35,55245.65,55224.4,55233.4,0
1756110900,55233.25,55246.05,55224.6,55240.75,0
1756111200,55239.35,55246.05,55212.1,55219.35,0
1756111500,55219.0,55260.2,55208.7,55220.1,0
1756111800,55217.6,55218.85,55199.05,55206.9,0
1756112100,55203.45,55209.55,55181.4,55189.25,0
1756112400,55189.55,55193.65,55156.35,55171.7,0
1756112700,55170.95,55174.25,55116.05,55140.8,0
1756113000,55138.55,55142.2,55119.1,55134.7,0
1756113300,55134.8,55171.45,55122.35,55170.25,0
1756113600,55167.95,55196.75,55167.95,55195.05,0
1756113900,55188.55,55237.6,55188.55,55231.95,0
1756114200,55230.15,55231.35,55177.2,55179.7,0
1756114500,55182.2,55182.7,55145.5,55149.05,0
1756114800,55155.9,55158.75,55112.1,55121.0,0
1756115100,55122.45,55147.2,55117.0,55142.15,0
1756115400,55142.45,55150.1,55129.05,55141.55,0
1756115700,55137.25,55192.35,55123.8,55161.75,0
1756179900,54999.05,55068.9,54745.0,54750.45,0
1756180200,54731.95,54735.5,54641.7,54659.4,0
1756180500,54655.95,54700.25,54622.55,54628.35,0
1756180800,54628.85,54642.85,54582.05,54628.2,0
1756181100,54622.75,54634.8,54482.15,54498.25,0
1756181400,54492.4,54542.85,54478.4,54510.25,0
1756181700,54511.2,54563.6,54511.2,54555.45,0
1756182000,54553.35,54574.05,54531.45,54534.35,0
1756182300,54539.6,54595.65,54530.4,54588.35,0
1756182600,54588.5,54616.35,54563.45,54603.8,0
1756182900,54602.05,54617.6,54569.85,54599.9,0
1756183200,54597.4,54617.35,54579.25,54596.6,0
1756183500,54595.0,54619.5,54557.1,54605.85,0
1756183800,54605.6,54619.25,54595.85,54598.4,0
1756184100,54598.15,54614.6,54574.45,54592.75,0
1756184400,54592.25,54603.25,54564.95,54568.75,0
1756184700,54567.15,54580.1,54555.0,54578.2,0
1756185000,54578.4,54589.4,54565.65,54567.75,0
1756185300,54567.65,54575.5,54540.35,54541.3,0
1756185600,54541.35,54564.6,54528.95,54548.0,0
1756185900,54540.15,54601.3,54535.85,54597.15,0
1756186200,54596.15,54628.8,54588.9,54615.5,0
1756186500,54614.35,54653.85,54599.85,54608.2,0
1756186800,54608.2,54634.75,54594.95,54608.55,0
1756187100,54605.6,54632.95,54600.15,54623.5,0
1756187400,54623.3,54660.4,54623.3,54645.95,0
1756187700,54643.25,54717.45,54639.25,54675.8,0
1756188000,54677.3,54687.0,54646.15,54656.55,0
1756188300,54657.45,54682.9,54629.25,54634.4,0
1756188600,54635.2,54643.15,54612.85,54627.15,0
1756188900,54628.15,54640.7,54610.45,54625.4,0
1756189200,54622.45,54650.05,54605.45,54631.9,0
1756189500,54636.9,54655.4,54633.35,54654.8,0
1756189800,54656.0,54674.55,54640.3,54656.0,0
1756190100,54655.1,54674.95,54622.2,54624.55,0
1756190400,54622.9,54622.9,54595.45,54609.9,0
1756190700,54610.05,54627.1,54589.2,54623.55,0
1756191000,54623.8,54639.85,54614.45,54621.0,0
1756191300,54621.0,54627.1,54592.0,54613.4,0
1756191600,54612.35,54616.4,54570.4,54574.25,0
1756191900,54578.4,54599.0,54568.4,54578.55,0
1756192200,54578.4,54595.25,54556.5,54571.0,0
1756192500,54572.8,54587.7,54551.75,54570.6,0
1756192800,54579.15,54591.9,54563.9,54566.25,0
1756193100,54569.25,54597.7,54562.3,54588.25,0
1756193400,54589.15,54618.85,54581.15,54612.4,0
1756193700,54621.65,54624.8,54593.55,54618.0,0
1756194000,54619.0,54621.35,54593.55,54616.1,0
1756194300,54615.85,54626.5,54587.9,54604.55,0
1756194600,54604.95,54622.45,54591.65,54616.35,0
1756194900,54615.65,54643.5,54582.45,54599.55,0
1756195200,54599.45,54621.4,54591.65,54605.65,0
1756195500,54607.35,54624.3,54585.45,54601.25,0
1756195800,54597.85,54624.9,54589.9,54599.2,0
1756196100,54599.4,54615.0,54582.95,54594.55,0
1756196400,54592.75,54615.45,54579.2,54610.05,0
1756196700,54608.3,54615.55,54581.05,54588.2,0
1756197000,54589.05,54600.9,54574.9,54578.95,0
1756197300,54585.15,54598.4,54564.95,54573.3,0
1756197600,54572.9,54580.9,54462.7,54483.55,0
1756197900,54483.0,54489.6,54454.25,54468.45,0
1756198200,54471.35,54490.85,54464.15,54485.1,0
1756198500,54486.8,54545.45,54448.85,54539.4,0
1756198800,54538.9,54541.1,54477.5,54497.4,0
1756199100,54494.7,54524.3,54472.15,54522.4,0
1756199400,54522.8,54524.35,54488.4,54499.55,0
1756199700,54496.95,54509.65,54459.65,54493.45,0
1756200000,54492.45,54503.65,54468.95,54479.8,0
1756200300,54481.85,54491.3,54454.45,54459.8,0
1756200600,54459.7,54497.65,54453.7,54459.85,0
1756200900,54462.6,54474.5,54440.3,54451.9,0
1756201200,54454.85,54466.8,54409.2,54421.05,0
1756201500,54426.25,54448.3,54423.0,54433.15,0
1756201800,54433.2,54459.2,54424.15,54441.05,0
1756202100,54442.75,54478.8,54396.1,54416.45,0
1756352700,54256.0,54382.25,53975.85,54010.2,0
1756353000,54014.6,54048.1,53924.6,53953.75,0
1756353300,53951.0,54007.25,53933.85,53982.85,0
1756353600,53980.45,53980.75,53916.85,53935.45,0
1756353900,53933.65,53980.65,53916.1,53975.75,0
1756354200,53973.9,54183.7,53971.6,54041.45,0
1756354500,54042.15,54106.8,53999.2,54053.7,0
1756354800,54054.25,54185.5,54031.7,54182.05,0
1756355100,54184.9,54186.3,54111.0,54147.4,0
1756355400,54150.25,54191.1,54089.6,54167.9,0
1756355700,54172.15,54209.55,54107.4,54117.3,0
1756356000,54114.9,54144.7,54055.45,54058.3,0
1756356300,54054.95,54107.25,54029.95,54040.5,0
1756356600,54042.8,54080.95,54004.55,54077.65,0
1756356900,54077.35,54151.5,54071.3,54146.95,0
1756357200,54152.1,54188.15,54131.35,54181.15,0
1756357500,54194.1,54245.5,54173.75,54177.75,0
1756357800,54174.75,54205.5,54162.0,54179.85,0
1756358100,54178.95,54274.55,54175.55,54264.95,0
1756358400,54269.0,54299.2,54243.1,54265.95,0
1756358700,54266.95,54329.55,54227.55,54309.25,0
1756359000,54307.55,54320.35,54264.8,54285.0,0
1756359300,54290.7,54353.3,54263.25,54285.75,0
1756359600,54287.05,54293.8,54238.55,54245.0,0
1756359900,54244.35,54286.35,54232.45,54262.0,0
1756360200,54259.4,54298.75,54240.8,54270.75,0
1756360500,54274.0,54294.75,54253.3,54260.55,0
1756360800,54262.15,54316.55,54257.2,54315.05,0
1756361100,54311.05,54336.8,54280.4,54285.3,0
1756361400,54285.3,54316.85,54281.4,54295.4,0
1756361700,54295.15,54301.3,54256.55,54288.85,0
1756362000,54286.4,54300.05,54189.85,54194.45,0
1756362300,54194.95,54210.4,54163.35,54176.65,0
1756362600,54176.35,54192.3,54126.25,54149.4,0
1756362900,54149.7,54208.55,54141.7,54198.05,0
1756363200,54197.65,54214.45,54173.3,54188.1,0
1756363500,54190.6,54204.9,54149.15,54156.65,0
1756363800,54154.95,54156.7,54099.0,54125.8,0
1756364100,54125.8,54149.35,54106.55,54144.95,0
1756364400,54144.75,54151.45,54115.25,54142.0,0
1756364700,54142.5,54145.8,54114.2,54117.7,0
1756365000,54121.6,54123.15,54089.55,54092.9,0
1756365300,54091.3,54136.75,54089.5,54107.85,0
1756365600,54109.3,54122.5,54093.3,54110.0,0
1756365900,54111.25,54119.6,54062.6,54091.7,0
1756366200,54093.15,54094.25,54034.4,54044.4,0
1756366500,54044.55,54050.7,53967.25,54003.2,0
1756366800,53999.85,54019.0,53983.8,53990.15,0
1756367100,54000.35,54026.6,53988.85,54000.8,0
1756367400,54001.25,54012.75,53994.35,54003.8,0
1756367700,54003.25,54043.85,54000.25,54023.55,0
1756368000,54025.65,54026.1,53955.4,53960.65,0
1756368300,53959.05,54002.55,53945.9,53996.7,0
1756368600,53995.5,54015.65,53963.8,53981.65,0
1756368900,53984.65,53986.45,53943.3,53968.9,0
1756369200,53967.8,53972.1,53911.1,53931.55,0
1756369500,53926.45,53942.45,53908.8,53930.45,0
1756369800,53932.9,53990.65,53927.05,53956.35,0
1756370100,53958.85,53993.85,53932.15,53985.85,0
1756370400,53985.45,54047.65,53984.65,54015.75,0
1756370700,54010.8,54036.8,53997.45,54006.5,0
1756371000,54011.3,54035.95,53979.6,54010.6,0
1756371300,54013.8,54016.9,53932.4,53967.0,0
1756371600,53964.5,53970.1,53897.05,53902.05,0
1756371900,53904.1,53946.05,53858.3,53928.5,0
1756372200,53929.7,53936.7,53881.2,53904.75,0
1756372500,53909.25,53910.25,53808.9,53827.15,0
1756372800,53828.9,53860.0,53800.35,53849.1,0
1756373100,53835.05,53897.15,53835.05,53866.15,0
1756373400,53868.55,53874.9,53783.6,53794.15,0
1756373700,53793.7,53818.1,53768.45,53783.9,0
1756374000,53786.3,53840.7,53786.3,53827.45,0
1756374300,53820.7,53831.5,53805.45,53814.15,0
1756374600,53818.3,53849.75,53814.95,53830.65,0
1756374900,53829.6,53956.8,53829.6,53894.25,0
1756439100,53660.35,53992.15,53660.35,53856.7,0
1756439400,53856.2,53961.25,53839.05,53949.05,0
1756439700,53949.55,53956.15,53902.1,53913.15,0
1756440000,53913.95,53921.9,53871.25,53888.85,0
1756440300,53885.45,53948.3,53845.6,53947.2,0
1756440600,53945.05,54006.95,53941.4,53962.4,0
1756440900,53957.05,53972.95,53910.85,53914.15,0
1756441200,53909.9,53934.05,53904.4,53919.1,0
1756441500,53920.05,53956.75,53916.35,53924.8,0
1756441800,53924.65,53930.8,53868.35,53879.35,0
1756442100,53881.2,53916.3,53869.9,53906.0,0
1756442400,53906.55,53925.9,53879.45,53887.35,0
1756442700,53887.7,53920.8,53868.25,53909.15,0
1756443000,53907.55,54029.85,53906.85,54021.2,0
1756443300,54020.9,54033.3,53986.95,54004.1,0
1756443600,54005.7,54067.15,54003.7,54036.95,0
1756443900,54035.95,54052.0,54028.0,54047.0,0
1756444200,54051.75,54086.0,54046.05,54071.3,0
1756444500,54071.05,54073.4,54026.35,54032.05,0
1756444800,54033.1,54042.5,54014.6,54025.1,0
1756445100,54024.65,54026.4,53967.65,53969.65,0
1756445400,53970.95,54004.0,53957.75,53992.65,0
1756445700,53993.4,53994.75,53953.65,53956.6,0
1756446000,53956.15,54032.75,53952.35,53986.15,0
1756446300,53985.65,53994.6,53965.35,53966.75,0
1756446600,53969.75,53980.65,53950.35,53973.1,0
1756446900,53972.7,54014.7,53967.35,54013.5,0
1756447200,54014.0,54025.05,53997.4,54001.7,0
1756447500,54002.05,54014.25,53978.4,54011.25,0
1756447800,54010.95,54021.1,53996.4,54009.9,0
1756448100,54006.25,54037.25,54005.75,54035.65,0
1756448400,54037.15,54039.55,53992.6,53999.65,0
1756448700,54004.2,54008.3,53953.5,53968.05,0
1756449000,53953.7,53958.25,53922.8,53956.5,0
1756449300,53956.1,53984.85,53949.15,53968.0,0
1756449600,53967.2,54002.0,53956.35,53991.65,0
1756449900,53990.05,53991.7,53954.75,53963.85,0
1756450200,53964.85,53965.95,53925.7,53941.85,0
1756450500,53943.45,53965.7,53915.95,53928.75,0
1756450800,53928.55,53929.9,53904.1,53918.85,0
1756451100,53918.1,53951.45,53905.8,53919.45,0
1756451400,53920.95,53952.45,53916.45,53916.85,0
1756451700,53916.1,53942.2,53909.15,53932.2,0
1756452000,53933.85,53933.85,53892.1,53900.7,0
1756452300,53905.05,53916.95,53854.65,53875.25,0
1756452600,53877.35,53878.6,53830.65,53855.1,0
1756452900,53855.75,53881.8,53816.9,53823.55,0
1756453200,53823.85,53840.55,53805.65,53808.45,0
1756453500,53807.8,53863.0,53803.45,53862.7,0
1756453800,53857.5,53871.85,53834.85,53853.9,0
1756454100,53858.8,53865.7,53829.6,53848.7,0
1756454400,53858.1,53858.1,53825.7,53828.0,0
1756454700,53826.4,53843.3,53812.0,53816.7,0
1756455000,53817.15,53838.85,53810.1,53820.1,0
1756455300,53821.25,53828.75,53807.7,53820.95,0
1756455600,53820.75,53842.5,53803.85,53816.55,0
1756455900,53816.55,53819.4,53739.25,53746.75,0
1756456200,53745.65,53762.45,53724.1,53738.0,0
1756456500,53737.4,53768.35,53729.45,53763.25,0
1756456800,53762.25,53803.75,53762.0,53794.5,0
1756457100,53794.45,53800.4,53766.15,53781.7,0
1756457400,53775.15,53839.9,53766.95,53819.7,0
1756457700,53819.45,53825.95,53758.6,53765.4,0
1756458000,53769.0,53781.9,53742.5,53751.55,0
1756458300,53756.4,53768.2,53705.45,53718.85,0
1756458600,53718.95,53731.0,53690.5,53699.95,0
1756458900,53700.35,53732.7,53697.05,53701.1,0
1756459200,53702.85,53727.05,53683.6,53713.85,0
1756459500,53716.85,53750.1,53711.2,53740.2,0
1756459800,53740.75,53745.4,53680.4,53684.1,0
1756460100,53689.95,53696.45,53647.25,53654.65,0
1756460400,53650.35,53658.3,53606.9,53609.25,0
1756460700,53613.25,53659.5,53606.45,53654.55,0
1756461000,53653.1,53690.95,53651.35,53663.15,0
1756461300,53658.95,53748.35,53646.35,53692.85,0
1756698300,53658.15,53902.75,53658.15,53884.2,0
1756698600,53889.2,53938.05,53844.95,53920.6,0
1756698900,53922.2,53941.05,53894.15,53938.9,0
1756699200,53938.65,53972.8,53895.75,53963.75,0
1756699500,53961.85,53982.55,53948.45,53955.3,0
1756699800,53956.6,53964.95,53923.25,53949.1,0
1756700100,53948.3,53980.95,53933.2,53933.85,0
1756700400,53935.0,53988.25,53932.8,53979.8,0
1756700700,53985.3,53985.3,53925.55,53951.65,0
1756701000,53952.25,53954.15,53908.85,53922.2,0
1756701300,53921.35,53925.2,53866.95,53891.6,0
1756701600,53893.9,53903.65,53864.15,53864.15,0
1756701900,53860.9,53896.4,53848.7,53848.7,0
1756702200,53848.5,53855.65,53781.2,53792.6,0
1756702500,53800.2,53834.8,53794.1,53823.3,0
1756702800,53823.5,53826.5,53775.5,53777.5,0
1756703100,53775.7,53788.55,53755.75,53771.5,0
1756703400,53771.0,53815.75,53766.25,53804.0,0
1756703700,53818.0,53865.35,53799.5,53849.05,0
1756704000,53849.55,53858.35,53809.05,53809.85,0
1756704300,53810.35,53842.15,53798.4,53840.0,0
1756704600,53842.25,53864.75,53828.9,53855.25,0
1756704900,53856.25,53858.05,53809.0,53827.9,0
1756705200,53830.3,53855.45,53821.55,53829.15,0
1756705500,53828.8,53832.7,53802.75,53816.5,0
1756705800,53821.35,53837.05,53799.45,53812.95,0
1756706100,53812.15,53837.8,53812.15,53837.8,0
1756706400,53840.5,53857.7,53809.35,53822.7,0
1756706700,53823.4,53832.35,53804.0,53807.4,0
1756707000,53807.6,53811.45,53793.25,53800.75,0
1756707300,53800.05,53807.45,53766.5,53769.45,0
1756707600,53770.8,53781.6,53749.05,53752.75,0
1756707900,53754.45,53759.05,53717.7,53718.55,0
1756708200,53721.6,53761.65,53717.0,53731.8,0
1756708500,53731.35,53789.35,53728.75,53781.45,0
1756708800,53781.45,53794.75,53773.0,53788.95,0
1756709100,53789.05,53804.35,53768.2,53788.95,0
1756709400,53790.05,53807.9,53761.4,53798.6,0
1756709700,53798.6,53845.4,53798.6,53839.45,0
1756710000,53840.25,53848.8,53829.1,53833.8,0
1756710300,53834.55,53878.7,53823.5,53852.9,0
1756710600,53850.25,53876.5,53841.45,53860.45,0
1756710900,53860.75,53885.7,53848.15,53869.25,0
1756711200,53868.8,53889.2,53850.95,53875.25,0
1756711500,53875.05,53883.4,53849.4,53871.2,0
1756711800,53870.1,53899.8,53851.75,53895.25,0
1756712100,53894.85,53914.85,53889.9,53912.9,0
1756712400,53910.45,53919.05,53886.4,53917.5,0
1756712700,53916.1,53938.85,53910.75,53921.15,0
1756713000,53919.85,53930.05,53902.9,53904.85,0
1756713300,53904.05,53917.95,53878.9,53910.05,0
1756713600,53913.85,53949.95,53909.45,53932.0,0
1756713900,53934.0,53947.95,53921.5,53937.7,0
1756714200,53939.75,53944.85,53903.15,53908.65,0
1756714500,53911.1,53918.9,53888.5,53901.3,0
1756714800,53905.05,53915.55,53884.75,53889.0,0
1756715100,53893.65,53919.0,53888.05,53896.7,0
1756715400,53897.8,53923.5,53892.55,53915.35,0
1756715700,53916.2,53932.45,53907.2,53926.5,0
1756716000,53931.2,53944.3,53923.95,53935.3,0
1756716300,53933.95,53938.35,53903.5,53908.7,0
1756716600,53908.0,53914.0,53893.35,53896.15,0
1756716900,53895.0,53901.05,53873.25,53875.0,0
1756717200,53880.2,53926.1,53878.4,53922.75,0
1756717500,53920.45,53926.0,53907.85,53920.35,0
1756717800,53919.7,53939.5,53914.5,53930.25,0
1756718100,53930.4,53932.45,53912.55,53925.95,0
1756718400,53924.35,53932.35,53907.4,53917.95,0
1756718700,53918.7,53970.65,53915.2,53968.8,0
1756719000,53970.85,54002.75,53959.7,53977.85,0
1756719300,53979.05,54014.8,53976.7,54011.65,0
1756719600,54009.15,54017.7,53990.4,54002.95,0
1756719900,54000.9,54015.15,53994.95,54007.15,0
1756720200,54008.6,54029.8,54003.75,54021.2,0
1756720500,54022.05,54035.85,53984.95,53993.4,0
1756784700,54038.25,54153.8,53925.1,53971.0,0
1756785000,53965.25,53978.2,53912.2,53952.1,0
1756785300,53947.1,53962.9,53916.55,53954.2,0
1756785600,53952.95,54035.0,53950.6,54023.75,0
1756785900,54023.0,54062.65,54012.2,54058.45,0
1756786200,54059.2,54068.9,54032.05,54058.15,0
1756786500,54058.05,54073.95,54052.25,54058.0,0
1756786800,54059.0,54100.55,54059.0,54086.75,0
1756787100,54087.5,54109.7,54056.65,54103.6,0
1756787400,54101.45,54158.45,54100.85,54155.95,0
1756787700,54154.6,54160.95,54116.35,54132.55,0
1756788000,54132.1,54140.2,54084.8,54096.9,0
1756788300,54096.65,54110.35,54062.45,54079.25,0
1756788600,54078.45,54091.9,54060.3,54067.05,0
1756788900,54069.15,54097.9,54054.45,54091.1,0
1756789200,54088.65,54108.7,54064.45,54074.35,0
1756789500,54071.55,54092.6,54045.85,54087.4,0
1756789800,54085.0,54117.65,54083.35,54111.85,0
1756790100,54107.0,54123.6,54100.55,54119.2,0
1756790400,54117.15,54127.25,54091.25,54127.25,0
1756790700,54128.5,54137.25,54109.75,54118.8,0
1756791000,54116.9,54140.45,54109.7,54112.2,0
1756791300,54111.3,54128.45,54083.2,54112.35,0
1756791600,54102.2,54137.35,54079.05,54104.55,0
1756791900,54101.2,54103.25,54055.7,54069.65,0
1756792200,54069.3,54077.45,54033.7,54043.7,0
1756792500,54044.45,54074.9,54035.35,54053.35,0
1756792800,54052.25,54073.45,54043.05,54069.15,0
1756793100,54069.8,54079.45,54052.5,54077.25,0
1756793400,54078.15,54083.6,54054.35,54073.4,0
1756793700,54075.1,54082.35,54027.55,54034.15,0
1756794000,54037.7,54045.2,54007.65,54015.1,0
1756794300,54016.6,54035.0,54003.75,54019.5,0
1756794600,54012.45,54045.7,54006.5,54041.7,0
1756794900,54035.2,54047.8,54025.9,54035.35,0
1756795200,54034.9,54043.95,54012.4,54016.95,0
1756795500,54018.2,54023.35,53980.5,53991.55,0
1756795800,53991.5,54019.15,53976.0,54015.7,0
1756796100,54015.7,54044.3,54008.2,54037.15,0
1756796400,54039.3,54081.8,54022.2,54068.45,0
1756796700,54071.4,54093.25,54043.65,54081.85,0
1756797000,54093.8,54093.8,54039.95,54046.55,0
1756797300,54044.9,54062.9,54027.35,54057.4,0
1756797600,54054.65,54064.45,54038.55,54046.3,0
1756797900,54046.1,54049.3,54030.6,54041.25,0
1756798200,54040.0,54055.9,54019.1,54028.95,0
1756798500,54027.7,54041.6,54006.5,54012.2,0
1756798800,54012.3,54022.65,53961.75,53985.6,0
1756799100,53987.25,53998.1,53934.55,53951.05,0
1756799400,53948.45,53958.2,53892.25,53906.0,0
1756799700,53906.25,53924.05,53867.4,53885.5,0
1756800000,53890.2,53922.85,53873.25,53894.7,0
1756800300,53890.8,53914.3,53870.75,53895.05,0
1756800600,53893.75,53896.75,53806.65,53818.55,0
1756800900,53817.1,53852.0,53797.9,53850.5,0
1756801200,53845.0,53854.95,53757.25,53765.85,0
1756801500,53763.1,53767.2,53703.15,53712.0,0
1756801800,53721.45,53727.95,53631.05,53649.45,0
1756802100,53645.3,53654.2,53578.0,53638.2,0
1756802400,53628.45,53690.35,53628.45,53652.5,0
1756802700,53643.3,53691.9,53637.95,53678.85,0
1756803000,53669.35,53734.85,53640.45,53646.2,0
1756803300,53644.7,53674.8,53624.2,53645.65,0
1756803600,53655.75,53690.35,53646.2,53669.0,0
1756803900,53671.55,53738.3,53662.65,53677.2,0
1756804200,53680.8,53730.5,53672.85,53708.9,0
1756804500,53718.15,53765.95,53701.05,53710.65,0
1756804800,53711.3,53732.4,53652.55,53658.15,0
1756805100,53657.85,53700.0,53655.75,53679.5,0
1756805400,53681.55,53692.05,53645.5,53665.0,0
1756805700,53667.4,53695.5,53655.4,53679.45,0
1756806000,53680.75,53690.5,53667.5,53670.2,0
1756806300,53675.55,53691.1,53646.45,53663.9,0
1756806600,53665.9,53668.8,53637.8,53644.6,0
1756806900,53646.0,53654.7,53619.9,53627.25,0
1756871100,53630.75,53709.45,53568.5,53584.9,0
1756871400,53585.3,53624.8,53561.75,53603.25,0
1756871700,53609.8,53743.6,53609.8,53736.2,0
1756872000,53740.3,53744.7,53662.4,53694.95,0
1756872300,53695.7,53717.05,53625.6,53637.7,0
1756872600,53638.0,53667.4,53627.1,53644.75,0
1756872900,53646.0,53740.2,53641.6,53732.05,0
1756873200,53736.35,53776.45,53729.85,53753.7,0
1756873500,53754.05,53761.95,53725.15,53737.25,0
1756873800,53737.65,53811.3,53735.4,53810.75,0
1756874100,53801.1,53866.75,53797.35,53850.25,0
1756874400,53852.5,53862.25,53842.3,53853.7,0
1756874700,53851.85,53855.35,53782.6,53790.75,0
1756875000,53788.5,53825.15,53773.4,53818.95,0
1756875300,53818.35,53833.75,53810.4,53817.55,0
1756875600,53817.15,53822.6,53764.55,53764.95,0
1756875900,53767.45,53771.05,53703.05,53709.5,0
1756876200,53709.15,53728.3,53700.1,53707.55,0
1756876500,53703.55,53714.0,53676.65,53701.7,0
1756876800,53701.1,53720.55,53675.45,53689.35,0
1756877100,53695.25,53735.85,53689.65,53725.95,0
1756877400,53726.45,53743.15,53705.45,53709.2,0
1756877700,53707.85,53719.85,53667.3,53706.95,0
1756878000,53704.25,53735.9,53704.25,53706.5,0
1756878300,53705.0,53719.65,53665.8,53712.35,0
1756878600,53720.4,53750.75,53671.65,53681.7,0
1756878900,53684.6,53713.75,53674.3,53696.75,0
1756879200,53698.85,53702.5,53672.9,53680.25,0
1756879500,53679.05,53712.6,53669.55,53701.05,0
1756879800,53704.4,53707.75,53689.7,53694.1,0
1756880100,53696.7,53697.35,53664.7,53669.75,0
1756880400,53671.4,53685.85,53647.75,53675.7,0
1756880700,53680.5,53721.5,53669.8,53718.05,0
1756881000,53721.05,53738.7,53710.0,53716.65,0
1756881300,53716.15,53728.7,53700.9,53718.8,0
1756881600,53713.8,53755.15,53710.1,53750.95,0
1756881900,53749.5,53775.6,53740.7,53771.9,0
1756882200,53772.05,53814.65,53767.15,53797.0,0
1756882500,53798.3,53800.2,53745.7,53777.95,0
1756882800,53775.1,53791.85,53772.55,53782.75,0
1756883100,53785.15,53803.9,53767.55,53803.2,0
1756883400,53802.25,53803.6,53734.05,53744.85,0
1756883700,53740.55,53771.55,53702.1,53710.2,0
1756884000,53706.55,53723.65,53669.9,53687.5,0
1756884300,53680.9,53698.35,53633.95,53656.55,0
1756884600,53657.0,53670.5,53645.2,53663.25,0
1756884900,53662.2,53713.05,53661.55,53687.7,0
1756885200,53688.8,53694.65,53662.25,53679.85,0
1756885500,53680.95,53705.9,53679.45,53704.25,0
1756885800,53704.2,53733.2,53694.85,53697.65,0
1756886100,53698.7,53705.85,53670.95,53690.8,0
1756886400,53690.0,53733.35,53681.2,53692.2,0
1756886700,53695.9,53700.35,53669.45,53696.4,0
1756887000,53696.4,53741.55,53694.35,53733.9,0
1756887300,53733.1,53779.6,53729.1,53776.7,0
1756887600,53782.2,53812.15,53769.15,53799.35,0
1756887900,53800.65,53823.55,53787.1,53814.5,0
1756888200,53814.95,53824.25,53789.45,53815.3,0
1756888500,53812.35,53874.05,53810.7,53870.45,0
1756888800,53872.35,53892.3,53846.7,53862.8,0
1756889100,53863.5,53894.25,53859.45,53882.65,0
1756889400,53881.65,53888.45,53856.7,53874.3,0
1756889700,53872.8,53898.1,53867.6,53891.45,0
1756890000,53888.3,53953.1,53888.3,53947.6,0
1756890300,53944.5,53962.15,53934.75,53956.6,0
1756890600,53953.95,53963.7,53912.3,53930.9,0
1756890900,53929.75,53962.4,53921.6,53939.0,0
1756891200,53936.2,53993.0,53933.3,53986.1,0
1756891500,53985.25,53997.65,53947.5,53979.55,0
1756891800,53975.7,54051.85,53965.6,54047.85,0
1756892100,54045.1,54067.85,54035.8,54065.05,0
1756892400,54065.8,54136.15,54065.8,54096.1,0
1756892700,54093.7,54095.95,54053.4,54080.4,0
1756893000,54081.3,54100.8,54067.9,54075.85,0
1756893300,54076.95,54087.55,54028.0,54071.75,0
1756957500,54379.6,54450.55,54202.0,54259.1,0
1756957800,54259.7,54264.4,54195.7,54237.85,0
1756958100,54245.5,54325.95,54211.3,54318.3,0
1756958400,54325.85,54384.8,54323.0,54379.85,0
1756958700,54381.25,54391.85,54327.5,54347.55,0
1756959000,54346.35,54376.85,54313.1,54313.1,0
1756959300,54308.6,54374.35,54300.95,54372.95,0
1756959600,54372.9,54417.45,54358.75,54416.15,0
1756959900,54411.95,54420.25,54367.05,54367.45,0
1756960200,54366.1,54395.3,54360.4,54367.4,0
1756960500,54369.1,54383.8,54300.35,54301.35,0
1756960800,54296.75,54314.0,54217.2,54221.2,0
1756961100,54218.05,54279.5,54190.55,54274.15,0
1756961400,54275.15,54307.25,54266.7,54300.3,0
1756961700,54297.95,54300.65,54230.7,54230.7,0
1756962000,54237.1,54256.7,54217.95,54253.6,0
1756962300,54254.4,54256.1,54197.7,54197.7,0
1756962600,54198.2,54205.9,54145.65,54195.45,0
1756962900,54196.3,54232.4,54178.55,54218.75,0
1756963200,54222.35,54260.25,54221.7,54247.8,0
1756963500,54247.55,54247.55,54195.2,54227.4,0
1756963800,54224.95,54263.85,54213.95,54221.55,0
1756964100,54217.85,54245.65,54202.75,54203.9,0
1756964400,54207.0,54220.7,54193.9,54198.0,0
1756964700,54197.65,54224.2,54183.1,54201.6,0
1756965000,54201.7,54214.7,54171.15,54181.9,0
1756965300,54182.85,54250.2,54176.5,54249.1,0
1756965600,54247.45,54261.25,54194.2,54215.1,0
1756965900,54216.2,54226.7,54175.7,54195.75,0
1756966200,54187.3,54230.3,54180.15,54193.1,0
1756966500,54191.95,54211.8,54175.85,54187.3,0
1756966800,54187.7,54196.45,54146.0,54194.2,0
1756967100,54197.0,54204.4,54164.2,54190.8,0
1756967400,54190.0,54232.75,54161.7,54228.85,0
1756967700,54228.75,54249.0,54185.4,54200.0,0
1756968000,54199.55,54203.85,54132.25,54181.15,0
1756968300,54187.15,54202.8,54139.0,54151.8,0
1756968600,54152.35,54161.3,54117.55,54128.55,0
1756968900,54128.55,54155.65,54107.9,54140.4,0
1756969200,54142.0,54201.5,54141.2,54183.95,0
1756969500,54187.45,54232.15,54173.85,54207.9,0
1756969800,54207.9,54251.85,54180.2,54247.8,0
1756970100,54247.7,54273.7,54237.9,54257.05,0
1756970400,54255.7,54257.8,54216.15,54242.8,0
1756970700,54241.2,54255.95,54224.0,54250.4,0
1756971000,54247.5,54273.95,54220.5,54256.6,0
1756971300,54259.6,54268.35,54224.9,54237.75,0
1756971600,54233.3,54262.35,54194.45,54221.7,0
1756971900,54222.5,54257.05,54197.05,54221.0,0
1756972200,54214.35,54259.85,54207.4,54245.45,0
1756972500,54245.35,54250.2,54218.05,54244.3,0
1756972800,54242.25,54272.85,54235.05,54262.5,0
1756973100,54261.25,54272.95,54227.2,54245.2,0
1756973400,54244.4,54250.2,54185.35,54197.3,0
1756973700,54193.9,54197.2,54152.5,54157.35,0
1756974000,54157.95,54219.25,54124.75,54185.3,0
1756974300,54184.8,54207.05,54159.45,54179.75,0
1756974600,54179.65,54221.2,54161.45,54196.3,0
1756974900,54197.0,54197.55,54157.95,54167.95,0
1756975200,54167.25,54170.25,54095.1,54112.55,0
1756975500,54112.8,54115.15,54059.9,54078.15,0
1756975800,54077.9,54109.8,53978.85,53990.1,0
1756976100,53991.05,54028.0,53971.85,54009.95,0
1756976400,54012.65,54108.05,54008.75,54078.15,0
1756976700,54072.9,54090.95,54034.05,54038.7,0
1756977000,54036.9,54139.4,54021.5,54116.75,0
1756977300,54115.3,54128.9,54069.2,54104.7,0
1756977600,54102.95,54137.9,54048.25,54076.5,0
1756977900,54076.4,54175.0,54068.7,54081.25,0
1756978200,54082.65,54121.65,54059.8,54067.1,0
1756978500,54070.2,54105.45,54055.7,54075.45,0
1756978800,54075.05,54090.5,54025.4,54041.0,0
1756979100,54044.1,54077.95,54037.3,54077.9,0
1756979400,54077.65,54108.7,54076.65,54097.8,0
1756979700,54095.45,54111.25,54049.9,54101.1,0
1757043900,54308.05,54308.05,54134.9,54235.15,0
1757044200,54229.25,54256.9,54163.75,54174.0,0
1757044500,54175.5,54186.3,54109.6,54122.3,0
1757044800,54127.95,54162.5,54124.25,54136.0,0
1757045100,54139.5,54139.5,54059.95,54074.0,0
1757045400,54074.8,54076.4,54040.25,54046.05,0
1757045700,54043.65,54075.6,54026.7,54066.75,0
1757046000,54068.7,54093.75,54044.5,54079.35,0
1757046300,54080.1,54084.65,54000.25,54018.05,0
1757046600,54020.15,54037.15,53977.8,53988.3,0
1757046900,53988.95,54013.0,53987.15,53989.1,0
1757047200,53989.4,53991.9,53881.45,53882.9,0
1757047500,53883.25,53884.2,53810.6,53814.05,0
1757047800,53814.9,53839.15,53746.2,53830.2,0
1757048100,53838.55,53937.35,53838.05,53901.9,0
1757048400,53902.65,53906.6,53816.05,53823.85,0
1757048700,53822.95,53889.8,53811.15,53870.8,0
1757049000,53872.35,53882.8,53851.35,53872.7,0
1757049300,53874.8,53886.05,53844.1,53858.55,0
1757049600,53858.8,53866.3,53806.55,53819.2,0
1757049900,53817.65,53874.9,53811.5,53853.15,0
1757050200,53852.25,53877.65,53830.55,53874.95,0
1757050500,53878.7,53878.75,53855.3,53869.4,0
1757050800,53868.3,53896.0,53862.85,53884.4,0
1757051100,53884.05,53885.55,53844.6,53870.3,0
1757051400,53869.4,53886.75,53847.6,53849.65,0
1757051700,53851.15,53901.8,53840.9,53899.7,0
1757052000,53899.75,53920.25,53872.5,53876.9,0
1757052300,53877.7,53904.55,53861.65,53883.4,0
1757052600,53882.6,53887.95,53842.9,53857.3,0
1757052900,53857.1,53864.95,53829.95,53850.35,0
1757053200,53852.85,53866.8,53833.75,53839.5,0
1757053500,53840.2,53846.25,53823.9,53838.3,0
1757053800,53837.35,53840.55,53819.4,53822.95,0
1757054100,53820.9,53852.2,53820.7,53845.7,0
1757054400,53845.55,53846.6,53800.2,53800.2,0
1757054700,53802.7,53803.3,53762.1,53772.9,0
1757055000,53776.5,53812.15,53770.75,53789.7,0
1757055300,53789.7,53794.55,53776.8,53790.05,0
1757055600,53791.7,53808.25,53723.35,53735.1,0
1757055900,53738.05,53763.5,53719.55,53760.95,0
1757056200,53761.2,53772.75,53742.25,53750.7,0
1757056500,53752.65,53756.8,53722.2,53733.3,0
1757056800,53734.0,53755.5,53724.0,53749.6,0
1757057100,53749.6,53767.45,53744.0,53754.55,0
1757057400,53754.75,53798.9,53753.2,53759.1,0
1757057700,53760.75,53784.7,53760.75,53782.7,0
1757058000,53782.7,53815.0,53779.85,53811.55,0
1757058300,53813.95,53855.55,53809.8,53825.3,0
1757058600,53825.55,53831.35,53798.35,53829.05,0
1757058900,53831.7,53891.2,53823.45,53866.35,0
1757059200,53867.65,53924.2,53863.9,53920.7,0
1757059500,53921.45,53962.95,53905.4,53949.55,0
1757059800,53949.65,53954.0,53929.95,53945.2,0
1757060100,53947.8,54068.55,53947.8,54018.8,0
1757060400,54020.4,54026.4,53983.6,54024.7,0
1757060700,54023.65,54097.2,54016.1,54085.45,0
1757061000,54082.1,54139.9,54079.9,54088.5,0
1757061300,54089.55,54090.65,54016.7,54031.75,0
1757061600,54031.0,54058.3,54010.15,54028.65,0
1757061900,54034.35,54057.6,54014.75,54053.25,0
1757062200,54053.4,54108.5,54050.3,54102.1,0
1757062500,54103.3,54132.3,54077.45,54116.2,0
1757062800,54116.6,54150.55,54091.0,54091.85,0
1757063100,54091.9,54102.3,54037.6,54049.2,0
1757063400,54050.1,54101.65,54040.25,54056.95,0
1757063700,54057.35,54087.25,54056.25,54068.3,0
1757064000,54066.8,54128.6,54066.6,54124.95,0
1757064300,54126.15,54172.45,54122.1,54165.75,0
1757064600,54158.6,54167.95,54078.15,54092.05,0
1757064900,54095.0,54145.3,54084.1,54137.75,0
1757065200,54134.8,54161.7,54092.2,54093.75,0
1757065500,54094.25,54119.5,54078.7,54092.7,0
1757065800,54094.65,54127.7,54079.8,54111.6,0
1757066100,54111.7,54127.3,54082.65,54098.2,0
1757303100,54215.4,54233.55,54093.25,54177.05,0
1757303400,54174.4,54217.25,54088.7,54108.15,0
1757303700,54107.1,54202.65,54107.1,54178.2,0
1757304000,54179.15,54266.1,54161.5,54257.5,0
1757304300,54263.75,54307.65,54244.6,54300.05,0
1757304600,54294.65,54329.2,54280.8,54296.95,0
1757304900,54296.2,54299.7,54241.9,54258.95,0
1757305200,54261.85,54266.75,54147.2,54148.0,0
1757305500,54151.0,54178.8,54135.45,54148.55,0
1757305800,54149.05,54214.55,54145.1,54209.75,0
1757306100,54212.2,54239.65,54183.55,54189.35,0
1757306400,54189.45,54240.35,54166.1,54166.95,0
1757306700,54167.95,54204.05,54146.65,54186.45,0
1757307000,54186.4,54196.3,54157.25,54164.25,0
1757307300,54164.9,54206.05,54136.5,54145.35,0
1757307600,54142.35,54149.55,54083.0,54122.65,0
1757307900,54118.4,54122.6,54067.15,54116.05,0
1757308200,54116.05,54154.75,54112.7,54142.9,0
1757308500,54146.15,54177.95,54116.7,54137.3,0
1757308800,54138.95,54138.95,54085.15,54089.25,0
1757309100,54092.9,54111.75,54083.3,54105.3,0
1757309400,54103.75,54118.9,54078.05,54107.6,0
1757309700,54106.15,54143.85,54089.75,54140.55,0
1757310000,54139.95,54210.5,54136.0,54207.7,0
1757310300,54210.15,54270.35,54207.6,54250.45,0
1757310600,54250.35,54250.35,54199.05,54201.45,0
1757310900,54201.9,54269.95,54201.9,54266.85,0
1757311200,54266.2,54299.05,54240.95,54290.55,0
1757311500,54291.5,54298.3,54272.2,54282.15,0
1757311800,54286.5,54314.4,54272.4,54305.8,0
1757312100,54302.7,54310.55,54287.8,54295.2,0
1757312400,54296.5,54296.7,54260.35,54265.25,0
1757312700,54264.7,54272.7,54232.65,54269.35,0
1757313000,54270.0,54308.45,54262.95,54308.45,0
1757313300,54305.85,54315.85,54285.65,54286.9,0
1757313600,54286.2,54303.8,54266.0,54303.8,0
1757313900,54302.0,54306.4,54279.5,54294.0,0
1757314200,54292.3,54299.75,54264.85,54268.35,0
1757314500,54271.55,54279.35,54253.75,54279.25,0
1757314800,54274.4,54279.7,54239.15,54271.45,0
1757315100,54273.6,54314.5,54270.75,54309.5,0
1757315400,54310.1,54358.7,54307.75,54339.0,0
1757315700,54339.6,54361.65,54323.1,54333.3,0
1757316000,54335.3,54349.35,54315.75,54347.15,0
1757316300,54348.45,54358.95,54331.8,54347.1,0
1757316600,54348.35,54358.5,54329.85,54343.9,0
1757316900,54343.8,54371.4,54341.4,54368.0,0
1757317200,54369.8,54382.8,54350.95,54366.5,0
1757317500,54366.65,54378.2,54332.3,54340.55,0
1757317800,54341.55,54346.95,54317.8,54329.05,0
1757318100,54328.0,54340.05,54310.45,54335.7,0
1757318400,54342.2,54352.8,54314.75,54335.55,0
1757318700,54339.2,54343.85,54319.75,54336.3,0
1757319000,54341.35,54348.75,54308.9,54336.0,0
1757319300,54339.6,54339.6,54296.3,54313.5,0
1757319600,54314.7,54324.25,54282.5,54284.6,0
1757319900,54283.7,54331.0,54283.55,54317.3,0
1757320200,54323.8,54343.4,54310.3,54313.1,0
1757320500,54315.65,54317.45,54280.6,54313.55,0
1757320800,54312.7,54331.15,54295.35,54326.3,0
1757321100,54328.55,54366.65,54322.25,54365.4,0
1757321400,54364.85,54370.6,54337.8,54347.45,0
1757321700,54351.2,54377.8,54346.1,54370.5,0
1757322000,54376.0,54483.0,54372.3,54470.0,0
1757322300,54474.15,54514.35,54462.65,54493.9,0
1757322600,54496.45,54518.7,54488.3,54492.15,0
1757322900,54492.0,54492.0,54204.85,54250.75,0
1757323200,54249.3,54330.4,54249.3,54323.15,0
1757323500,54328.35,54338.6,54286.5,54324.0,0
1757323800,54321.9,54324.1,54188.15,54209.65,0
1757324100,54209.65,54219.75,54172.95,54177.65,0
1757324400,54173.7,54197.8,54137.1,54184.85,0
1757324700,54182.65,54190.65,54158.65,54171.55,0
1757325000,54171.65,54227.25,54153.95,54218.15,0
1757325300,54219.75,54257.85,54157.4,54222.3,0
1757389500,54330.55,54350.65,54257.05,54293.4,0
1757389800,54292.25,54330.45,54246.75,54246.75,0
1757390100,54247.3,54275.35,54210.4,54251.9,0
1757390400,54251.85,54281.95,54191.1,54209.9,0
1757390700,54209.25,54245.85,54194.8,54223.4,0
1757391000,54225.55,54253.35,54209.85,54248.5,0
1757391300,54249.3,54275.45,54244.2,54255.55,0
1757391600,54254.4,54275.3,54246.15,54273.7,0
1757391900,54273.85,54275.35,54232.7,54236.6,0
1757392200,54238.55,54239.45,54214.75,54235.0,0
1757392500,54236.8,54246.3,54219.5,54219.5,0
1757392800,54220.2,54229.95,54188.3,54197.05,0
1757393100,54200.85,54217.0,54173.75,54192.15,0
1757393400,54190.35,54200.6,54172.9,54180.25,0
1757393700,54180.25,54186.2,54167.05,54179.95,0
1757394000,54179.9,54204.75,54160.15,54197.85,0
1757394300,54201.95,54204.2,54152.65,54156.8,0
1757394600,54156.8,54176.55,54146.7,54168.8,0
1757394900,54171.55,54171.55,54141.3,54141.6,0
1757395200,54146.5,54162.95,54134.15,54136.3,0
1757395500,54136.3,54191.55,54133.7,54185.45,0
1757395800,54185.35,54202.45,54164.9,54167.9,0
1757396100,54165.9,54183.9,54159.8,54181.35,0
1757396400,54180.4,54198.55,54146.15,54176.35,0
1757396700,54173.0,54179.2,54146.65,54166.1,0
1757397000,54163.75,54217.45,54162.95,54189.4,0
1757397300,54179.7,54198.8,54152.95,54163.5,0
1757397600,54162.4,54168.25,54141.05,54163.75,0
1757397900,54157.3,54198.8,54149.55,54158.05,0
1757398200,54156.4,54170.45,54146.5,54167.7,0
1757398500,54165.6,54167.8,54142.25,54146.05,0
1757398800,54143.2,54160.35,54131.9,54136.15,0
1757399100,54135.65,54178.95,54135.65,54174.3,0
1757399400,54173.6,54177.1,54134.35,54138.0,0
1757399700,54137.7,54145.0,54079.45,54090.15,0
1757400000,54091.6,54135.15,54082.6,54127.25,0
1757400300,54127.45,54166.6,54123.9,54160.35,0
1757400600,54160.75,54194.65,54154.5,54157.35,0
1757400900,54156.0,54167.75,54117.35,54127.15,0
1757401200,54126.55,54175.65,54123.8,54175.5,0
1757401500,54175.25,54187.15,54149.75,54151.45,0
1757401800,54152.15,54161.1,54138.5,54147.5,0
1757402100,54145.05,54182.55,54141.95,54166.05,0
1757402400,54165.65,54181.15,54143.15,54147.85,0
1757402700,54144.65,54144.65,54092.3,54137.6,0
1757403000,54134.55,54153.45,54123.3,54150.55,0
1757403300,54149.65,54171.1,54148.6,54160.15,0
1757403600,54161.55,54179.4,54132.45,54154.9,0
1757403900,54156.8,54180.3,54139.7,54163.75,0
1757404200,54167.25,54185.2,54163.75,54178.75,0
1757404500,54178.55,54193.35,54176.2,54180.85,0
1757404800,54182.1,54203.7,54180.45,54193.1,0
1757405100,54191.9,54212.2,54176.5,54196.4,0
1757405400,54194.25,54220.5,54176.8,54192.85,0
1757405700,54190.3,54198.55,54165.35,54177.15,0
1757406000,54176.35,54204.7,54172.0,54186.75,0
1757406300,54184.45,54204.15,54178.4,54189.05,0
1757406600,54186.25,54215.15,54162.35,54204.75,0
1757406900,54206.9,54239.45,54203.55,54218.85,0
1757407200,54218.7,54252.15,54208.7,54244.9,0
1757407500,54244.6,54259.7,54222.65,54240.6,0
1757407800,54236.55,54238.8,54194.8,54203.5,0
1757408100,54199.45,54281.6,54195.45,54248.25,0
1757408400,54248.1,54291.95,54234.65,54245.5,0
1757408700,54245.75,54245.75,54145.35,54225.5,0
1757409000,54222.05,54243.0,54182.45,54183.0,0
1757409300,54180.1,54223.45,54169.7,54217.8,0
1757409600,54218.0,54237.65,54188.55,54234.95,0
1757409900,54235.75,54262.95,54216.25,54237.25,0
1757410200,54234.3,54251.1,54206.5,54216.0,0
1757410500,54214.7,54226.2,54182.7,54191.9,0
1757410800,54189.55,54238.55,54172.85,54225.7,0
1757411100,54219.9,54230.15,54196.0,54199.95,0
1757411400,54199.95,54240.95,54197.15,54222.05,0
1757411700,54217.6,54241.4,54176.85,54228.2,0
1757475900,54554.75,54554.75,54400.0,54472.75,0
1757476200,54469.0,54494.5,54422.05,54424.85,0
1757476500,54424.05,54470.35,54417.05,54470.35,0
1757476800,54468.8,54491.1,54468.35,54488.85,0
1757477100,54490.7,54492.95,54444.35,54482.25,0
1757477400,54482.05,54530.25,54476.15,54519.8,0
1757477700,54520.5,54526.4,54468.65,54492.45,0
1757478000,54490.25,54498.55,54443.25,54467.55,0
1757478300,54468.55,54503.95,54460.25,54481.4,0
1757478600,54482.6,54500.15,54471.2,54482.35,0
1757478900,54482.85,54502.35,54479.2,54489.1,0
1757479200,54490.0,54510.25,54478.9,54500.95,0
1757479500,54499.0,54567.55,54499.0,54561.35,0
1757479800,54562.55,54605.55,54558.95,54601.3,0
1757480100,54600.8,54678.45,54600.35,54651.8,0
1757480400,54654.25,54705.2,54622.5,54633.05,0
1757480700,54633.25,54655.4,54577.85,54590.65,0
1757481000,54590.75,54598.6,54552.35,54568.25,0
1757481300,54568.05,54573.85,54540.0,54569.95,0
1757481600,54571.1,54616.25,54559.3,54612.5,0
1757481900,54613.05,54621.4,54584.75,54604.6,0
1757482200,54604.3,54626.5,54598.15,54616.5,0
1757482500,54616.95,54663.1,54606.15,54657.9,0
1757482800,54656.85,54667.25,54625.1,54627.15,0
1757483100,54627.55,54635.4,54571.05,54578.65,0
1757483400,54577.3,54581.2,54536.6,54576.6,0
1757483700,54577.15,54581.4,54542.5,54547.0,0
1757484000,54548.9,54573.4,54533.35,54571.8,0
1757484300,54572.7,54602.7,54568.85,54600.7,0
1757484600,54600.7,54609.45,54568.4,54570.6,0
1757484900,54568.75,54571.35,54535.6,54565.15,0
1757485200,54561.65,54588.8,54539.8,54584.55,0
1757485500,54584.55,54606.1,54570.9,54581.8,0
1757485800,54586.0,54623.65,54576.5,54583.65,0
1757486100,54586.2,54612.6,54573.05,54601.75,0
1757486400,54599.75,54619.5,54593.65,54596.55,0
1757486700,54596.4,54629.35,54596.4,54620.45,0
1757487000,54619.9,54626.5,54582.7,54598.2,0
1757487300,54594.95,54626.0,54594.35,54613.2,0
1757487600,54613.6,54621.05,54597.0,54611.4,0
1757487900,54611.25,54618.05,54576.6,54589.15,0
1757488200,54589.0,54608.8,54587.4,54604.25,0
1757488500,54604.9,54612.1,54583.6,54583.8,0
1757488800,54585.7,54596.05,54564.4,54569.3,0
1757489100,54567.8,54580.4,54552.5,54572.55,0
1757489400,54571.95,54572.35,54545.95,54554.65,0
1757489700,54556.2,54578.5,54548.4,54563.75,0
1757490000,54558.75,54568.3,54504.3,54506.6,0
1757490300,54506.65,54518.8,54477.4,54485.5,0
1757490600,54487.6,54515.35,54480.15,54512.95,0
1757490900,54511.7,54544.0,54504.8,54538.4,0
1757491200,54539.25,54543.85,54507.6,54519.9,0
1757491500,54519.4,54532.7,54504.2,54531.15,0
1757491800,54530.4,54559.8,54529.0,54556.7,0
1757492100,54557.8,54562.55,54542.25,54547.25,0
1757492400,54546.85,54564.7,54540.35,54555.75,0
1757492700,54559.2,54586.8,54544.65,54563.4,0
1757493000,54566.45,54569.5,54550.55,54558.75,0
1757493300,54560.05,54607.9,54555.45,54585.25,0
1757493600,54586.15,54598.3,54562.3,54565.5,0
1757493900,54566.5,54572.6,54506.55,54516.2,0
1757494200,54516.0,54541.1,54506.55,54530.25,0
1757494500,54530.65,54536.9,54493.05,54526.3,0
1757494800,54527.75,54544.3,54510.65,54525.05,0
1757495100,54524.05,54552.1,54520.35,54531.6,0
1757495400,54529.55,54532.15,54432.7,54441.5,0
1757495700,54442.65,54528.8,54442.65,54495.0,0
1757496000,54496.6,54514.25,54491.9,54500.35,0
1757496300,54499.45,54517.65,54459.7,54471.45,0
1757496600,54470.45,54528.55,54470.45,54526.6,0
1757496900,54526.8,54563.05,54525.3,54553.5,0
1757497200,54546.1,54557.05,54536.35,54552.9,0
1757497500,54553.35,54565.5,54536.3,54539.15,0
1757497800,54539.9,54551.95,54513.85,54541.1,0
1757498100,54541.65,54555.8,54513.1,54532.65,0
1757562300,54413.05,54532.95,54402.4,54519.5,0
1757562600,54518.6,54597.25,54511.7,54594.3,0
1757562900,54594.2,54634.45,54578.1,54605.05,0
1757563200,54604.95,54611.85,54568.8,54607.9,0
1757563500,54606.55,54649.85,54587.1,54643.15,0
1757563800,54641.95,54642.45,54589.25,54601.15,0
1757564100,54600.5,54615.4,54585.5,54609.8,0
1757564400,54607.55,54621.25,54599.9,54602.15,0
1757564700,54600.85,54603.95,54580.9,54593.85,0
1757565000,54597.8,54604.3,54547.95,54571.25,0
1757565300,54570.6,54574.35,54532.3,54532.3,0
1757565600,54532.75,54555.85,54526.5,54547.85,0
1757565900,54548.65,54569.9,54543.55,54565.8,0
1757566200,54564.35,54576.35,54546.15,54562.05,0
1757566500,54562.85,54574.0,54540.7,54565.35,0
1757566800,54565.65,54585.05,54557.45,54567.0,0
1757567100,54572.95,54584.4,54559.2,54573.05,0
1757567400,54573.75,54589.45,54566.35,54573.35,0
1757567700,54568.75,54601.6,54560.7,54593.95,0
1757568000,54594.2,54601.55,54558.9,54580.05,0
1757568300,54580.05,54615.6,54573.2,54602.1,0
1757568600,54601.3,54630.65,54593.3,54611.8,0
1757568900,54613.35,54626.0,54600.35,54617.6,0
1757569200,54617.6,54625.95,54604.25,54618.6,0
1757569500,54621.6,54634.75,54613.45,54617.0,0
1757569800,54617.8,54638.6,54570.3,54570.45,0
1757570100,54570.45,54602.55,54570.45,54591.05,0
1757570400,54591.35,54599.95,54569.4,54590.3,0
1757570700,54590.85,54594.35,54551.8,54553.5,0
1757571000,54554.6,54569.2,54531.05,54555.65,0
1757571300,54560.8,54596.8,54548.95,54572.25,0
1757571600,54572.4,54604.0,54572.4,54585.8,0
1757571900,54590.1,54623.05,54582.95,54611.15,0
1757572200,54614.85,54622.55,54596.4,54615.95,0
1757572500,54619.2,54626.6,54602.8,54606.25,0
1757572800,54606.5,54646.25,54605.6,54642.5,0
1757573100,54645.45,54680.05,54637.55,54678.55,0
1757573400,54677.7,54721.7,54665.2,54708.55,0
1757573700,54705.45,54726.05,54692.2,54711.1,0
1757574000,54714.4,54720.6,54675.0,54691.4,0
1757574300,54687.85,54697.05,54664.45,54678.4,0
1757574600,54678.75,54688.3,54670.55,54674.45,0
1757574900,54676.05,54694.35,54664.05,54688.95,0
1757575200,54689.45,54714.65,54686.25,54706.7,0
1757575500,54707.1,54725.45,54670.65,54710.75,0
1757575800,54711.15,54723.95,54693.85,54716.1,0
1757576100,54720.55,54733.9,54699.95,54704.2,0
1757576400,54703.4,54714.75,54690.2,54699.0,0
1757576700,54699.55,54705.0,54667.55,54667.55,0
1757577000,54673.5,54687.65,54658.75,54674.7,0
1757577300,54670.95,54724.05,54665.65,54724.05,0
1757577600,54723.6,54731.25,54672.5,54694.4,0
1757577900,54694.9,54723.25,54684.1,54705.65,0
1757578200,54703.15,54739.8,54702.45,54727.75,0
1757578500,54726.55,54745.1,54695.2,54723.05,0
1757578800,54719.8,54750.85,54687.95,54728.45,0
1757579100,54728.7,54738.45,54676.45,54710.85,0
1757579400,54711.05,54738.4,54686.1,54725.95,0
1757579700,54725.45,54744.9,54715.5,54743.2,0
1757580000,54743.4,54746.95,54718.75,54734.5,0
1757580300,54735.7,54745.95,54699.9,54739.3,0
1757580600,54739.25,54757.45,54714.7,54739.6,0
1757580900,54740.25,54745.35,54714.85,54715.05,0
1757581200,54717.1,54718.6,54616.95,54671.95,0
1757581500,54676.8,54701.65,54612.8,54682.9,0
1757581800,54680.8,54689.85,54663.15,54686.9,0
1757582100,54687.6,54723.1,54667.8,54693.85,0
1757582400,54696.1,54701.9,54644.25,54695.95,0
1757582700,54696.5,54708.35,54630.65,54691.55,0
1757583000,54700.2,54702.45,54660.35,54683.45,0
1757583300,54688.65,54702.25,54649.55,54674.8,0
1757583600,54679.6,54709.55,54633.45,54651.3,0
1757583900,54651.0,54693.35,54646.0,54667.8,0
1757584200,54668.0,54674.65,54625.9,54655.0,0
1757584500,54652.85,54665.05,54628.7,54644.6,0
1757648700,54781.55,54847.7,54673.75,54680.6,0
1757649000,54689.75,54693.1,54602.9,54603.15,0
1757649300,54604.0,54652.1,54580.35,54647.35,0
1757649600,54647.15,54653.9,54602.9,54608.45,0
1757649900,54608.25,54642.15,54584.35,54624.95,0
1757650200,54624.5,54644.05,54601.4,54630.55,0
1757650500,54634.35,54702.7,54625.5,54699.0,0
1757650800,54698.3,54710.5,54680.55,54681.8,0
1757651100,54682.45,54696.6,54669.95,54695.2,0
1757651400,54693.5,54721.85,54691.0,54702.4,0
1757651700,54704.5,54714.85,54690.2,54702.95,0
1757652000,54702.95,54703.55,54682.95,54684.95,0
1757652300,54687.55,54690.85,54649.3,54656.2,0
1757652600,54656.1,54684.1,54653.45,54667.95,0
1757652900,54667.95,54683.05,54666.75,54676.95,0
1757653200,54678.15,54684.0,54672.15,54677.55,0
1757653500,54678.05,54719.8,54673.3,54718.55,0
1757653800,54719.55,54726.2,54707.55,54710.55,0
1757654100,54711.5,54714.35,54694.0,54708.6,0
1757654400,54708.9,54714.7,54694.0,54697.85,0
1757654700,54697.05,54708.2,54681.8,54693.35,0
1757655000,54694.35,54720.2,54674.1,54711.1,0
1757655300,54711.7,54739.45,54697.4,54738.95,0
1757655600,54739.6,54745.4,54726.15,54731.85,0
1757655900,54733.75,54766.6,54723.45,54748.95,0
1757656200,54751.75,54783.4,54749.6,54766.75,0
1757656500,54767.75,54815.55,54764.75,54811.9,0
1757656800,54814.55,54852.25,54810.2,54818.35,0
1757657100,54815.7,54823.0,54788.8,54807.35,0
1757657400,54808.95,54818.8,54795.3,54803.05,0
1757657700,54803.45,54811.0,54765.7,54786.4,0
1757658000,54785.6,54794.9,54761.5,54770.35,0
1757658300,54770.5,54777.4,54750.85,54766.7,0
1757658600,54766.55,54806.05,54760.05,54806.05,0
1757658900,54804.8,54804.8,54777.0,54801.8,0
1757659200,54802.0,54815.4,54793.2,54799.3,0
1757659500,54797.35,54804.5,54778.9,54794.55,0
1757659800,54795.65,54804.3,54782.6,54804.25,0
1757660100,54804.65,54807.1,54791.95,54802.95,0
1757660400,54801.7,54825.0,54794.5,54824.05,0
1757660700,54824.15,54838.35,54817.15,54835.55,0
1757661000,54834.55,54839.9,54808.95,54815.45,0
1757661300,54815.05,54823.5,54796.65,54812.4,0
1757661600,54813.5,54815.7,54766.45,54780.85,0
1757661900,54781.5,54812.2,54776.75,54781.7,0
1757662200,54782.5,54790.8,54766.45,54790.5,0
1757662500,54790.75,54827.15,54784.0,54823.45,0
1757662800,54823.2,54828.0,54806.85,54820.5,0
1757663100,54819.5,54833.5,54810.95,54813.65,0
1757663400,54811.0,54821.7,54801.5,54815.8,0
1757663700,54814.15,54820.35,54801.75,54818.95,0
1757664000,54819.45,54827.5,54805.45,54813.4,0
1757664300,54813.8,54819.3,54804.2,54814.85,0
1757664600,54814.55,54821.6,54785.95,54788.6,0
1757664900,54789.7,54801.9,54768.75,54771.9,0
1757665200,54773.9,54795.65,54749.85,54788.15,0
1757665500,54789.7,54824.55,54783.65,54803.05,0
1757665800,54810.35,54824.3,54799.15,54820.05,0
1757666100,54818.0,54822.45,54791.0,54804.2,0
1757666400,54804.45,54806.9,54790.35,54797.35,0
1757666700,54799.5,54803.55,54768.65,54793.3,0
1757667000,54794.7,54796.95,54776.55,54794.95,0
1757667300,54795.05,54812.2,54787.8,54806.7,0
1757667600,54807.35,54812.9,54788.5,54806.65,0
1757667900,54806.65,54820.95,54793.5,54818.5,0
1757668200,54816.85,54828.85,54808.75,54819.5,0
1757668500,54819.4,54819.4,54795.85,54813.7,0
1757668800,54813.7,54816.75,54798.85,54805.35,0
1757669100,54804.6,54812.35,54780.3,54792.9,0
1757669400,54796.5,54818.5,54792.1,54813.05,0
1757669700,54812.75,54827.95,54806.65,54819.3,0
1757670000,54809.3,54822.3,54808.2,54812.6,0
1757670300,54811.9,54826.1,54807.35,54810.1,0
1757670600,54811.7,54815.7,54792.0,54807.0,0
1757670900,54807.05,54811.0,54779.65,54784.55,0
1757907900,54884.05,54953.15,54825.5,54828.55,0
1757908200,54830.7,54897.15,54808.1,54886.9,0
1757908500,54885.8,54936.85,54885.5,54928.35,0
1757908800,54928.95,54930.4,54834.75,54844.2,0
1757909100,54845.65,54862.55,54829.65,54853.9,0
1757909400,54854.0,54883.2,54845.65,54875.85,0
1757909700,54874.75,54897.1,54866.8,54889.5,0
1757910000,54888.0,54920.15,54885.45,54890.65,0
1757910300,54892.1,54902.7,54876.7,54886.85,0
1757910600,54885.6,54903.0,54863.8,54894.85,0
1757910900,54895.1,54896.55,54855.5,54868.45,0
1757911200,54868.7,54897.5,54852.9,54895.5,0
1757911500,54895.75,54899.55,54862.0,54882.9,0
1757911800,54883.4,54894.15,54874.45,54890.55,0
1757912100,54890.55,54921.8,54881.1,54897.0,0
1757912400,54896.25,54927.4,54894.9,54917.6,0
1757912700,54921.85,54955.8,54915.5,54942.3,0
1757913000,54941.0,54943.1,54894.15,54909.5,0
1757913300,54907.75,54914.35,54875.0,54903.95,0
1757913600,54903.85,54912.0,54884.15,54908.9,0
1757913900,54909.9,54941.4,54908.2,54913.65,0
1757914200,54911.5,54930.05,54903.15,54928.55,0
1757914500,54928.0,54939.0,54911.6,54914.5,0
1757914800,54914.5,54924.9,54902.65,54912.25,0
1757915100,54908.35,54920.85,54890.05,54920.55,0
1757915400,54918.15,54936.05,54908.3,54932.95,0
1757915700,54931.7,54957.3,54925.3,54955.15,0
1757916000,54955.65,54967.95,54945.9,54958.15,0
1757916300,54957.75,54965.35,54936.2,54948.2,0
1757916600,54952.15,54952.35,54925.45,54928.5,0
1757916900,54929.1,54966.05,54928.1,54964.35,0
1757917200,54962.1,55002.2,54953.5,54988.9,0
1757917500,54989.55,55010.75,54979.7,55004.0,0
1757917800,54997.6,55018.7,54987.9,54994.3,0
1757918100,54995.3,54999.05,54937.0,54980.4,0
1757918400,54978.15,54995.1,54966.45,54987.6,0
1757918700,54988.7,54990.5,54965.95,54973.05,0
1757919000,54972.25,54992.95,54961.3,54990.95,0
1757919300,54992.3,55006.25,54977.75,55003.2,0
1757919600,55003.55,55006.25,54983.3,54988.4,0
1757919900,54988.95,54991.4,54968.6,54977.9,0
1757920200,54978.2,54984.75,54938.85,54946.5,0
1757920500,54946.35,54959.25,54936.15,54952.3,0
1757920800,54952.45,54963.5,54929.0,54932.6,0
1757921100,54932.45,54953.95,54917.05,54943.2,0
1757921400,54943.85,54953.75,54923.7,54951.5,0
1757921700,54954.4,54973.0,54945.75,54960.65,0
1757922000,54967.5,54968.15,54945.75,54953.75,0
1757922300,54955.25,54961.8,54924.0,54948.25,0
1757922600,54951.6,54969.6,54919.4,54955.1,0
1757922900,54956.95,54965.0,54918.4,54959.05,0
1757923200,54952.6,54960.1,54930.35,54943.05,0
1757923500,54942.95,54949.05,54917.85,54928.1,0
1757923800,54928.7,54931.85,54807.5,54866.8,0
1757924100,54863.7,54927.95,54857.35,54876.4,0
1757924400,54877.25,54906.25,54862.5,54902.5,0
1757924700,54903.0,54908.6,54883.7,54890.45,0
1757925000,54890.25,54893.65,54865.75,54876.9,0
1757925300,54869.8,54895.2,54842.55,54876.65,0
1757925600,54877.5,54893.4,54860.7,54889.6,0
1757925900,54888.1,54917.65,54875.4,54917.15,0
1757926200,54916.1,54921.75,54874.1,54907.8,0
1757926500,54908.15,54945.7,54892.75,54943.9,0
1757926800,54944.05,54959.35,54930.75,54935.8,0
1757927100,54936.95,54940.15,54919.4,54939.5,0
1757927400,54941.05,54991.15,54935.85,54952.7,0
1757927700,54952.75,54970.25,54926.15,54937.0,0
1757928000,54939.5,54947.8,54931.15,54940.9,0
1757928300,54937.2,54942.75,54920.05,54925.3,0
1757928600,54927.7,54949.2,54911.8,54923.95,0
1757928900,54924.6,54925.25,54882.65,54886.45,0
1757929200,54887.3,54894.5,54880.65,54889.85,0
1757929500,54888.9,54888.9,54873.95,54887.95,0
1757929800,54886.0,54898.05,54869.1,54879.15,0
1757930100,54875.8,54891.15,54840.4,54852.7,0
1757994300,54778.4,54924.8,54777.75,54888.15,0
1757994600,54888.1,54926.1,54880.8,54916.65,0
1757994900,54919.05,54939.5,54910.4,54924.4,0
1757995200,54927.5,54973.3,54911.4,54961.95,0
1757995500,54964.45,54983.35,54947.2,54976.7,0
1757995800,54974.45,54995.7,54965.8,54995.7,0
1757996100,54996.5,55006.0,54975.2,54994.95,0
1757996400,54996.3,55061.7,54991.75,55053.55,0
1757996700,55053.1,55065.15,55036.95,55055.1,0
1757997000,55056.25,55120.95,55053.65,55079.25,0
1757997300,55073.6,55101.25,55073.6,55088.1,0
1757997600,55088.1,55098.7,55068.5,55073.75,0
1757997900,55073.35,55084.9,55070.75,55076.3,0
1757998200,55078.8,55083.05,55047.95,55053.0,0
1757998500,55053.0,55088.2,55052.2,55069.65,0
1757998800,55065.1,55091.35,55058.3,55091.2,0
1757999100,55089.95,55117.1,55084.95,55106.0,0
1757999400,55106.0,55112.65,55073.7,55078.7,0
1757999700,55077.05,55083.6,55054.5,55055.8,0
1758000000,55056.8,55079.1,55040.7,55077.2,0
1758000300,55076.95,55090.55,55072.95,55076.05,0
1758000600,55077.7,55091.65,55073.1,55081.25,0
1758000900,55081.15,55088.85,55070.65,55079.15,0
1758001200,55079.15,55096.45,55071.75,55094.05,0
1758001500,55095.9,55109.5,55071.0,55076.0,0
1758001800,55072.25,55089.75,55063.65,55086.7,0
1758002100,55086.3,55111.05,55076.25,55102.95,0
1758002400,55103.7,55144.55,55095.9,55142.5,0
1758002700,55138.55,55149.05,55128.55,55135.75,0
1758003000,55135.15,55155.25,55125.65,55134.6,0
1758003300,55134.8,55159.1,55118.95,55155.2,0
1758003600,55150.05,55157.25,55133.35,55148.2,0
1758003900,55149.1,55157.85,55111.1,55118.4,0
1758004200,55114.3,55131.6,55098.2,55131.55,0
1758004500,55125.85,55135.45,55103.4,55106.4,0
1758004800,55104.4,55122.25,55090.2,55109.35,0
1758005100,55102.25,55119.9,55101.25,55112.3,0
1758005400,55107.65,55145.85,55107.65,55142.15,0
1758005700,55138.3,55155.2,55130.2,55142.9,0
1758006000,55142.7,55161.25,55135.25,55158.4,0
1758006300,55156.1,55175.15,55145.1,55151.9,0
1758006600,55153.25,55155.0,55138.55,55142.75,0
1758006900,55142.95,55162.8,55138.25,55148.05,0
1758007200,55147.95,55150.6,55130.7,55142.55,0
1758007500,55142.0,55151.4,55121.2,55136.55,0
1758007800,55137.85,55139.4,55121.35,55125.35,0
1758008100,55123.15,55130.95,55106.2,55123.0,0
1758008400,55119.8,55123.55,55057.65,55091.15,0
1758008700,55090.6,55100.8,55072.75,55082.6,0
1758009000,55080.35,55086.0,55062.2,55082.0,0
1758009300,55082.95,55094.75,55045.6,55090.0,0
1758009600,55090.15,55099.9,55075.35,55096.95,0
1758009900,55097.2,55116.25,55089.7,55107.6,0
1758010200,55106.1,55112.7,55095.05,55104.55,0
1758010500,55103.05,55110.3,55088.75,55101.7,0
1758010800,55102.5,55103.95,55084.9,55094.95,0
1758011100,55091.5,55107.85,55089.45,55102.95,0
1758011400,55100.45,55120.8,55087.35,55087.35,0
1758011700,55082.9,55093.55,55041.55,55048.85,0
1758012000,55047.0,55084.15,55026.35,55080.15,0
1758012300,55079.55,55103.55,55075.35,55100.55,0
1758012600,55098.95,55147.5,55091.1,55132.2,0
1758012900,55131.35,55137.2,55111.5,55124.15,0
1758013200,55123.9,55159.05,55121.85,55145.55,0
1758013500,55147.8,55162.85,55121.45,55162.85,0
1758013800,55161.25,55165.0,55137.8,55143.7,0
1758014100,55142.7,55160.4,55125.6,55148.9,0
1758014400,55155.1,55156.25,55091.5,55133.1,0
1758014700,55134.3,55137.55,55106.75,55108.75,0
1758015000,55122.2,55158.55,55102.2,55138.35,0
1758015300,55138.45,55178.0,55110.0,55135.15,0
1758015600,55127.85,55175.4,55108.7,55141.25,0
1758015900,55144.5,55166.65,55121.5,55148.7,0
1758016200,55148.9,55185.45,55126.35,55168.1,0
1758016500,55165.7,55174.3,55152.85,55166.8,0
1758080700,55158.35,55278.6,55146.55,55234.3,0
1758081000,55233.85,55287.1,55221.5,55276.2,0
1758081300,55279.8,55279.8,55201.0,55244.1,0
1758081600,55241.7,55277.15,55241.2,55271.75,0
1758081900,55272.7,55339.55,55265.95,55333.6,0
1758082200,55334.4,55371.6,55328.6,55339.8,0
1758082500,55339.0,55342.45,55318.55,55328.75,0
1758082800,55331.25,55347.2,55309.75,55332.45,0
1758083100,55332.85,55337.85,55312.15,55320.0,0
1758083400,55323.0,55337.05,55291.95,55325.55,0
1758083700,55325.3,55334.45,55299.55,55307.95,0
1758084000,55308.15,55311.25,55284.5,55286.35,0
1758084300,55286.1,55287.9,55234.55,55246.85,0
1758084600,55245.7,55318.35,55236.05,55317.95,0
1758084900,55316.45,55342.7,55314.3,55326.3,0
1758085200,55328.45,55363.7,55326.3,55353.5,0
1758085500,55355.0,55368.3,55348.45,55363.2,0
1758085800,55363.5,55388.15,55319.05,55324.6,0
1758086100,55322.7,55334.35,55299.95,55311.85,0
1758086400,55310.75,55341.5,55301.65,55336.1,0
1758086700,55337.05,55387.05,55330.7,55381.3,0
1758087000,55381.4,55397.05,55356.6,55361.5,0
1758087300,55358.25,55377.75,55329.25,55375.35,0
1758087600,55375.35,55378.25,55357.9,55369.2,0
1758087900,55365.25,55371.6,55331.95,55340.25,0
1758088200,55335.35,55349.05,55307.25,55322.55,0
1758088500,55322.55,55343.5,55313.2,55330.1,0
1758088800,55329.05,55356.35,55328.0,55337.55,0
1758089100,55337.1,55346.2,55318.55,55322.45,0
1758089400,55326.85,55342.6,55315.0,55319.55,0
1758089700,55321.3,55346.4,55316.6,55338.25,0
1758090000,55338.4,55365.6,55337.55,55355.25,0
1758090300,55353.1,55364.3,55346.75,55356.4,0
1758090600,55351.55,55357.0,55327.35,55332.0,0
1758090900,55331.6,55362.15,55327.15,55352.7,0
1758091200,55351.1,55368.9,55340.1,55368.25,0
1758091500,55368.15,55370.75,55354.9,55358.2,0
1758091800,55355.9,55380.9,55355.85,55364.8,0
1758092100,55362.25,55387.3,55360.8,55383.5,0
1758092400,55380.15,55433.5,55370.95,55411.8,0
1758092700,55407.7,55418.85,55379.95,55383.05,0
1758093000,55380.35,55398.75,55376.7,55381.9,0
1758093300,55377.7,55401.2,55365.45,55394.1,0
1758093600,55392.3,55409.9,55382.2,55406.8,0
1758093900,55402.7,55410.65,55380.3,55410.65,0
1758094200,55411.05,55423.7,55400.05,55411.15,0
1758094500,55409.0,55421.0,55388.4,55395.55,0
1758094800,55396.8,55413.6,55384.7,55410.45,0
1758095100,55410.3,55442.5,55401.15,55435.4,0
1758095400,55435.15,55446.1,55410.1,55428.1,0
1758095700,55427.15,55427.15,55405.45,55410.35,0
1758096000,55409.15,55443.65,55406.7,55428.65,0
1758096300,55422.25,55441.75,55409.75,55417.0,0
1758096600,55414.65,55442.6,55403.8,55433.9,0
1758096900,55435.1,55451.55,55404.2,55435.95,0
1758097200,55433.1,55440.65,55413.9,55434.05,0
1758097500,55433.35,55441.55,55409.6,55440.05,0
1758097800,55436.45,55439.15,55405.45,55417.1,0
1758098100,55416.35,55419.35,55378.1,55395.3,0
1758098400,55397.05,55417.45,55378.6,55396.3,0
1758098700,55395.95,55430.65,55391.2,55427.7,0
1758099000,55429.75,55436.65,55408.75,55429.5,0
1758099300,55431.15,55435.8,55377.6,55413.15,0
1758099600,55413.8,55428.15,55376.7,55413.5,0
1758099900,55414.4,55454.65,55401.55,55442.85,0
1758100200,55443.75,55457.0,55421.9,55442.9,0
1758100500,55443.1,55463.15,55436.95,55456.05,0
1758100800,55452.25,55500.1,55452.25,55491.5,0
1758101100,55491.1,55504.05,55485.15,55501.75,0
1758101400,55501.45,55540.75,55500.55,55515.95,0
1758101700,55517.45,55519.05,55489.0,55508.7,0
1758102000,55508.0,55510.55,55491.5,55497.25,0
1758102300,55494.4,55500.95,55475.2,55490.05,0
1758102600,55489.95,55490.9,55461.05,55461.05,0
1758102900,55464.65,55501.35,55444.65,55480.85,0
1758167100,55797.1,55835.25,55647.0,55661.85,0
1758167400,55657.35,55737.7,55611.55,55732.3,0
1758167700,55729.4,55757.6,55685.55,55721.05,0
1758168000,55721.7,55732.2,55707.75,55711.65,0
1758168300,55718.45,55723.65,55681.6,55684.8,0
1758168600,55686.6,55723.7,55680.75,55719.35,0
1758168900,55718.9,55739.15,55703.55,55732.25,0
1758169200,55735.15,55742.0,55716.05,55740.7,0
1758169500,55742.2,55756.65,55727.75,55748.95,0
1758169800,55748.15,55804.6,55720.4,55791.0,0
1758170100,55792.0,55833.25,55785.6,55810.8,0
1758170400,55805.55,55809.35,55747.75,55761.05,0
1758170700,55761.05,55769.65,55736.4,55760.2,0
1758171000,55762.8,55788.7,55754.4,55769.65,0
1758171300,55778.25,55812.45,55770.6,55807.05,0
1758171600,55809.7,55811.95,55780.45,55789.85,0
1758171900,55791.35,55792.15,55757.65,55782.85,0
1758172200,55783.55,55804.45,55776.0,55781.8,0
1758172500,55786.45,55802.65,55779.1,55784.05,0
1758172800,55786.6,55801.2,55778.95,55797.15,0
1758173100,55791.4,55803.85,55781.75,55798.8,0
1758173400,55799.5,55826.45,55792.05,55801.6,0
1758173700,55806.4,55817.95,55791.2,55812.9,0
1758174000,55813.7,55822.05,55770.6,55775.9,0
1758174300,55783.6,55789.95,55763.3,55775.5,0
1758174600,55777.15,55788.35,55761.25,55779.3,0
1758174900,55781.6,55794.25,55763.0,55769.05,0
1758175200,55774.75,55796.5,55763.75,55794.2,0
1758175500,55792.2,55810.85,55774.4,55778.8,0
1758175800,55779.8,55787.2,55763.2,55763.2,0
1758176100,55768.1,55781.2,55735.75,55741.75,0
1758176400,55741.95,55756.6,55720.95,55734.2,0
1758176700,55738.7,55751.2,55725.45,55739.0,0
1758177000,55740.45,55772.25,55734.0,55763.2,0
1758177300,55761.9,55776.1,55746.65,55769.45,0
1758177600,55769.55,55781.3,55744.05,55752.0,0
1758177900,55754.45,55777.7,55749.5,55777.7,0
1758178200,55774.7,55776.8,55751.15,55768.9,0
1758178500,55770.05,55771.4,55728.95,55748.85,0
1758178800,55749.3,55754.1,55719.5,55729.75,0
1758179100,55729.15,55739.5,55665.7,55691.2,0
1758179400,55696.1,55702.5,55649.45,55683.65,0
1758179700,55680.95,55716.15,55642.8,55666.35,0
1758180000,55667.05,55698.4,55656.2,55689.15,0
1758180300,55689.75,55693.45,55660.9,55660.9,0
1758180600,55654.25,55659.35,55490.9,55542.1,0
1758180900,55541.75,55595.3,55503.25,55576.55,0
1758181200,55577.6,55582.9,55535.5,55570.85,0
1758181500,55569.45,55569.45,55535.2,55559.5,0
1758181800,55564.25,55582.1,55531.4,55581.1,0
1758182100,55579.7,55624.05,55574.0,55612.55,0
1758182400,55614.55,55647.55,55582.1,55645.55,0
1758182700,55648.1,55655.3,55609.55,55641.75,0
1758183000,55644.25,55648.7,55624.35,55642.85,0
1758183300,55642.75,55667.05,55603.0,55634.1,0
1758183600,55634.9,55641.35,55574.9,55606.1,0
1758183900,55607.4,55610.3,55572.55,55595.7,0
1758184200,55597.2,55607.3,55575.45,55601.2,0
1758184500,55607.85,55607.85,55535.1,55559.95,0
1758184800,55562.9,55622.7,55559.9,55604.6,0
1758185100,55609.4,55613.75,55582.7,55605.05,0
1758185400,55607.95,55610.0,55557.75,55566.7,0
1758185700,55566.7,55596.25,55543.0,55565.55,0
1758186000,55567.15,55598.05,55549.55,55557.95,0
1758186300,55558.65,55561.45,55524.35,55535.6,0
1758186600,55535.6,55563.2,55524.65,55556.45,0
1758186900,55556.5,55632.15,55551.2,55631.75,0
1758187200,55633.35,55657.45,55600.15,55639.6,0
1758187500,55645.15,55676.15,55620.8,55638.75,0
1758187800,55634.15,55726.2,55634.15,55723.3,0
1758188100,55724.1,55753.25,55706.7,55732.6,0
1758188400,55731.75,55757.15,55718.75,55732.6,0
1758188700,55732.65,55757.85,55725.25,55753.3,0
1758189000,55754.2,55764.7,55735.15,55756.4,0
1758189300,55753.7,55758.2,55700.65,55716.5,0
1758253500,55647.95,55688.75,55568.3,55606.55,0
1758253800,55608.4,55657.9,55566.75,55573.55,0
1758254100,55579.45,55602.0,55558.1,55597.85,0
1758254400,55597.6,55606.7,55529.35,55541.75,0
1758254700,55540.3,55547.4,55491.4,55513.55,0
1758255000,55511.75,55550.05,55496.6,55541.5,0
1758255300,55546.65,55549.2,55516.0,55534.25,0
1758255600,55531.8,55584.15,55529.65,55568.95,0
1758255900,55569.4,55574.95,55526.8,55535.75,0
1758256200,55536.65,55540.4,55461.8,55504.3,0
1758256500,55503.65,55523.2,55481.15,55488.85,0
1758256800,55484.65,55521.75,55484.65,55516.0,0
1758257100,55517.45,55519.9,55483.7,55495.25,0
1758257400,55494.0,55556.85,55486.3,55550.75,0
1758257700,55549.9,55587.45,55530.95,55576.25,0
1758258000,55576.5,55598.65,55485.5,55485.5,0
1758258300,55496.35,55512.85,55476.05,55481.95,0
1758258600,55481.45,55484.2,55437.6,55472.8,0
1758258900,55471.05,55472.2,55440.65,55458.9,0
1758259200,55458.35,55490.95,55450.65,55486.4,0
1758259500,55486.4,55490.65,55453.15,55455.0,0
1758259800,55457.75,55462.4,55429.65,55442.95,0
1758260100,55443.05,55470.3,55412.0,55454.6,0
1758260400,55454.6,55456.95,55426.05,55434.5,0
1758260700,55433.5,55438.25,55411.55,55430.15,0
1758261000,55434.95,55439.2,55406.25,55427.65,0
1758261300,55428.5,55455.6,55420.15,55436.55,0
1758261600,55438.35,55444.1,55413.5,55422.65,0
1758261900,55429.85,55429.85,55410.5,55423.65,0
1758262200,55426.95,55462.7,55401.95,55425.3,0
1758262500,55424.7,55438.65,55399.05,55410.85,0
1758262800,55407.15,55418.7,55380.65,55404.2,0
1758263100,55404.2,55433.8,55401.9,55431.45,0
1758263400,55434.25,55434.25,55405.3,55405.75,0
1758263700,55409.55,55414.55,55393.0,55410.1,0
1758264000,55410.0,55471.0,55402.85,55444.25,0
1758264300,55448.0,55449.25,55390.2,55395.95,0
1758264600,55402.25,55442.55,55385.55,55402.55,0
1758264900,55412.1,55424.6,55379.9,55383.1,0
1758265200,55390.55,55396.05,55362.35,55381.15,0
1758265500,55382.45,55385.5,55372.75,55385.5,0
1758265800,55383.3,55393.65,55378.0,55386.7,0
1758266100,55384.4,55390.55,55369.75,55379.15,0
1758266400,55378.35,55418.5,55355.3,55388.8,0
1758266700,55389.3,55426.75,55386.45,55409.4,0
1758267000,55409.55,55455.85,55409.55,55452.15,0
1758267300,55452.1,55467.8,55445.85,55450.85,0
1758267600,55449.35,55482.45,55446.3,55471.45,0
1758267900,55474.25,55495.25,55470.8,55486.15,0
1758268200,55486.55,55494.55,55472.35,55492.55,0
1758268500,55490.25,55523.05,55483.7,55511.0,0
1758268800,55517.0,55520.05,55485.65,55496.45,0
1758269100,55497.05,55528.5,55457.25,55491.65,0
1758269400,55498.55,55512.45,55487.2,55501.75,0
1758269700,55501.05,55509.6,55476.9,55503.35,0
1758270000,55502.2,55517.25,55494.85,55501.85,0
1758270300,55502.15,55515.05,55479.5,55498.45,0
1758270600,55504.8,55536.1,55494.5,55513.65,0
1758270900,55511.55,55513.35,55487.5,55504.45,0
1758271200,55504.4,55527.6,55497.6,55518.6,0
1758271500,55517.95,55534.45,55478.15,55478.75,0
1758271800,55479.5,55481.95,55437.4,55454.6,0
1758272100,55454.3,55464.05,55421.6,55447.2,0
1758272400,55447.1,55477.0,55430.55,55461.35,0
1758272700,55462.2,55471.35,55448.95,55459.85,0
1758273000,55460.45,55474.75,55447.3,55449.25,0
1758273300,55449.1,55463.0,55443.75,55453.95,0
1758273600,55454.05,55486.2,55432.95,55468.9,0
1758273900,55469.05,55481.95,55441.45,55446.1,0
1758274200,55447.0,55482.1,55440.8,55459.5,0
1758274500,55459.35,55480.85,55441.6,55441.8,0
1758274800,55442.7,55468.15,55413.8,55465.6,0
1758275100,55466.1,55485.95,55455.3,55463.8,0
1758275400,55465.05,55473.0,55442.95,55454.9,0
1758275700,55455.65,55507.3,55437.65,55494.1,0
1758512700,55429.3,55484.15,55315.55,55416.85,0
1758513000,55416.55,55551.85,55404.75,55522.5,0
1758513300,55523.55,55544.6,55492.9,55541.8,0
1758513600,55542.5,55581.3,55537.1,55547.65,0
1758513900,55554.05,55575.35,55530.0,55573.25,0
1758514200,55572.45,55582.1,55550.2,55557.45,0
1758514500,55555.5,55620.9,55555.05,55562.1,0
1758514800,55561.5,55577.5,55512.9,55553.8,0
1758515100,55555.1,55567.3,55534.65,55544.65,0
1758515400,55546.1,55568.5,55535.1,55567.4,0
1758515700,55562.4,55601.9,55560.15,55594.5,0
1758516000,55596.5,55616.3,55578.6,55581.2,0
1758516300,55581.95,55607.5,55572.1,55585.4,0
1758516600,55587.5,55597.4,55544.55,55587.05,0
1758516900,55587.45,55633.95,55578.7,55630.95,0
1758517200,55630.75,55666.35,55628.1,55637.85,0
1758517500,55635.95,55645.2,55618.7,55626.75,0
1758517800,55626.75,55632.05,55584.45,55601.9,0
1758518100,55602.9,55609.15,55563.35,55582.25,0
1758518400,55581.3,55599.65,55557.75,55586.55,0
1758518700,55585.2,55589.95,55562.1,55584.0,0
1758519000,55579.35,55593.15,55548.35,55557.35,0
1758519300,55554.5,55565.9,55542.35,55550.35,0
1758519600,55551.25,55556.05,55532.4,55550.25,0
1758519900,55550.85,55553.85,55518.45,55524.05,0
1758520200,55523.0,55529.95,55488.8,55517.6,0
1758520500,55518.75,55527.55,55499.55,55512.8,0
1758520800,55512.5,55515.95,55478.5,55484.1,0
1758521100,55487.75,55506.6,55472.7,55499.25,0
1758521400,55499.35,55531.3,55499.35,55528.55,0
1758521700,55529.7,55547.55,55523.1,55542.65,0
1758522000,55538.95,55575.4,55534.2,55558.5,0
1758522300,55560.35,55582.35,55542.2,55548.2,0
1758522600,55544.3,55572.45,55512.5,55544.75,0
1758522900,55539.9,55547.2,55514.1,55533.65,0
1758523200,55533.05,55563.4,55505.95,55541.15,0
1758523500,55540.95,55573.8,55534.9,55555.45,0
1758523800,55557.6,55574.55,55537.85,55550.15,0
1758524100,55550.05,55561.45,55520.2,55532.65,0
1758524400,55532.0,55541.95,55523.35,55531.3,0
1758524700,55528.6,55564.1,55524.45,55557.55,0
1758525000,55561.6,55589.05,55557.25,55574.55,0
1758525300,55575.8,55587.95,55563.7,55574.3,0
1758525600,55577.8,55586.75,55546.1,55560.45,0
1758525900,55561.95,55600.6,55549.55,55590.0,0
1758526200,55590.45,55619.5,55569.0,55601.6,0
1758526500,55599.3,55610.2,55588.25,55596.1,0
1758526800,55595.7,55597.2,55557.8,55586.25,0
1758527100,55587.9,55588.25,55550.55,55558.1,0
1758527400,55558.4,55572.4,55525.3,55527.75,0
1758527700,55530.85,55554.05,55519.65,55538.0,0
1758528000,55538.25,55545.15,55487.1,55500.15,0
1758528300,55501.15,55526.65,55492.8,55511.2,0
1758528600,55512.05,55525.45,55499.65,55517.0,0
1758528900,55518.05,55525.75,55495.05,55516.55,0
1758529200,55519.6,55530.15,55483.2,55484.55,0
1758529500,55485.8,55497.0,55448.1,55459.0,0
1758529800,55462.9,55463.2,55426.7,55443.6,0
1758530100,55438.85,55489.05,55412.9,55443.4,0
1758530400,55445.55,55485.6,55442.85,55480.4,0
1758530700,55482.6,55484.15,55455.6,55472.25,0
1758531000,55472.55,55482.9,55461.25,55474.0,0
1758531300,55477.95,55482.8,55406.55,55421.1,0
1758531600,55414.05,55425.65,55379.75,55383.7,0
1758531900,55382.35,55385.05,55328.8,55339.55,0
1758532200,55345.8,55347.75,55243.35,55252.0,0
1758532500,55253.65,55286.3,55215.6,55279.1,0
1758532800,55279.85,55311.5,55265.6,55298.7,0
1758533100,55299.75,55302.95,55246.55,55286.8,0
1758533400,55289.0,55328.8,55261.2,55298.4,0
1758533700,55297.6,55304.0,55248.95,55254.85,0
1758534000,55256.7,55280.7,55255.9,55273.65,0
1758534300,55273.45,55297.0,55260.3,55296.1,0
1758534600,55295.85,55320.1,55293.6,55304.95,0
1758534900,55305.85,55314.05,55266.9,55280.7,0
