,datetime,open,high,low,close,volume
0,1736480700,49426.5,49483.15,48838.05,49057.85,0
1,1736491500,49053.5,49131.85,48631.2,48636.4,0
2,1736502300,48637.0,48793.75,48637.0,48779.8,0
3,1736739900,48264.25,48606.35,48116.4,48282.35,0
4,1736750700,48279.75,48334.7,47898.35,48036.2,0
5,1736761500,48037.45,48118.85,48021.4,48050.6,0
6,1736826300,48266.9,48806.5,48235.2,48531.4,0
7,1736837100,48530.55,49007.35,48430.65,48727.45,0
8,1736847900,48728.15,48910.75,48717.3,48884.6,0
9,1736912700,48832.75,49083.65,48653.0,48920.4,0
10,1736923500,48918.8,48933.9,48522.4,48735.7,0
11,1736934300,48737.3,48784.05,48699.6,48783.35,0
12,1736999100,49082.9,49428.1,49038.45,49282.0,0
13,1737009900,49284.95,49459.0,49134.35,49304.9,0
14,1737020700,49305.95,49390.75,49289.0,49386.4,0
15,1737085500,48959.5,49047.2,48309.5,48513.35,0
16,1737096300,48512.95,48610.1,48375.1,48521.9,0
17,1737107100,48527.05,48585.35,48521.05,48553.85,0
18,1737344700,48834.15,49374.85,48683.6,49311.3,0
19,1737355500,49315.9,49650.6,49291.75,49386.95,0
20,1737366300,49389.35,49389.35,49295.9,49334.55,0
21,1737431100,49532.0,49543.15,48692.6,48934.6,0
22,1737441900,48934.35,48961.8,48430.95,48580.95,0
23,1737452700,48581.1,48639.3,48578.4,48626.1,0
24,1737517500,48689.55,48741.75,48279.95,48321.65,0
25,1737528300,48323.2,48781.75,48074.05,48768.65,0
26,1737539100,48762.5,48775.8,48677.7,48766.4,0
27,1737603900,48770.15,48892.7,48493.0,48613.45,0
28,1737614700,48613.0,48802.4,48551.0,48591.3,0
29,1737625500,48593.3,48604.0,48563.05,48595.85,0
30,1737690300,48546.05,48833.8,48347.85,48804.95,0
31,1737701100,48803.0,48858.65,48203.0,48352.95,0
32,1737711900,48352.0,48399.95,48340.15,48349.4,0
33,1737949500,47881.65,48273.05,47844.15,48161.2,0
34,1737960300,48160.05,48319.2,47981.35,48111.2,0
35,1737971100,48109.15,48111.1,47997.15,48026.3,0
36,1738035900,48642.5,49125.7,48449.05,49116.75,0
37,1738046700,49119.7,49247.15,48755.3,48861.25,0
38,1738057500,48863.95,48939.4,48832.0,48886.6,0
39,1738122300,48997.2,49165.75,48849.8,49052.95,0
40,1738133100,49053.1,49187.6,48968.45,49157.65,0
41,1738143900,49154.85,49199.65,49132.35,49163.1,0
42,1738208700,49206.2,49360.65,49031.8,49238.75,0
43,1738219500,49238.45,49383.95,49211.05,49308.8,0
44,1738230300,49305.25,49426.2,49279.95,49400.5,0
45,1738295100,49259.65,49412.65,49031.8,49388.85,0
46,1738305900,49391.9,49674.8,49302.1,49598.6,0
47,1738316700,49594.25,49647.8,49567.35,49614.4,0
48,1738381500,49592.55,50009.5,49273.1,49286.45,0
49,1738392300,49294.25,49669.0,48925.45,49514.95,0
50,1738403100,49515.15,49527.95,49429.15,49520.95,0
51,1738554300,49074.8,49286.85,48906.05,49198.55,0
52,1738565100,49198.95,49373.45,49123.3,49222.55,0
53,1738575900,49225.95,49235.0,49183.25,49224.05,0
54,1738640700,49538.8,50021.35,49482.5,49848.05,0
55,1738651500,49846.05,50206.6,49841.7,50192.25,0
56,1738662300,50192.0,50198.0,50083.65,50111.65,0
57,1738727100,50402.3,50493.25,50215.45,50342.25,0
58,1738737900,50343.3,50522.15,50325.35,50354.75,0
59,1738748700,50353.7,50354.3,50280.45,50299.9,0
60,1738813500,50468.35,50553.35,50149.8,50273.25,0
61,1738824300,50276.7,50410.65,50173.25,50374.7,0
62,1738835100,50378.35,50447.1,50362.65,50427.1,0
63,1738899900,50484.45,50641.75,50042.3,50114.25,0
64,1738910700,50112.6,50217.9,49871.15,50180.85,0
65,1738921500,50181.7,50248.35,50145.9,50204.35,0
66,1739159100,50052.5,50155.65,49703.1,49822.55,0
67,1739169900,49819.55,50049.1,49779.1,49987.7,0
68,1739180700,49990.75,50007.5,49951.7,49968.65,0
69,1739245500,49812.15,49906.75,49477.8,49550.5,0
70,1739256300,49550.35,49600.2,49177.4,49415.2,0
71,1739267100,49414.2,49436.1,49344.4,49358.6,0
72,1739331900,49402.25,49539.95,48734.35,49376.6,0
73,1739342700,49378.85,49702.35,49236.6,49518.8,0
74,1739353500,49518.25,49552.1,49491.8,49526.55,0
75,1739418300,49469.35,49836.1,49434.15,49698.75,0
76,1739429100,49698.8,49743.6,49276.1,49356.8,0
77,1739439900,49357.75,49388.55,49320.15,49342.0,0
78,1739504700,49485.65,49592.95,48846.6,48865.1,0
79,1739515500,48865.4,49243.05,48719.75,49109.4,0
80,1739526300,49109.45,49122.1,49050.6,49057.75,0
81,1739763900,48880.4,49037.45,48525.6,48788.95,0
82,1739774700,48791.25,49286.55,48729.45,49275.4,0
83,1739785500,49276.1,49319.0,49247.5,49279.9,0
84,1739850300,49211.85,49328.55,48814.95,49012.65,0
85,1739861100,49008.55,49158.25,48908.55,49085.8,0
86,1739871900,49083.4,49099.85,49053.3,49064.15,0
87,1739936700,48895.35,49628.25,48804.0,49511.35,0
88,1739947500,49510.1,49607.9,49279.6,49579.25,0
89,1739958300,49580.3,49580.35,49510.95,49519.5,0
90,1740023100,49314.1,49455.8,49150.95,49235.5,0
91,1740033900,49233.3,49397.2,49221.65,49342.55,0
92,1740044700,49342.3,49344.5,49281.85,49289.7,0
93,1740109500,49127.95,49306.55,48764.0,48944.7,0
94,1740120300,48945.35,49069.65,48799.8,49007.3,0
95,1740131100,49008.25,49011.2,48885.4,48908.5,0
96,1740368700,48619.8,48745.95,48281.9,48521.9,0
97,1740379500,48521.7,48748.4,48508.45,48655.1,0
98,1740390300,48653.6,48689.75,48619.9,48657.25,0
99,1740455100,48691.2,48862.15,48576.6,48651.95,0
100,1740465900,48650.35,48706.25,48599.05,48619.6,0
101,1740476700,48623.2,48638.75,48534.15,48591.1,0
102,1740627900,48732.2,48972.55,48732.2,48875.6,0
103,1740638700,48874.45,48909.4,48707.85,48736.65,0
104,1740649500,48734.1,48736.7,48627.1,48641.5,0
105,1740714300,48437.55,48574.5,48161.15,48416.15,0
106,1740725100,48419.15,48499.75,48078.7,48351.35,0
107,1740735900,48351.3,48351.3,48238.6,48262.5,0
108,1740973500,48478.6,48574.7,47841.3,48053.0,0
109,1740984300,48051.45,48258.45,48008.5,48111.3,0
110,1740995100,48110.35,48162.5,48073.75,48159.85,0
111,1741059900,47942.5,48355.7,47924.75,48163.2,0
112,1741070700,48162.55,48374.9,48145.7,48234.2,0
113,1741081500,48235.0,48314.6,48226.05,48289.3,0
114,1741146300,48241.3,48657.65,48190.25,48600.7,0
115,1741157100,48600.5,48617.6,48389.85,48478.6,0
116,1741167900,48479.45,48508.4,48453.6,48506.15,0
117,1741232700,48760.0,48839.1,48299.4,48542.15,0
118,1741243500,48541.35,48681.0,48529.15,48634.95,0
119,1741254300,48636.7,48653.75,48596.85,48608.45,0
120,1741319100,48463.8,48709.05,48369.95,48483.75,0
121,1741329900,48484.0,48607.9,48359.35,48513.55,0
122,1741340700,48513.8,48516.6,48432.3,48453.85,0
123,1741578300,48312.0,48599.15,48285.0,48437.5,0
124,1741589100,48434.95,48584.0,48146.8,48235.8,0
125,1741599900,48237.95,48244.05,48124.65,48168.25,0
126,1741664700,47874.8,48021.35,47702.9,47814.1,0
127,1741675500,47814.5,48029.05,47783.6,47864.25,0
128,1741686300,47865.55,47896.0,47847.3,47885.6,0
129,1741751100,47894.4,48222.15,47844.95,47941.25,0
130,1741761900,47941.55,48150.6,47849.1,48054.75,0
131,1741772700,48055.75,48086.4,48018.1,48055.75,0
132,1741837500,48219.15,48352.45,48064.75,48153.7,0
133,1741848300,48154.75,48240.3,48009.7,48082.55,0
134,1741859100,48084.75,48092.25,48006.1,48024.0,0
135,1742183100,48219.55,48481.35,48196.1,48458.05,0
136,1742193900,48457.65,48457.9,48288.3,48359.3,0
137,1742204700,48358.6,48376.05,48331.5,48347.05,0
138,1742269500,48792.9,49104.15,48629.45,49089.4,0
139,1742280300,49090.25,49314.0,48908.2,49303.1,0
140,1742291100,49304.25,49400.3,49291.3,49375.55,0
141,1742355900,49375.4,49755.25,49324.8,49689.9,0
142,1742366700,49691.1,49807.55,49678.55,49705.45,0
143,1742377500,49705.75,49752.95,49672.85,49727.1,0
144,1742442300,49947.6,50035.75,49771.65,49855.75,0
145,1742453100,49855.85,50155.3,49827.6,50042.05,0
146,1742463900,50041.8,50071.4,49984.7,49993.8,0
147,1742528700,49927.1,50532.65,49891.95,50423.95,0
148,1742539500,50423.45,50652.0,50270.6,50576.75,0
149,1742550300,50579.9,50672.15,50532.6,50570.3,0
150,1742787900,50982.7,51769.8,50795.9,51596.1,0
151,1742798700,51594.5,51777.5,51567.2,51671.25,0
152,1742809500,51673.65,51801.15,51673.65,51769.6,0
153,1742874300,51874.2,52063.95,51623.8,51715.65,0
154,1742885100,51711.5,51787.65,51534.95,51615.55,0
155,1742895900,51618.35,51649.95,51429.6,51480.0,0
156,1742960700,51640.05,51875.8,51423.7,51473.9,0
157,1742971500,51473.75,51504.15,51069.15,51239.2,0
158,1742982300,51241.55,51241.55,51171.8,51179.75,0
159,1743047100,51084.7,51678.25,51050.85,51615.05,0
160,1743057900,51616.3,51714.35,51523.1,51536.1,0
161,1743068700,51531.25,51671.15,51484.1,51534.0,0
162,1743133500,51608.4,51812.55,51445.0,51587.45,0
163,1743144300,51586.35,51839.1,51335.35,51594.6,0
164,1743155100,51594.2,51595.7,51518.05,51538.75,0
165,1743479100,51178.15,51683.85,50742.0,50859.5,0
166,1743489900,50857.2,50963.0,50756.15,50838.25,0
167,1743500700,50836.65,50874.3,50813.35,50851.0,0
168,1743565500,50966.9,51276.1,50908.35,51246.4,0
169,1743576300,51246.15,51380.0,51110.95,51362.1,0
170,1743587100,51362.3,51404.2,51342.05,51372.75,0
171,1743651900,50910.0,51528.1,50906.65,51477.0,0
172,1743662700,51484.95,51661.6,51401.8,51613.55,0
173,1743673500,51612.9,51619.8,51571.85,51581.55,0
174,1743738300,51711.6,51893.6,51474.85,51661.0,0
175,1743749100,51659.9,51706.15,51360.4,51557.9,0
176,1743759900,51548.45,51558.25,51488.6,51515.25,0
177,1743997500,49336.1,50426.25,49242.25,49289.0,0
178,1744008300,49292.9,49958.2,49156.95,49907.45,0
179,1744019100,49909.9,50041.6,49843.2,49985.95,0
180,1744083900,50388.55,50793.7,50030.8,50548.75,0
181,1744094700,50550.65,50771.5,50321.9,50494.2,0
182,1744105500,50493.7,50607.65,50477.0,50575.1,0
183,1744170300,50487.1,50496.9,49910.85,50129.3,0
184,1744181100,50134.5,50306.6,50103.25,50248.85,0
185,1744191900,50247.75,50293.4,50231.35,50283.75,0
186,1744343100,50634.1,51206.25,50634.1,51203.65,0
187,1744353900,51205.35,51244.7,50900.1,51005.8,0
188,1744364700,51004.0,51037.2,50938.2,51007.55,0
189,1744688700,52299.0,52400.6,51863.3,52327.6,0
190,1744699500,52333.4,52398.6,52276.6,52358.75,0
191,1744710300,52360.5,52486.35,52355.55,52415.15,0
192,1744775100,52690.9,52821.05,52471.35,52771.55,0
193,1744785900,52771.5,53153.95,52728.15,53087.6,0
194,1744796700,53086.15,53164.45,53079.6,53109.25,0
195,1744861500,53153.75,53814.8,53084.9,53797.45,0
196,1744872300,53799.25,54407.2,53762.5,54259.2,0
197,1744883100,54260.1,54332.25,54214.6,54252.05,0
198,1727927100,52314.45,52582.95,52139.2,52187.05,0
199,1727937900,52187.1,52193.4,51683.4,51858.95,0
200,1727948700,51857.05,51898.75,51815.3,51860.85,0
201,1728013500,51643.75,52356.2,51643.75,52353.35,0
202,1728024300,52351.65,52358.35,51347.25,51488.5,0
203,1728035100,51488.15,51561.3,51483.2,51555.75,0
204,1728272700,51543.2,51784.8,51006.55,51117.9,0
205,1728283500,51114.3,51495.45,50194.3,50401.5,0
206,1728294300,50407.9,50671.45,50387.75,50617.8,0
207,1728359100,50736.1,51104.15,50466.0,51012.5,0
208,1728369900,51005.85,51176.05,50909.2,51017.15,0
209,1728380700,51017.85,51094.25,51011.75,51075.85,0
210,1728445500,51161.75,51707.15,50905.55,51086.4,0
211,1728456300,51091.6,51231.7,50903.75,51014.75,0
212,1728467100,51017.0,51108.9,51009.65,51088.2,0
213,1728531900,51195.7,51444.6,51047.0,51393.0,0
214,1728542700,51393.1,51659.45,51363.85,51531.5,0
215,1728553500,51530.35,51535.8,51493.15,51533.4,0
216,1728618300,51491.9,51560.0,51005.85,51087.9,0
217,1728629100,51088.5,51246.5,51083.45,51159.55,0
218,1728639900,51160.55,51194.5,51151.8,51189.25,0
219,1728877500,51263.25,51792.25,51220.85,51752.15,0
220,1728888300,51752.1,51839.45,51669.45,51798.55,0
221,1728899100,51798.85,51893.0,51792.85,51879.05,0
222,1728963900,51975.95,52022.05,51698.75,51873.35,0
223,1728974700,51874.0,51962.3,51797.05,51905.85,0
224,1728985500,51906.0,51990.7,51886.9,51945.4,0
225,1729050300,51711.2,52031.6,51711.2,51867.65,0
226,1729061100,51867.2,51923.25,51766.0,51810.9,0
227,1729071900,51810.35,51825.65,51770.0,51796.4,0
228,1729136700,51849.3,51930.2,51150.25,51302.25,0
229,1729147500,51308.6,51355.8,51178.35,51295.15,0
230,1729158300,51291.3,51346.8,51247.9,51269.55,0
231,1729223100,51261.0,51855.0,51000.9,51763.4,0
232,1729233900,51767.4,52199.45,51767.25,52065.25,0
233,1729244700,52068.3,52155.25,52059.6,52138.7,0
234,1729482300,52361.1,52577.5,51910.95,51915.5,0
235,1729493100,51913.7,52123.6,51879.05,51997.85,0
236,1729503900,51998.9,51998.9,51855.15,51857.05,0
237,1729568700,52071.35,52257.3,51513.65,51629.95,0
238,1729579500,51627.3,51770.45,51179.6,51239.75,0
239,1729590300,51237.9,51312.15,51189.85,51271.6,0
240,1729655100,51117.8,51551.55,51107.9,51197.05,0
241,1729665900,51198.25,51300.6,51164.3,51222.65,0
242,1729676700,51221.6,51259.55,51158.2,51241.8,0
243,1729741500,51272.3,51781.55,51201.85,51608.35,0
244,1729752300,51609.6,51648.35,51411.3,51539.85,0
245,1729763100,51539.05,51582.75,51522.85,51565.9,0
246,1729827900,51369.75,51501.05,50440.6,50613.5,0
247,1729838700,50617.75,50828.9,50382.1,50795.65,0
248,1729849500,50800.85,50888.95,50798.1,50854.7,0
249,1730087100,51061.35,51586.9,51012.55,51569.15,0
250,1730097900,51568.55,51589.15,51157.45,51296.1,0
251,1730108700,51293.65,51359.55,51254.45,51328.15,0
252,1730173500,51404.1,51765.0,51278.9,51759.5,0
253,1730184300,51761.3,52354.85,51701.9,52345.4,0
254,1730195100,52343.05,52349.45,52263.2,52284.85,0
255,1730259900,51988.7,52220.0,51733.0,51960.6,0
256,1730270700,51959.05,52191.85,51742.7,51782.65,0
257,1730281500,51778.65,51899.4,51757.25,51849.2,0
258,1730346300,51649.45,52005.6,51629.8,51640.95,0
259,1730357100,51640.75,51644.7,51318.1,51452.3,0
260,1730367900,51452.8,51579.1,51450.55,51555.6,0
261,1730454300,51550.15,51825.5,51459.4,51771.45,0
262,1730465100,51770.3,51795.65,51631.3,51675.2,0
263,1730691900,51764.5,51764.5,51066.8,51102.65,0
264,1730702700,51096.4,51236.6,51069.9,51218.95,0
265,1730713500,51218.15,51260.8,51181.15,51227.2,0
266,1730778300,51052.6,51443.7,50865.45,51029.1,0
267,1730789100,51030.55,52289.55,50922.75,52192.9,0
268,1730799900,52190.2,52209.65,52094.4,52105.85,0
269,1730864700,52440.4,52493.95,52187.35,52395.95,0
270,1730875500,52393.7,52409.8,52232.35,52294.55,0
271,1730886300,52294.05,52396.5,52293.75,52384.55,0
272,1730951100,52258.95,52377.25,51752.25,51869.3,0
273,1730961900,51870.8,52063.1,51824.65,51894.45,0
274,1730972700,51893.6,51941.2,51868.95,51891.9,0
275,1731037500,51869.15,52007.15,51495.05,51550.8,0
276,1731048300,51550.0,51862.15,51505.0,51550.7,0
277,1731059100,51552.65,51586.35,51494.0,51532.15,0
278,1731296700,51562.7,52177.7,51294.2,52091.2,0
279,1731307500,52091.55,52109.5,51767.75,51940.8,0
280,1731318300,51945.75,51958.55,51799.25,51812.35,0
281,1731383100,52053.75,52169.05,51586.35,51725.35,0
282,1731393900,51724.45,51765.1,51006.85,51100.75,0
283,1731404700,51103.25,51205.0,51100.9,51120.6,0
284,1731469500,51030.95,51353.5,50620.65,50665.85,0
285,1731480300,50665.95,50853.6,49904.4,50072.15,0
286,1731491100,50070.55,50340.15,50070.55,50290.5,0
287,1731555900,50053.45,50561.8,49939.35,50353.75,0
288,1731566700,50354.8,50357.7,50078.35,50187.95,0
289,1731577500,50185.5,50244.5,50172.25,50239.2,0
290,1731901500,50312.45,50408.1,50074.0,50387.0,0
291,1731912300,50387.4,50445.8,50296.25,50390.35,0
292,1731923100,50389.85,50434.25,50311.05,50361.85,0
293,1731987900,50580.55,50963.1,50449.45,50883.3,0
294,1731998700,50881.55,50983.5,50590.2,50611.25,0
295,1732009500,50608.65,50661.0,50440.85,50466.0,0
296,1732160700,50625.0,50652.15,49787.1,50459.45,0
297,1732171500,50460.5,50531.7,50162.65,50373.4,0
298,1732182300,50376.5,50476.3,50364.45,50448.0,0
299,1732247100,50512.8,51032.7,50508.25,50951.8,0
300,1732257900,50951.3,51271.5,50894.05,51141.1,0
301,1732268700,51141.0,51151.7,51043.55,51098.55,0
302,1732506300,52046.35,52295.6,51774.05,52243.6,0
303,1732517100,52243.35,52249.85,51944.9,52195.35,0
304,1732527900,52195.05,52331.1,52159.3,52199.4,0
305,1732592700,52554.9,52555.5,51999.75,52113.5,0
306,1732603500,52114.7,52231.85,52069.05,52212.6,0
307,1732614300,52215.15,52231.2,52158.95,52178.5,0
308,1732679100,52154.3,52392.15,52019.65,52331.45,0
309,1732689900,52331.05,52444.35,52265.9,52302.0,0
310,1732700700,52300.3,52317.95,52271.3,52302.55,0
311,1732765500,52389.95,52760.2,52022.7,52153.55,0
312,1732776300,52154.1,52224.55,51782.9,51912.85,0
313,1732787100,51913.85,51987.95,51912.35,51983.4,0
314,1732851900,51984.15,52170.9,51759.45,51889.6,0
315,1732862700,51889.0,52122.55,51811.6,52044.0,0
316,1732873500,52044.95,52095.25,51998.05,52023.85,0
317,1733111100,52087.65,52119.0,51693.95,51794.45,0
318,1733121900,51796.95,52197.25,51789.85,52118.95,0
319,1733132700,52118.7,52123.7,52045.55,52118.35,0
320,1733197500,52357.95,52748.1,52216.85,52635.8,0
321,1733208300,52634.2,52780.9,52563.2,52684.8,0
322,1733219100,52685.1,52720.55,52661.15,52661.15,0
323,1733283900,52775.0,53195.3,52685.15,53018.6,0
324,1733294700,53018.2,53387.1,52969.7,53275.9,0
325,1733305500,53279.05,53294.6,53223.65,53235.9,0
326,1733370300,53354.45,53507.1,52850.35,53484.5,0
327,1733381100,53475.8,53888.3,53271.7,53659.6,0
328,1733391900,53661.45,53671.6,53581.05,53606.75,0
329,1733456700,53634.2,53868.5,53160.65,53631.3,0
330,1733467500,53631.9,53664.95,53492.9,53532.25,0
331,1733478300,53533.5,53572.05,53472.3,53493.2,0
332,1733715900,53380.75,53775.1,53326.4,53632.4,0
333,1733726700,53630.8,53667.5,53363.65,53369.55,0
334,1733737500,53371.4,53446.85,53370.65,53420.55,0
335,1733802300,53450.05,53596.4,53345.5,53526.4,0
336,1733813100,53528.1,53600.6,53302.65,53568.2,0
337,1733823900,53567.8,53624.05,53550.1,53611.1,0
338,1733888700,53459.3,53648.05,53302.15,53559.25,0
339,1733899500,53557.5,53593.15,53341.5,53429.65,0
340,1733910300,53426.0,53435.1,53369.15,53392.25,0
341,1733975100,53201.0,53537.45,53201.0,53248.2,0
342,1733985900,53247.85,53298.9,53174.4,53215.6,0
343,1733996700,53213.5,53265.65,53205.0,53224.85,0
344,1734061500,53109.8,53229.3,52264.55,53019.9,0
345,1734072300,53019.35,53640.85,52936.15,53606.25,0
346,1734083100,53605.3,53654.0,53570.0,53630.55,0
347,1734320700,53502.5,53738.9,53358.7,53363.65,0
348,1734331500,53364.5,53675.05,53335.0,53574.7,0
349,1734342300,53573.9,53588.8,53490.9,53490.9,0
350,1734407100,53394.1,53515.7,52802.9,52839.6,0
351,1734417900,52838.95,53038.25,52709.4,52806.65,0
352,1734428700,52805.8,52860.3,52782.85,52789.95,0
353,1734493500,52696.95,52827.6,52183.35,52218.75,0
354,1734504300,52223.55,52339.15,52010.65,52096.3,0
355,1734515100,52096.8,52225.6,52095.4,52205.45,0
356,1734579900,51428.45,51789.85,51263.75,51683.55,0
357,1734590700,51682.5,51697.2,51461.55,51578.6,0
358,1734601500,51575.9,51621.0,51549.65,51610.95,0
359,1734666300,51401.35,51629.0,51112.6,51366.1,0
360,1734677100,51363.9,51363.9,50609.35,50688.35,0
361,1734687900,50690.95,50915.35,50686.85,50872.45,0
362,1734925500,51044.4,51417.35,51030.4,51275.65,0
363,1734936300,51274.75,51340.45,51118.8,51334.7,0
364,1734947100,51331.3,51353.15,51287.25,51306.9,0
365,1735011900,51314.95,51382.1,51137.5,51231.35,0
366,1735022700,51234.2,51313.3,51168.45,51199.15,0
367,1735033500,51190.85,51306.45,51190.85,51288.75,0
368,1735184700,51395.8,51740.0,51046.0,51150.9,0
369,1735195500,51153.75,51193.6,50951.8,51164.25,0
370,1735206300,51168.05,51266.2,51157.25,51213.0,0
371,1735271100,51268.2,51628.45,51267.35,51340.45,0
372,1735281900,51340.9,51388.6,51240.1,51291.95,0
373,1735292700,51294.4,51371.55,51280.25,51347.75,0
374,1735530300,51255.35,51979.75,51166.4,51872.95,0
375,1735541100,51873.4,51895.75,50718.35,50942.3,0
376,1735551900,50946.2,51091.0,50897.85,50899.9,0
377,1735616700,50648.2,50929.4,50599.8,50774.0,0
378,1735627500,50777.95,50945.55,50765.65,50876.0,0
379,1735638300,50875.95,50906.35,50852.7,50884.3,0
380,1735703100,50841.9,51169.05,50485.05,51059.8,0
381,1735713900,51059.55,51321.95,51001.6,51047.6,0
382,1735724700,51049.2,51122.95,51031.35,51096.05,0
383,1735789500,51084.95,51350.15,50992.8,51126.6,0
384,1735800300,51129.5,51672.75,51081.6,51604.0,0
385,1735811100,51602.35,51626.15,51585.2,51605.85,0
386,1735875900,51567.15,51671.6,51082.8,51271.0,0
387,1735886700,51274.55,51316.05,50904.35,50968.85,0
388,1735897500,50967.65,51025.55,50947.05,50974.25,0
389,1736135100,50990.65,51026.1,49987.0,50185.1,0
390,1736145900,50182.3,50217.0,49751.0,49855.5,0
391,1736156700,49859.35,49986.45,49857.75,49960.2,0
392,1736221500,50061.2,50415.85,49969.3,50341.85,0
393,1736232300,50345.35,50447.6,50152.9,50211.6,0
394,1736243100,50211.25,50230.85,50141.1,50183.7,0
395,1736307900,50201.75,50246.9,49510.95,49520.8,0
396,1736318700,49515.55,49979.05,49389.75,49845.45,0
397,1736329500,49847.75,49868.25,49823.5,49836.15,0
398,1736394300,49712.55,49798.1,49277.85,49357.8,0
399,1736405100,49359.65,49531.8,49230.15,49501.45,0
400,1736415900,49505.45,49557.35,49490.95,49552.7,0
401,1736480700,49426.5,49483.15,48838.05,49057.85,0
402,1736491500,49053.5,49131.85,48631.2,48636.4,0
403,1736502300,48637.0,48793.75,48637.0,48779.8,0
404,1719200700,51280.25,51718.95,51138.9,51616.7,0
405,1719211500,51618.75,51783.95,51562.35,51737.6,0
406,1719222300,51736.95,51768.8,51686.95,51709.65,0
407,1719287100,51759.45,52188.25,51747.65,52087.85,0
408,1719297900,52095.2,52669.3,52062.7,52627.9,0
409,1719308700,52628.5,52746.5,52599.25,52630.15,0
410,1719373500,52653.2,52957.95,52373.7,52885.05,0
411,1719384300,52888.9,52988.3,52730.0,52837.55,0
412,1719395100,52832.85,52898.7,52694.2,52694.5,0
413,1719459900,52980.3,53180.75,52639.0,53010.35,0
414,1719470700,53005.15,53035.2,52694.65,52805.15,0
415,1719481500,52811.65,52882.9,52759.8,52759.8,0
416,1719546300,52874.95,53030.3,52674.9,52740.1,0
417,1719557100,52742.4,52752.1,52279.1,52289.05,0
418,1719567900,52289.85,52334.9,52242.3,52323.7,0
419,1719805500,52351.15,52607.55,52166.05,52549.55,0
420,1719816300,52549.3,52656.15,52487.95,52613.4,0
421,1719827100,52611.1,52630.0,52504.55,52521.45,0
422,1719891900,52793.75,52828.45,52057.3,52142.0,0
423,1719902700,52141.0,52251.35,51996.65,52164.4,0
424,1719913500,52164.5,52200.7,52131.2,52148.1,0
425,1719978300,52872.3,53256.7,52482.65,53078.35,0
426,1719989100,53079.5,53191.3,53047.1,53110.0,0
427,1719999900,53108.15,53145.4,53025.7,53042.15,0
428,1720064700,53357.7,53357.7,52815.9,52942.0,0
429,1720075500,52941.15,53188.05,52922.15,53108.0,0
430,1720086300,53107.15,53123.0,53072.85,53083.75,0
431,1720151100,52560.1,52817.85,52290.05,52551.05,0
432,1720161900,52548.3,52732.6,52431.45,52685.8,0
433,1720172700,52687.05,52715.05,52621.6,52633.15,0
434,1720410300,52533.1,52710.8,52252.45,52283.65,0
435,1720421100,52285.1,52518.25,52246.7,52400.55,0
436,1720431900,52401.1,52507.8,52377.3,52470.05,0
437,1720496700,52390.5,52626.6,52292.95,52560.8,0
438,1720507500,52557.9,52603.0,52483.7,52567.0,0
439,1720518300,52567.25,52607.65,52488.4,52521.4,0
440,1720583100,52528.8,52528.8,52077.9,52153.75,0
441,1720593900,52156.25,52238.55,52075.4,52174.4,0
442,1720604700,52172.7,52234.5,52160.15,52217.3,0
443,1720669500,52316.9,52400.3,51749.45,51882.85,0
444,1720680300,51883.5,52343.3,51863.5,52287.6,0
445,1720691100,52288.85,52335.2,52254.85,52305.65,0
446,1720755900,52272.65,52794.55,52171.15,52551.5,0
447,1720766700,52554.85,52637.35,52226.05,52228.45,0
448,1720777500,52224.75,52350.65,52193.3,52348.7,0
449,1721015100,52330.05,52516.4,52154.0,52358.3,0
450,1721025900,52357.85,52662.25,52256.3,52448.95,0
451,1721036700,52442.9,52486.65,52422.65,52484.4,0
452,1721101500,52466.7,52619.05,52357.5,52436.0,0
453,1721112300,52436.9,52513.85,52331.6,52407.5,0
454,1721123100,52407.25,52454.35,52365.85,52399.95,0
455,1721274300,52215.05,52668.8,52168.65,52427.85,0
456,1721285100,52424.05,52782.75,52352.7,52630.1,0
457,1721295900,52631.1,52653.05,52558.25,52559.25,0
458,1721360700,52531.55,52586.75,52146.3,52344.1,0
459,1721371500,52342.9,52384.4,52182.3,52277.05,0
460,1721382300,52281.6,52287.45,52195.35,52222.95,0
461,1721619900,52145.6,52427.0,51874.55,52263.55,0
462,1721630700,52264.45,52332.55,52165.8,52309.8,0
463,1721641500,52312.75,52332.55,52262.75,52328.6,0
464,1721706300,52511.0,52547.55,51801.1,52163.4,0
465,1721717100,52167.8,52197.25,51342.65,51752.3,0
466,1721727900,51747.8,51778.5,51661.0,51757.15,0
467,1721792700,51657.65,51944.65,51009.1,51071.15,0
468,1721803500,51071.85,51515.55,50784.25,51314.45,0
469,1721814300,51314.7,51462.15,51260.15,51429.75,0
470,1721879100,50762.3,51006.1,50559.9,50839.65,0
471,1721889900,50837.25,50936.25,50776.1,50897.9,0
472,1721900700,50898.55,50898.55,50853.8,50886.55,0
473,1721965500,50456.1,50987.25,50438.3,50878.85,0
474,1721976300,50878.15,51345.45,50863.0,51321.25,0
475,1721987100,51319.5,51398.6,51264.9,51352.75,0
476,1722224700,51546.65,52340.25,51433.9,51833.8,0
477,1722235500,51829.15,51866.9,51186.95,51311.85,0
478,1722246300,51311.35,51395.05,51293.45,51389.6,0
479,1722311100,51383.9,51784.6,51260.05,51689.15,0
480,1722321900,51690.6,51957.75,51413.2,51462.35,0
481,1722332700,51460.9,51510.85,51390.6,51426.15,0
482,1722397500,51583.45,51661.85,51392.85,51475.9,0
483,1722408300,51475.6,51583.45,51335.7,51547.45,0
484,1722419100,51549.0,51663.1,51542.65,51620.8,0
485,1722483900,51672.6,51877.15,51646.05,51711.0,0
486,1722494700,51706.65,51723.3,51456.2,51571.65,0
487,1722505500,51571.3,51639.15,51570.15,51606.45,0
488,1722570300,51172.25,51568.35,51087.85,51469.9,0
489,1722581100,51468.7,51608.7,51308.95,51341.7,0
490,1722591900,51342.1,51401.05,51325.35,51337.75,0
491,1722829500,50586.25,50747.55,49719.1,49992.95,0
492,1722840300,49992.9,50221.25,49808.1,50081.0,0
493,1722851100,50081.95,50113.1,50030.6,50056.0,0
494,1722915900,50436.9,50688.8,49907.6,50188.15,0
495,1722926700,50183.45,50199.6,49659.05,49735.15,0
496,1722937500,49738.45,49797.55,49708.05,49770.2,0
497,1723002300,50286.2,50292.45,49782.2,49883.6,0
498,1723013100,49891.15,50165.45,49855.6,50140.95,0
499,1723023900,50139.3,50254.5,50123.35,50226.45,0
500,1723088700,50051.9,50407.15,49829.6,50405.45,0
501,1723099500,50408.25,50440.75,50068.85,50151.1,0
502,1723110300,50148.35,50170.2,50094.65,50109.45,0
503,1723175100,50612.1,50707.75,50386.45,50543.1,0
504,1723185900,50541.3,50632.35,50454.1,50470.5,0
505,1723196700,50478.25,50490.85,50443.15,50481.8,0
506,1723434300,50412.6,50792.9,50149.25,50641.1,0
507,1723445100,50640.3,50830.7,50525.35,50591.75,0
508,1723455900,50598.9,50607.95,50543.5,50578.55,0
509,1723520700,50395.35,50559.25,50200.95,50260.8,0
510,1723531500,50260.4,50268.55,49794.7,49803.8,0
511,1723542300,49805.55,49868.45,49785.1,49853.7,0
512,1723607100,49887.15,49959.25,49654.65,49756.15,0
513,1723617900,49754.85,49800.4,49692.8,49701.35,0
514,1723628700,49702.5,49763.7,49697.05,49746.4,0
515,1723779900,50133.0,50415.65,49806.05,50370.05,0
516,1723790700,50365.2,50603.4,50291.8,50529.3,0
517,1723801500,50534.15,50541.55,50484.8,50510.95,0
518,1724039100,50683.55,50728.25,50361.85,50453.45,0
519,1724049900,50451.0,50470.9,50283.55,50359.05,0
520,1724060700,50356.9,50432.3,50356.65,50418.85,0
521,1724125500,50417.25,50959.05,50398.6,50940.35,0
522,1724136300,50944.25,51025.6,50772.65,50773.9,0
523,1724147100,50775.2,50803.4,50709.4,50719.1,0
524,1724211900,50666.65,50764.45,50343.85,50561.4,0
525,1724222700,50563.5,50718.75,50333.35,50681.65,0
526,1724233500,50684.1,50772.45,50661.75,50737.7,0
527,1724298300,50894.8,51042.45,50794.45,50972.65,0
528,1724309100,50973.95,51080.0,50910.9,51002.45,0
529,1724319900,51001.65,51004.2,50941.55,50952.65,0
530,1724384700,51040.05,51117.85,50856.7,50998.8,0
531,1724395500,50998.35,51031.15,50888.95,50922.15,0
532,1724406300,50917.0,50965.3,50904.2,50961.35,0
533,1724643900,51100.65,51317.85,51061.55,51204.3,0
534,1724654700,51204.7,51279.9,51106.55,51153.85,0
535,1724665500,51158.9,51176.9,51139.95,51163.35,0
536,1724730300,51214.05,51404.7,50938.1,51306.5,0
537,1724741100,51307.05,51392.05,51203.3,51290.75,0
538,1724751900,51292.35,51296.6,51150.95,51171.5,0
539,1724816700,51208.95,51239.15,51085.75,51212.45,0
540,1724827500,51210.5,51260.75,51126.45,51145.4,0
541,1724838300,51150.3,51158.9,51033.7,51049.55,0
542,1724903100,51103.75,51304.05,51028.7,51262.65,0
543,1724913900,51262.15,51368.95,50984.4,51127.25,0
544,1724924700,51123.85,51195.4,51100.25,51166.8,0
545,1724989500,51437.45,51454.55,51304.3,51428.25,0
546,1725000300,51427.95,51466.55,51290.85,51356.0,0
547,1725011100,51358.6,51371.0,51256.0,51319.55,0
548,1725248700,51579.5,51579.5,51295.8,51353.95,0
549,1725259500,51359.8,51554.8,51304.25,51443.25,0
550,1725270300,51441.65,51457.3,51380.15,51431.8,0
551,1725335100,51479.75,51501.3,51240.05,51373.25,0
552,1725345900,51373.3,51750.1,51293.8,51726.25,0
553,1725356700,51725.9,51733.15,51664.55,51690.05,0
554,1725421500,51364.65,51503.55,51259.9,51420.85,0
555,1725432300,51419.45,51461.0,51343.35,51414.6,0
556,1725443100,51413.25,51431.0,51373.0,51390.6,0
557,1725507900,51544.25,51636.75,51389.15,51463.35,0
558,1725518700,51464.5,51512.95,51405.9,51491.6,0
559,1725529500,51490.6,51497.75,51445.05,51445.05,0
560,1725594300,51200.4,51380.05,50846.25,50897.4,0
561,1725605100,50896.15,50953.4,50447.3,50574.4,0
562,1725615900,50572.35,50648.55,50569.95,50627.8,0
563,1725853500,50549.25,50891.65,50369.4,50687.85,0
564,1725864300,50686.4,51192.75,50563.85,51112.35,0
565,1725875100,51107.7,51130.95,51072.7,51126.55,0
566,1725939900,51328.3,51329.8,50958.25,51211.45,0
567,1725950700,51215.5,51366.0,51174.15,51267.1,0
568,1725961500,51265.0,51320.85,51251.0,51277.65,0
569,1726026300,51218.55,51420.15,51047.8,51181.1,0
570,1726037100,51182.45,51207.8,50949.65,50962.1,0
571,1726047900,50968.9,51094.5,50947.7,51094.5,0
572,1726112700,51271.0,51307.05,51025.0,51201.15,0
573,1726123500,51201.55,51878.1,51116.9,51855.05,0
574,1726134300,51849.1,51854.85,51635.65,51668.05,0
575,1726199100,51952.55,51952.55,51643.95,51884.4,0
576,1726209900,51883.35,51994.1,51816.95,51957.0,0
577,1726220700,51956.75,51974.6,51879.2,51896.6,0
578,1726458300,52038.7,52193.15,51921.45,52065.6,0
579,1726469100,52064.45,52208.7,52007.6,52143.7,0
580,1726479900,52141.3,52176.2,52138.95,52153.85,0
581,1726544700,52249.05,52284.6,52085.5,52216.3,0
582,1726555500,52209.25,52271.45,52164.05,52174.25,0
583,1726566300,52174.2,52194.8,52128.8,52144.65,0
584,1726631100,52177.1,52795.35,52154.55,52773.8,0
585,1726641900,52767.45,52954.2,52647.55,52794.45,0
586,1726652700,52788.6,52792.8,52622.8,52633.1,0
587,1726717500,52929.25,53353.3,52847.9,52977.0,0
588,1726728300,52978.7,53110.35,52882.05,53053.15,0
589,1726739100,53055.05,53102.2,53013.4,53045.15,0
590,1726803900,53235.8,53639.65,53037.6,53598.0,0
591,1726814700,53598.55,53864.45,53095.05,53826.8,0
592,1726825500,53828.1,54066.1,53778.6,53937.15,0
593,1727063100,53917.9,53994.6,53741.4,53954.45,0
594,1727073900,53953.45,54197.95,53935.5,54080.75,0
595,1727084700,54088.85,54120.55,54042.9,54076.3,0
596,1727149500,54110.65,54158.4,53940.8,54021.4,0
597,1727160300,54021.7,54247.7,53904.65,53978.6,0
598,1727171100,53977.1,54028.55,53951.4,53971.25,0
599,1727235900,53794.0,54083.25,53792.85,54026.45,0
600,1727246700,54021.1,54141.0,53989.85,54108.7,0
601,1727257500,54106.05,54141.3,54060.65,54135.75,0
602,1727322300,54045.85,54242.05,54010.9,54233.9,0
603,1727333100,54231.4,54467.35,54084.9,54324.6,0
604,1727343900,54321.9,54356.35,54243.75,54281.5,0
605,1727408700,54338.7,54338.7,54148.05,54184.7,0
606,1727419500,54184.4,54188.15,53763.2,53833.0,0
607,1727430300,53834.75,53876.7,53787.5,53834.3,0
608,1727667900,53556.95,53726.4,53075.05,53103.15,0
609,1727678700,53097.95,53141.55,52926.55,53000.45,0
610,1727689500,52999.75,53019.0,52963.75,52989.7,0
611,1727754300,52844.0,53235.25,52817.8,52987.1,0
612,1727765100,52984.55,53020.15,52859.5,52912.8,0
613,1727775900,52913.6,52993.95,52882.7,52980.0,0
614,1710733500,46458.75,46699.85,46022.15,46589.45,0
615,1710744300,46591.95,46739.25,46489.45,46554.15,0
616,1710755100,46549.1,46628.65,46549.1,46617.9,0
617,1710819900,46421.9,46602.35,46322.5,46419.9,0
618,1710830700,46419.4,46480.5,46258.75,46373.95,0
619,1710841500,46368.95,46387.65,46331.15,46333.1,0
620,1710906300,46392.9,46570.25,45828.8,46282.9,0
621,1710917100,46289.6,46655.55,46200.0,46316.95,0
622,1710927900,46314.85,46412.0,46271.5,46370.2,0
623,1710992700,46674.85,46990.25,46605.05,46625.2,0
624,1711003500,46628.35,46778.05,46570.15,46704.5,0
625,1711014300,46698.4,46713.05,46670.75,46679.25,0
626,1711079100,46634.9,46948.5,46566.8,46859.75,0
627,1711089900,46858.6,46974.15,46800.45,46845.1,0
628,1711100700,46848.05,46867.65,46812.25,46849.05,0
629,1711424700,46552.95,46788.35,46552.95,46680.75,0
630,1711435500,46681.45,46752.1,46529.05,46609.35,0
631,1711446300,46608.45,46647.5,46573.05,46623.45,0
632,1711511100,46643.45,46946.55,46643.45,46792.55,0
633,1711521900,46791.2,46827.35,46671.9,46787.4,0
634,1711532700,46789.3,46956.1,46772.2,46851.15,0
635,1711597500,46827.85,47350.2,46827.85,47207.4,0
636,1711608300,47207.5,47440.45,46997.55,47036.7,0
637,1711619100,47038.3,47167.25,47029.15,47146.75,0
638,1711943100,47391.05,47642.15,47373.1,47547.7,0
639,1711953900,47547.55,47591.5,47432.3,47583.85,0
640,1711964700,47585.8,47646.8,47542.6,47558.7,0
641,1712029500,47490.75,47707.35,47408.55,47598.85,0
642,1712040300,47597.65,47663.1,47490.6,47531.35,0
643,1712051100,47530.35,47582.3,47525.25,47562.6,0
644,1712115900,47350.25,47625.95,47279.8,47623.6,0
645,1712126700,47624.5,47676.95,47525.7,47626.55,0
646,1712137500,47626.7,47663.75,47621.95,47661.1,0
647,1712202300,48086.2,48254.65,47712.7,47849.7,0
648,1712213100,47850.2,48145.7,47842.55,48051.0,0
649,1712223900,48053.1,48139.9,48039.25,48126.2,0
650,1712288700,48104.65,48290.45,47894.5,48266.4,0
651,1712299500,48265.75,48554.5,48162.0,48518.55,0
652,1712310300,48515.35,48557.4,48480.8,48520.95,0
653,1712547900,48586.75,48629.05,48424.65,48563.85,0
654,1712558700,48562.9,48716.95,48499.8,48605.85,0
655,1712569500,48606.85,48608.5,48535.35,48565.75,0
656,1712634300,48810.8,48960.75,48621.85,48907.5,0
657,1712645100,48908.0,48929.0,48568.25,48737.15,0
658,1712655900,48736.8,48771.0,48699.8,48710.45,0
659,1712720700,48879.55,48966.95,48669.25,48889.6,0
660,1712731500,48884.2,49057.4,48808.7,49007.45,0
661,1712742300,49010.6,49010.6,48899.55,48912.0,0
662,1712893500,48671.2,48882.65,48597.65,48786.65,0
663,1712904300,48787.25,48797.35,48527.0,48572.15,0
664,1712915100,48570.05,48579.35,48477.55,48528.6,0
665,1713152700,48057.5,48255.5,47904.95,48065.8,0
666,1713163500,48064.55,48071.3,47745.3,47770.2,0
667,1713174300,47772.45,47807.3,47725.8,47757.35,0
668,1713239100,47436.7,47571.3,47316.55,47468.6,0
669,1713249900,47468.95,47525.35,47392.65,47524.25,0
670,1713260700,47524.75,47609.0,47504.3,47598.25,0
671,1713411900,47592.7,47829.75,47465.3,47614.95,0
672,1713422700,47616.25,47718.1,46982.95,46995.9,0
673,1713433500,46995.7,47174.05,46982.15,47131.8,0
674,1713498300,46744.95,47045.4,46579.05,46966.3,0
675,1713509100,46963.7,47653.95,46939.45,47628.1,0
676,1713519900,47631.95,47668.7,47551.85,47614.15,0
677,1713757500,48145.7,48146.3,47628.45,47825.7,0
678,1713768300,47821.9,47962.65,47744.35,47959.95,0
679,1713779100,47954.6,48009.55,47902.5,47994.85,0
680,1713843900,48299.6,48302.7,47937.45,48047.6,0
681,1713854700,48046.85,48088.85,47899.3,48003.1,0
682,1713865500,48004.4,48009.4,47933.0,47935.6,0
683,1713930300,48120.9,48235.2,48028.7,48200.15,0
684,1713941100,48198.2,48246.2,48132.75,48176.55,0
685,1713951900,48178.05,48208.0,48152.15,48195.35,0
686,1714016700,47772.65,48348.05,47737.2,48161.75,0
687,1714027500,48164.75,48625.45,48151.45,48482.8,0
688,1714038300,48482.95,48504.55,48435.5,48497.3,0
689,1714103100,48660.0,48679.65,48340.45,48400.85,0
690,1714113900,48399.9,48508.85,48088.25,48154.75,0
691,1714124700,48155.4,48352.55,48146.55,48284.3,0
692,1714362300,48359.9,48979.1,48342.7,48952.1,0
693,1714373100,48946.7,49473.6,48902.7,49462.15,0
694,1714383900,49462.65,49464.6,49359.15,49380.65,0
695,1714448700,49477.1,49672.85,49354.35,49562.6,0
696,1714459500,49561.2,49974.75,49373.3,49410.25,0
697,1714470300,49409.1,49409.1,49249.9,49291.35,0
698,1714621500,49262.0,49529.35,49123.6,49254.35,0
699,1714632300,49251.15,49344.9,49174.3,49242.65,0
700,1714643100,49237.65,49265.6,49217.85,49243.55,0
701,1714707900,49375.05,49607.75,48816.8,48914.45,0
702,1714718700,48913.3,49130.75,48659.7,48940.9,0
703,1714729500,48939.2,48997.25,48853.9,48877.85,0
704,1714967100,49174.55,49252.65,48874.65,49080.8,0
705,1714977900,49079.5,49091.15,48784.0,48898.0,0
706,1714988700,48897.35,48954.7,48874.25,48931.85,0
707,1715053500,48965.05,49023.5,48230.4,48286.1,0
708,1715064300,48280.9,48457.45,48213.75,48305.3,0
709,1715075100,48309.9,48352.0,48249.4,48275.6,0
710,1715139900,48124.2,48223.05,47851.15,48084.15,0
711,1715150700,48085.75,48173.65,47959.15,48017.9,0
712,1715161500,48016.7,48105.5,47992.45,48101.6,0
713,1715226300,47976.35,48258.65,47661.05,47849.75,0
714,1715237100,47850.65,47910.95,47460.75,47465.75,0
715,1715247900,47469.5,47520.3,47440.65,47515.45,0
716,1715312700,47555.5,47868.7,47362.7,47651.85,0
717,1715323500,47650.5,47670.9,47313.35,47424.05,0
718,1715334300,47426.8,47455.25,47411.15,47440.85,0
719,1715571900,47389.8,47508.55,46983.25,47313.15,0
720,1715582700,47313.9,47831.65,47155.65,47727.45,0
721,1715593500,47728.55,47841.6,47714.55,47784.9,0
722,1715658300,47748.85,47908.95,47607.85,47792.2,0
723,1715669100,47793.9,47937.25,47740.2,47859.2,0
724,1715679900,47861.1,47910.3,47842.05,47872.0,0
725,1715744700,47923.1,47957.2,47586.7,47681.1,0
726,1715755500,47679.95,47734.9,47534.5,47718.2,0
727,1715766300,47719.0,47730.95,47665.75,47710.8,0
728,1715831100,47945.85,48001.9,47340.35,47833.35,0
729,1715841900,47841.2,47998.95,47345.1,47973.7,0
730,1715852700,47974.9,48052.9,47958.05,47977.4,0
731,1715917500,47842.95,48185.7,47758.8,48040.85,0
732,1715928300,48043.8,48163.2,48003.9,48130.85,0
733,1715939100,48129.3,48188.65,48111.55,48121.35,0
734,1716003900,48197.3,48227.05,48109.9,48194.3,0
735,1716014700,48197.35,48222.35,48178.1,48204.0,0
736,1716263100,47927.1,48218.7,47927.1,48170.75,0
737,1716273900,48169.1,48259.75,48001.1,48030.85,0
738,1716284700,48033.5,48055.5,47968.65,47989.85,0
739,1716349500,48113.9,48114.05,47633.3,47717.95,0
740,1716360300,47716.6,47851.5,47435.25,47826.75,0
741,1716371100,47828.5,47959.15,47825.3,47906.05,0
742,1716435900,47899.35,48463.3,47873.15,48428.55,0
743,1716446700,48430.95,48829.7,48427.45,48802.2,0
744,1716457500,48804.4,48826.15,48731.5,48737.05,0
745,1716522300,48668.0,48976.7,48644.8,48851.8,0
746,1716533100,48853.4,49052.95,48801.25,48976.05,0
747,1716543900,48982.2,48999.2,48928.95,48948.9,0
748,1716781500,49105.9,49524.65,49051.25,49520.75,0
749,1716792300,49518.2,49688.85,49059.65,49312.75,0
750,1716803100,49310.25,49324.65,49215.95,49280.2,0
751,1716867900,49390.9,49511.15,49164.3,49172.7,0
752,1716878700,49173.75,49327.75,49086.4,49151.9,0
753,1716889500,49153.8,49171.4,49043.65,49060.1,0
754,1716954300,48786.7,49022.6,48549.5,48620.6,0
755,1716965100,48615.7,48670.75,48401.55,48525.7,0
756,1716975900,48518.4,48624.9,48460.75,48563.05,0
757,1717040700,48313.6,48919.9,48313.6,48644.1,0
758,1717051500,48644.9,49044.6,48545.0,48637.25,0
759,1717062300,48642.25,48838.65,48642.25,48822.85,0
760,1717127100,48895.15,49079.05,48569.05,48688.5,0
761,1717137900,48684.65,49108.35,48681.25,48966.3,0
762,1717148700,48964.15,49122.55,48937.45,48967.95,0
763,1717386300,50889.85,50990.0,50092.65,50852.05,0
764,1717397100,50850.3,50965.6,50611.4,50955.0,0
765,1717407900,50957.4,51133.2,50956.6,51106.05,0
766,1717472700,50667.05,50667.05,46138.35,46701.45,0
767,1717483500,46693.6,48083.85,46077.85,47035.8,0
768,1717494300,47035.45,47600.75,46887.1,47206.25,0
769,1717559100,47486.6,48000.6,46446.8,47673.3,0
770,1717569900,47672.9,49362.9,47671.65,49065.2,0
771,1717580700,49063.1,49100.0,48801.3,48847.1,0
772,1717645500,49426.4,49672.75,49063.75,49231.15,0
773,1717656300,49232.7,49380.0,48906.75,49326.4,0
774,1717667100,49326.85,49367.1,49194.65,49330.9,0
775,1717731900,49316.95,49932.15,49080.45,49832.0,0
776,1717742700,49833.9,49943.2,49665.25,49777.75,0
777,1717753500,49776.5,49849.05,49752.35,49806.6,0
778,1717991100,49808.15,50252.95,49654.2,49861.3,0
779,1718001900,49862.75,50099.2,49716.8,49818.35,0
780,1718012700,49814.75,49826.95,49622.75,49689.65,0
781,1718077500,49751.2,49937.1,49530.45,49801.4,0
782,1718088300,49801.65,49970.3,49682.4,49732.85,0
783,1718099100,49735.85,49740.6,49615.55,49652.25,0
784,1718163900,49857.45,50233.4,49697.35,50023.5,0
785,1718174700,50026.25,50042.45,49825.45,49925.6,0
786,1718185500,49926.55,49953.25,49772.5,49791.6,0
787,1718250300,50179.0,50186.45,49835.25,49939.25,0
788,1718261100,49940.75,49984.8,49799.65,49821.05,0
789,1718271900,49818.8,49920.6,49817.95,49889.3,0
790,1718336700,49993.95,50102.6,49693.35,49980.8,0
791,1718347500,49980.85,50087.85,49931.0,50026.25,0
792,1718358300,50028.3,50038.8,49933.2,49981.5,0
793,1718682300,50194.35,50348.25,49900.2,50309.6,0
794,1718693100,50308.2,50432.1,50277.75,50430.35,0
795,1718703900,50432.5,50562.15,50427.65,50479.3,0
796,1718768700,50607.9,51255.95,50441.75,51113.75,0
797,1718779500,51129.2,51957.0,51031.1,51377.25,0
798,1718790300,51375.1,51478.05,51322.05,51450.1,0
799,1718855100,51712.9,51798.0,51281.5,51664.65,0
800,1718865900,51665.2,51842.2,51587.9,51770.3,0
801,1718876700,51770.45,51826.45,51756.0,51760.75,0
802,1718941500,51927.3,51934.35,51350.9,51467.45,0
803,1718952300,51467.75,51797.8,51224.95,51628.2,0
804,1718963100,51629.4,51669.15,51524.35,51557.5,0
805,1719200700,51280.25,51718.95,51138.9,51616.7,0
806,1719211500,51618.75,51783.95,51562.35,51737.6,0
807,1719222300,51736.95,51768.8,51686.95,51709.65,0
