Unnamed: 0,datetime,open,high,low,close,volume,ATR,signal
14,1736927100,22677.9,22708.9,22567.35,22672.95,0,155.12775179047284,1
15,1736934300,22673.65,22697.8,22655.85,22697.25,0,143.07941481587926,1
16,1736999100,22842.75,22994.85,22832.4,22915.4,0,158.97223428043918,2
17,1737006300,22913.4,22993.35,22881.05,22989.3,0,154.31813096778194,2
18,1737013500,22989.15,22989.25,22884.0,22960.65,0,149.56457699337753,2
19,1737020700,22960.8,22987.9,22941.2,22984.85,0,139.837731428284,2
20,1737085500,22803.95,22839.3,22518.3,22560.5,0,170.03309844823872,4
21,1737092700,22562.35,22657.0,22552.1,22586.65,0,164.1371496169701,4
22,1737099900,22586.85,22645.1,22542.6,22598.35,0,158.66219270063777,4
23,1737107100,22600.25,22626.6,22597.8,22611.8,0,147.32435005961656,4
24,1737344700,22697.7,22794.65,22638.9,22789.85,0,150.37749980265826,4
25,1737351900,22788.95,23002.95,22788.65,22984.15,0,155.79254360396507,2
26,1737359100,22985.4,23025.5,22915.8,22938.35,0,151.9391117678961,2
27,1737366300,22938.75,22941.0,22906.0,22922.6,0,142.2803415000788,2
28,1737431100,23003.2,23009.4,22616.35,22640.9,0,162.76429187496507,4
29,1737438300,22641.05,22905.9,22596.3,22705.7,0,174.63670706294144,2
30,1737445500,22704.0,22739.9,22492.1,22555.85,0,180.4970890614797,2
31,1737452700,22555.15,22585.25,22552.45,22579.55,0,168.76825383233685,2
32,1737517500,22607.1,22629.3,22489.6,22509.75,0,166.47818386258203,4
33,1737524700,22510.1,22528.1,22370.85,22432.25,0,165.75647180958282,4
34,1737531900,22433.2,22677.5,22367.3,22669.95,0,176.9769597480935,2
35,1737539100,22667.05,22679.2,22627.25,22674.0,0,167.32511176085907,2
36,1737603900,22684.55,22719.55,22563.6,22647.4,0,166.45201176436123,2
37,1737611100,22646.55,22693.25,22583.6,22687.1,0,162.115257573212,2
38,1737618300,22685.25,22716.2,22613.8,22625.85,0,157.57840260249029,2
39,1737625500,22626.8,22638.65,22616.55,22635.75,0,147.33203990665115,2
40,1737690300,22616.9,22722.55,22520.35,22710.4,0,151.4643910489124,2
41,1737697500,22707.55,22736.25,22572.95,22616.35,0,152.35233317282064,2
42,1737704700,22613.7,22621.05,22458.45,22493.75,0,153.1183897316206,2
43,1737711900,22493.95,22531.1,22493.95,22507.25,0,144.49289713116917,2
44,1737949500,22357.4,22494.2,22320.85,22416.65,0,147.60566615858804,1
45,1737956700,22416.55,22492.55,22388.15,22433.25,0,144.4055606125946,1
46,1737963900,22433.5,22439.3,22346.85,22395.7,0,140.5675040418538,1
47,1737971100,22394.9,22396.35,22353.4,22355.85,0,133.37388887890307,1
48,1738035900,22650.85,22782.15,22589.7,22760.8,0,154.9114124449114,4
49,1738043100,22761.45,22950.65,22739.0,22948.7,0,159.07441321767936,2
50,1738050300,22947.0,22984.0,22762.6,22802.85,0,163.63847296125746,4
51,1738057500,22804.15,22836.15,22788.8,22810.45,0,155.13805530658811,4
52,1738122300,22865.7,23027.35,22803.4,22983.35,0,160.15966724308942,4
53,1738129500,22982.3,23046.0,22895.15,22979.4,0,159.48133570709135,4
54,1738136700,22979.25,23059.6,22971.55,23043.3,0,154.28408047982686,4
55,1738143900,23041.65,23060.5,23031.35,23036.45,0,145.1915749960481,4
56,1738208700,23088.6,23161.85,23012.9,23134.7,0,145.464333605537,4
57,1738215900,23133.5,23150.8,23094.4,23118.55,0,139.00809090225647,4
58,1738223100,23120.2,23136.6,23070.85,23128.6,0,133.70326611512672,4
59,1738230300,23126.15,23197.25,23112.85,23178.3,0,130.13658817989634,2
60,1738295100,23122.2,23184.9,23031.95,23142.1,0,131.78544177648294,4
61,1738302300,23142.15,23256.05,23104.2,23245.65,0,133.23439292230097,2
62,1738309500,23244.65,23267.75,23090.55,23229.0,0,136.40685211068043,2
63,1738316700,23227.1,23251.05,23216.35,23246.45,0,129.07326220489188,2
64,1738381500,23231.75,23320.05,23166.55,23313.45,0,130.83336541268437,2
65,1738388700,23313.4,23387.3,22795.95,22873.15,0,163.9957232877735,1
66,1738395900,22873.6,23244.05,22820.75,23178.2,0,182.65766369260513,2
67,1738403100,23178.5,23186.25,23141.75,23180.95,0,172.71993036395136,2
68,1738554300,22964.55,23102.75,22911.75,23098.2,0,179.6562977581034,1
69,1738561500,23097.8,23160.15,22996.75,23149.7,0,178.48810661955847,4
70,1738568700,23151.35,23164.6,23081.45,23138.5,0,171.63999081996806,4
71,1738575900,23139.65,23145.8,23124.0,23140.45,0,160.88133287041543,1
72,1738640700,23288.3,23470.2,23239.6,23383.45,0,173.00175466732279,4
73,1738647900,23385.4,23520.4,23367.35,23518.6,0,171.570227303012,4
74,1738655100,23519.5,23648.8,23482.95,23637.4,0,171.15993580975703,2
75,1738662300,23636.65,23638.95,23572.45,23585.85,0,163.655287403741,4
76,1738727100,23714.4,23732.95,23621.3,23677.05,0,162.4685174456046,2
77,1738734300,23675.05,23734.7,23656.45,23734.0,0,156.43284099939913,2
78,1738741500,23733.65,23743.8,23654.65,23667.0,0,151.6120399825042,2
79,1738748700,23666.7,23667.9,23636.05,23638.65,0,143.0330134874593,2
80,1738813500,23705.5,23734.3,23601.0,23617.7,0,142.3359425617209,4
81,1738820700,23617.45,23633.05,23571.55,23585.75,0,136.547638233783,4
82,1738827900,23585.9,23676.6,23579.2,23650.55,0,133.7449450938633,2
83,1738835100,23652.15,23683.1,23644.55,23669.2,0,126.93078224056876,2
84,1738899900,23724.95,23780.45,23494.9,23626.05,0,138.28319490175116,2
85,1738907100,23623.8,23695.35,23513.1,23544.35,0,141.42946324096397,2
86,1738914300,23543.85,23576.1,23410.8,23550.3,0,143.13741627615354,2
87,1738921500,23550.55,23576.5,23531.45,23556.95,0,136.1200522111587,2
88,1739159100,23479.8,23532.4,23281.8,23344.0,0,146.06539692430368,2
89,1739166300,23342.5,23357.8,23283.9,23324.65,0,140.9036729741124,2
90,1739173500,23323.55,23433.95,23296.35,23401.1,0,140.66739655571354,2
91,1739180700,23402.3,23408.5,23379.0,23382.55,0,132.71750220837802,2
92,1739245500,23329.55,23358.8,23130.85,23186.1,0,141.22555968994848,2
93,1739252700,23186.15,23212.65,23020.3,23027.3,0,144.88101878056224,2
94,1739259900,23027.25,23123.65,22966.0,23091.25,0,145.7939500157288,2
95,1739267100,23091.45,23100.95,23054.85,23059.25,0,138.66671082927616,2
96,1739331900,23068.25,23130.45,22819.9,22969.7,0,150.9540823980505,1
97,1739339100,22969.45,23276.55,22954.9,23257.5,0,163.15586322947914,2
98,1739346300,23258.7,23310.1,23086.95,23207.1,0,167.44416608042334,4
99,1739353500,23206.0,23220.5,23192.85,23217.85,0,157.4523618110297,4
100,1739418300,23195.3,23459.5,23188.45,23436.6,0,165.57138830595582,2
101,1739425500,23436.75,23485.8,23334.8,23334.8,0,164.52999011419027,2
102,1739432700,23336.15,23372.05,23232.9,23271.45,0,162.71618798004124,2
103,1739439900,23271.05,23283.0,23249.75,23262.3,0,153.46412376139688,2
104,1739504700,23321.8,23368.2,23095.15,23144.2,0,162.009813911209,2
105,1739511900,23143.65,23174.4,22998.6,23035.85,0,162.99523857237153,4
106,1739519100,23035.65,23232.35,23006.6,23190.8,0,167.47945977489331,2
107,1739526300,23190.65,23195.4,23154.85,23158.05,0,158.40980519360204,2
108,1739763900,23053.6,23183.2,22958.55,23059.25,0,163.1428296304649,4
109,1739771100,23058.0,23166.55,23040.8,23095.8,0,160.47108401812375,4
110,1739778300,23097.7,23281.45,23090.9,23281.25,0,162.6201973782541,2
111,1739785500,23281.5,23293.8,23266.05,23272.1,0,152.98403313033862,2
112,1739850300,23258.5,23311.15,23092.5,23111.2,0,157.67562516659262,4
113,1739857500,23111.5,23246.8,23103.0,23227.3,0,156.68428033620228,4
114,1739864700,23226.8,23310.55,23226.8,23278.05,0,151.47357242449826,4
115,1739871900,23277.15,23281.85,23255.95,23262.95,0,142.50224661997112,4
116,1739936700,23197.15,23501.4,23158.4,23440.9,0,156.82616101469944,2
117,1739943900,23441.7,23473.2,23387.65,23430.65,0,151.73413311645925,2
118,1739951100,23432.5,23472.2,23329.0,23463.35,0,151.12445505973645,2
119,1739958300,23463.65,23463.85,23424.25,23430.45,0,143.1572440570676,2
120,1740023100,23321.3,23396.05,23227.6,23294.2,0,147.42159806031339,2
121,1740030300,23293.85,23297.35,23228.65,23244.6,0,141.79790951365896,2
122,1740037500,23244.4,23312.2,23236.4,23283.45,0,137.08321474965476,2
123,1740044700,23283.2,23284.45,23261.35,23266.3,0,128.94066109658414,2
124,1740109500,23189.65,23288.0,23030.9,23110.5,0,138.09583449114083,2
125,1740116700,23110.7,23194.05,23093.0,23129.95,0,135.4494525176688,2
126,1740123900,23129.3,23197.7,23075.8,23187.75,0,134.48154925670545,2
127,1740131100,23187.95,23190.05,23130.45,23135.2,0,129.13242981857596,2
128,1740368700,22996.7,23049.05,22842.6,22883.75,0,140.80957136895842,4
129,1740375900,22882.7,22998.5,22878.7,22967.8,0,139.30878189732263,4
130,1740383100,22967.85,23037.6,22931.5,22997.9,0,136.9365707571516,4
131,1740390300,22997.5,23009.95,22978.65,22996.3,0,129.39064272749758,1
132,1740455100,23008.1,23121.25,23002.6,23033.55,0,129.07343605666907,4
133,1740462300,23034.2,23076.2,23017.85,23052.85,0,124.0214972665162,4
134,1740469500,23052.6,23077.35,23032.6,23040.8,0,118.35897187231326,4
135,1740476700,23043.05,23050.85,23005.9,23028.65,0,113.11523690318894,1
136,1740627900,23081.8,23261.65,23081.75,23225.7,0,121.67879363345783,2
137,1740635100,23226.15,23229.2,23195.7,23219.05,0,115.3800629304909,2
138,1740642300,23219.55,23243.3,23159.75,23164.85,0,113.10640473738185,2
139,1740649500,23164.75,23169.75,23118.85,23123.75,0,108.66294081642468,2
140,1740714300,23034.3,23108.35,22963.8,23091.7,0,112.32641648441911,2
141,1740721500,23091.8,23128.75,22932.2,22939.15,0,118.34256102771386,4
142,1740728700,22940.6,23117.55,22925.85,23034.2,0,123.58251905939561,2
143,1740735900,23034.55,23039.85,22993.65,23009.0,0,118.05505819415166,2
144,1740973500,23117.8,23159.95,22866.95,22899.75,0,130.55141532648855,4
145,1740980700,22897.9,23035.2,22855.6,23000.0,0,134.0549611223802,2
146,1740987900,22999.9,23027.35,22908.3,22947.3,0,132.9831567486722,4
147,1740995100,22946.9,22983.25,22935.45,22982.8,0,126.89853255055317,4
148,1741059900,22865.0,23029.15,22861.05,22974.1,0,129.84154526391032,4
149,1741067100,22973.8,23027.3,22927.25,23024.6,0,127.71354366862661,4
150,1741074300,23022.15,23076.45,22998.1,23025.95,0,124.18752383343663,4
151,1741081500,23026.05,23054.25,23021.9,23043.95,0,117.62761012693564,4
152,1741146300,22985.8,23118.3,22952.25,23053.05,0,121.08639660646323,4
153,1741153500,23053.1,23126.7,23043.95,23072.0,0,118.34804996207336,2
154,1741160700,23071.5,23084.3,23024.45,23044.1,0,114.16957162884572,4
155,1741167900,23044.7,23057.85,23032.8,23056.15,0,107.80382259438156,2
156,1741232700,23175.5,23198.65,22942.4,23140.35,0,118.4072220533483,4
157,1741239900,23140.2,23141.85,23031.1,23108.2,0,117.86027277978037,4
158,1741247100,23109.25,23190.55,23095.9,23167.35,0,116.20238252642021,4
159,1741254300,23167.4,23169.6,23147.7,23149.35,0,109.46644665194181,4
160,1741319100,23089.35,23235.95,23066.55,23216.15,0,113.74744508684532,2
161,1741326300,23216.25,23234.05,23102.7,23114.6,0,115.00477871180371,4
162,1741333500,23114.7,23190.4,23093.6,23139.8,0,113.70442942937905,4
163,1741340700,23140.0,23141.85,23113.35,23121.3,0,107.6183642229392,4
164,1741578300,23110.0,23288.0,23102.25,23188.9,0,113.19922475432456,2
165,1741585500,23189.25,23246.7,23168.8,23233.85,0,110.67783922181047,2
166,1741592700,23232.45,23234.8,23028.35,23066.55,0,117.51873892701879,2
167,1741599900,23068.0,23071.6,23015.4,23030.65,0,113.13881052693965,4
168,1741664700,22992.35,23189.15,22934.55,23156.9,0,123.24322078435023,4
169,1741671900,23156.6,23171.0,23115.2,23160.95,0,118.42583034850931,4
170,1741679100,23161.55,23258.55,23153.15,23208.35,0,117.49541075249074,4
171,1741686300,23208.2,23224.35,23198.75,23221.15,0,110.93143225491943,4
172,1741751100,23254.45,23365.9,23250.8,23316.7,0,113.34705127169144,2
173,1741758300,23316.65,23316.95,23200.6,23292.95,0,113.56154818948514,4
174,1741765500,23295.1,23356.05,23285.65,23326.15,0,110.47857271998556,4
175,1741772700,23326.65,23342.75,23311.85,23332.75,0,104.79437570019408,4
176,1741837500,23399.15,23458.2,23320.7,23405.7,0,107.13049677975147,2
177,1741844700,23406.2,23406.5,23305.05,23311.0,0,106.72474619399465,1
178,1741851900,23309.7,23342.45,23262.9,23301.25,0,104.78368927062012,1
179,1741859100,23302.35,23306.95,23264.2,23273.05,0,100.35270378414712,1
180,1742183100,23313.65,23535.25,23305.45,23497.4,0,111.91324355193954,1
181,1742190300,23496.9,23561.9,23484.3,23514.75,0,109.46229392035544,1
182,1742197500,23514.85,23567.7,23491.45,23533.9,0,107.08998391900629,1
183,1742204700,23533.75,23544.05,23523.95,23535.1,0,100.87640563069633,1
184,1742269500,23744.65,23862.0,23678.25,23831.55,0,117.02096740731047,4
185,1742276700,23831.85,23863.2,23780.65,23861.7,0,114.55875271337194,4
186,1742283900,23862.5,23972.6,23859.55,23969.45,0,114.45098455120791,4
187,1742291100,23970.1,24008.2,23960.95,23992.05,0,109.65090962660466,4
188,1742355900,23994.0,24176.65,23968.45,24163.85,0,116.69013663088,4
189,1742363100,24163.95,24199.35,24135.85,24158.8,0,112.89083801819544,4
190,1742370300,24159.4,24181.2,24130.7,24143.45,0,108.43434616929146,4
191,1742377500,24143.5,24159.15,24128.8,24143.45,0,102.8568888980902,4
192,1742442300,24263.45,24292.75,24131.0,24195.35,0,107.06354247385522,4
193,1742449500,24196.05,24254.65,24157.35,24250.15,0,106.3661461544793,1
194,1742456700,24252.7,24352.45,24241.75,24301.75,0,106.67570732001552,1
195,1742463900,24301.6,24311.95,24275.35,24277.05,0,101.67029700319836,1
196,1742528700,24316.7,24526.25,24294.55,24512.7,0,112.20813811421316,1
197,1742535900,24513.3,24557.45,24476.65,24513.3,0,109.96469865293696,1
198,1742543100,24513.2,24593.6,24430.0,24566.85,0,113.7957932309326,1
199,1742550300,24567.55,24604.4,24547.95,24561.1,0,109.69966353005591,1
200,1742787900,24759.7,25088.75,24673.15,25039.85,0,139.55326990810943,4
201,1742795100,25040.8,25062.75,24982.9,25057.8,0,135.2887491810243,4
202,1742802300,25057.15,25098.25,25003.75,25043.2,0,132.3752661781077,4
203,1742809500,25044.95,25101.3,25043.8,25090.9,0,127.06988846933491,4
204,1742874300,25158.65,25297.35,25036.3,25189.55,0,136.63989903738988,2
205,1742881500,25189.8,25202.35,25068.75,25093.95,0,136.4227633370505,2
206,1742888700,25094.55,25161.8,25047.1,25087.75,0,134.87113702070488,2
207,1742895900,25088.0,25110.15,25006.45,25020.05,0,132.64462674889853,2
208,1742960700,25114.45,25151.35,24984.6,25020.15,0,135.0807253306206,2
209,1742967900,25020.55,25032.7,24836.45,24860.3,0,139.44996005556249,4
210,1742975100,24860.75,24869.1,24769.45,24846.7,0,136.607105270462,4
211,1742982300,24847.5,24847.5,24803.8,24809.6,0,129.97088239155642,4
212,1743047100,24775.05,25063.15,24764.3,25054.15,0,142.03367831901673,4
213,1743054300,25053.45,25081.05,25024.5,25051.25,0,135.92770044427277,4
214,1743061500,25051.5,25101.05,24982.1,24992.7,0,134.7150073982772,4
215,1743068700,24991.4,25053.55,24973.65,25008.05,0,130.79964925592418,4
216,1743133500,25034.05,25092.8,24948.6,24971.8,0,131.75681727314463,4
217,1743140700,24972.05,25051.1,24937.35,25002.7,0,130.47061590592497,4
218,1743147900,25003.3,25199.05,24990.25,25091.4,0,136.06557245157876,2
219,1743155100,25092.0,25092.0,25041.95,25054.55,0,129.92160244120646,2
220,1743479100,24855.7,24998.05,24560.1,24585.75,0,155.95934728656167,4
221,1743486300,24585.9,24629.55,24521.45,24578.25,0,152.54082221673102,4
222,1743493500,24578.35,24580.85,24518.4,24535.25,0,146.10576302612148,4
223,1743500700,24534.7,24552.9,24516.4,24541.25,0,138.27677943220692,4
224,1743565500,24582.45,24746.85,24577.3,24710.55,0,143.08558119827427,2
225,1743572700,24709.85,24725.65,24645.4,24706.9,0,138.59732514104772,2
226,1743579900,24705.0,24772.1,24676.1,24759.25,0,135.554658897544,2
227,1743587100,24758.9,24762.25,24739.65,24750.1,0,127.48646857740087,2
228,1743651900,24550.95,24795.85,24548.6,24721.65,0,136.04100692888315,4
229,1743659100,24722.6,24749.55,24689.9,24714.25,0,130.58450620135633,4
230,1743666300,24716.3,24748.25,24694.85,24732.35,0,125.07132696873857,4
231,1743673500,24731.9,24735.25,24710.6,24713.75,0,117.89837477874516,4
232,1743738300,24792.15,24942.55,24726.2,24866.5,0,125.81991970777919,2
233,1743745500,24867.35,24891.35,24820.9,24834.15,0,121.86492531759042,2
234,1743752700,24833.8,24856.45,24718.75,24796.45,0,122.99600211390684,2
235,1743759900,24793.65,24796.4,24763.9,24768.85,0,116.53557321493771,2
236,1743997500,23767.25,24216.4,23724.1,23790.25,0,182.83660538200726,2
237,1744004700,23789.95,23859.3,23546.5,23631.65,0,192.1197052163155,4
238,1744011900,23632.45,23953.0,23566.95,23932.6,0,205.97186943251975,1
239,1744019100,23933.55,24006.55,23899.25,23974.1,0,198.9238786155739,1
240,1744083900,24143.75,24396.2,24044.0,24184.4,0,214.86503044377616,4
241,1744091100,24184.9,24393.55,24054.85,24382.25,0,223.71038556703326,2
242,1744098300,24382.85,24403.45,24207.15,24294.2,0,221.75250085182483,2
243,1744105500,24293.95,24337.25,24287.85,24319.45,0,209.4416077478809,2
244,1744170300,24297.35,24301.35,23991.35,24005.5,0,217.9172073133407,1
245,1744177500,24005.05,24137.25,23994.7,24136.3,0,212.53383529227338,1
246,1744184700,24136.7,24142.7,24097.6,24133.3,0,200.5742754839015,1
247,1744191900,24133.4,24164.95,24129.7,24161.4,0,188.7653985310081,1
248,1744343100,24319.2,24584.9,24319.2,24544.3,0,205.53215595363596,1
249,1744350300,24544.7,24698.6,24542.35,24675.15,0,202.0120019228617,1
250,1744357500,24675.0,24682.9,24508.25,24553.25,0,200.05757319651286,1
251,1744364700,24552.75,24566.5,24525.7,24549.4,0,188.68203215892817,1
252,1744688700,25215.85,25233.1,25035.6,25219.55,0,224.0404587074178,4
253,1744695900,25220.65,25291.75,25218.5,25252.3,0,213.26971157934884,4
254,1744703100,25252.2,25282.9,25239.9,25272.15,0,201.10758924237936,4
255,1744710300,25272.45,25333.05,25270.05,25300.1,0,191.2427613781179,4
256,1744775100,25401.7,25437.65,25287.6,25338.1,0,188.30042126272158,4
257,1744782300,25338.95,25367.4,25303.15,25365.95,0,179.439676839388,4
258,1744789500,25366.6,25500.05,25299.95,25480.2,0,180.9154142153374,4
259,1744796700,25479.9,25514.4,25477.9,25483.55,0,170.60002743806544,4
260,1744861500,25509.65,25686.5,25470.85,25608.45,0,173.81788263485038,1
261,1744868700,25608.7,26030.25,25602.65,26027.05,0,191.9451768044934,2
262,1744875900,26027.2,26116.4,25996.55,26059.55,0,186.7955212994304,2
263,1744883100,26059.75,26089.8,26039.85,26056.4,0,177.0208411730765,2
264,1727927100,24215.25,24326.25,24105.75,24135.45,0,303.7086386357678,2
265,1727934300,24134.9,24136.45,23942.4,23959.25,0,295.87587871004035,2
266,1727941500,23958.2,23961.95,23819.8,23885.95,0,284.8954587720161,2
267,1727948700,23886.35,23910.15,23871.1,23892.1,0,267.3350688149351,2
268,1728013500,23795.3,23968.1,23732.75,23938.7,0,265.05042103702806,2
269,1728020700,23937.2,24035.75,23686.65,23722.55,0,271.0539624047306,2
270,1728027900,23722.45,23730.45,23560.0,23639.9,0,263.86796507543056,2
271,1728035100,23639.95,23666.8,23638.1,23658.75,0,247.07025325247173,2
272,1728272700,23641.4,23744.85,23462.25,23511.45,0,249.6080923103357,2
273,1728279900,23509.35,23652.6,23300.65,23322.0,0,256.91822858583674,4
274,1728287100,23324.95,23609.55,23120.5,23189.05,0,273.49906942631105,4
275,1728294300,23191.55,23295.55,23185.0,23266.25,0,261.85985016516344,1
276,1728359100,23311.7,23502.1,23213.55,23461.65,0,263.7662894415763,4
277,1728366300,23461.5,23489.7,23429.85,23473.15,0,249.20084017804172,4
278,1728373500,23473.05,23511.05,23428.95,23445.7,0,237.2650658661357,4
279,1728380700,23445.8,23485.95,23441.05,23475.65,0,223.5247040041511,4
280,1728445500,23518.15,23824.35,23467.55,23757.9,0,233.0443680131209,2
281,1728452700,23754.6,23772.65,23566.75,23571.45,0,231.10548458185988,4
282,1728459900,23568.05,23635.0,23509.2,23544.05,0,223.58366424827105,4
283,1728467100,23545.3,23592.4,23542.65,23583.35,0,211.16697393514613,4
284,1728531900,23631.25,23693.25,23572.05,23612.4,0,204.74076150655662,4
285,1728539100,23611.3,23721.75,23596.75,23720.05,0,199.04499282368934,4
286,1728546300,23720.55,23821.15,23710.2,23768.95,0,192.75249333235652,2
287,1728553500,23767.75,23768.35,23746.15,23763.8,0,180.61302951586853,2
288,1728618300,23740.95,23762.6,23583.85,23589.5,0,180.56567026470964,4
289,1728625500,23589.4,23617.45,23527.0,23607.4,0,174.12883667115742,4
290,1728632700,23607.5,23641.6,23581.35,23608.3,0,165.99463404801543,4
291,1728639900,23608.0,23626.55,23604.15,23618.5,0,155.7378744687386,4
292,1728877500,23654.15,23859.3,23630.75,23848.65,0,161.8137405805448,2
293,1728884700,23850.2,23875.35,23815.65,23821.35,0,154.5199019649393,4
294,1728891900,23821.75,23869.6,23807.15,23848.9,0,147.9434803937466,2
295,1728899100,23848.7,23888.55,23847.8,23882.75,0,140.2868032203125,2
296,1728963900,23948.05,23954.5,23819.75,23868.35,0,139.89131727588682,2
297,1728971100,23869.15,23912.2,23819.35,23875.0,0,136.53122318382432,2
298,1728978300,23873.25,23929.3,23808.65,23867.0,0,135.3968500989744,2
299,1728985500,23867.05,23910.9,23855.1,23890.2,0,129.71136080483694,2
300,1729050300,23805.35,23983.75,23805.3,23953.2,0,133.1926921766898,2
301,1729057500,23952.2,23955.3,23884.65,23924.1,0,128.7253570202946,2
302,1729064700,23924.05,23944.3,23869.85,23884.9,0,124.84854580382024,2
303,1729071900,23884.85,23889.5,23868.4,23877.45,0,117.43793538794966,2
304,1729136700,23904.35,23924.5,23582.95,23586.5,0,133.4459400057275,2
305,1729143900,23586.8,23624.25,23545.85,23559.65,0,129.51408714757548,2
306,1729151100,23559.8,23590.4,23531.35,23589.75,0,124.48093806489263,2
307,1729158300,23590.3,23612.3,23562.3,23574.3,0,119.16087105955724,2
308,1729223100,23550.8,23723.6,23428.9,23699.45,0,131.69938027112102,4
309,1729230300,23701.25,23883.65,23681.25,23844.45,0,136.74942453804272,4
310,1729237500,23843.85,23987.5,23841.1,23925.15,0,137.43875135682669,1
311,1729244700,23925.7,23969.25,23922.4,23965.45,0,130.96812625927723,4
312,1729482300,24096.8,24213.8,23938.95,24028.0,0,141.24540295597686,2
313,1729489500,24029.5,24037.35,23911.4,23948.05,0,140.1528741733147,4
314,1729496700,23949.6,24032.4,23933.55,23973.45,0,137.20266887498983,4
315,1729503900,23973.8,23973.8,23899.1,23901.35,0,132.73819252645154,4
316,1729568700,24000.4,24124.75,23883.1,24019.7,0,140.51760734651631,2
317,1729575900,24019.25,24026.85,23773.8,23821.4,0,148.55563539369786,2
318,1729583100,23822.5,23918.0,23662.85,23693.6,0,156.16951858030586,4
319,1729590300,23692.7,23728.55,23679.3,23705.4,0,148.53241010987094,4
320,1729655100,23597.25,23903.55,23597.05,23809.0,0,159.81580938830396,2
321,1729662300,23808.3,23836.8,23747.55,23792.35,0,154.77539443176147,4
322,1729669500,23792.2,23826.75,23742.75,23748.25,0,149.7200091149882,4
323,1729676700,23747.75,23768.25,23722.7,23759.25,0,142.27929417790406,4
324,1729741500,23771.45,23965.75,23731.05,23877.5,0,148.88077316544317,2
325,1729748700,23877.05,23936.6,23868.5,23884.3,0,143.11071793913993,2
326,1729755900,23884.65,23906.5,23815.85,23854.95,0,139.3635238005094,2
327,1729763100,23854.25,23880.9,23854.25,23872.15,0,131.31255781451816,2
328,1729827900,23910.3,23990.3,23587.65,23630.45,0,150.69380368544756,1
329,1729835100,23633.8,23730.3,23633.8,23662.6,0,147.06210342210758,1
330,1729842300,23662.5,23746.5,23551.05,23737.7,0,150.51838174918265,4
331,1729849500,23739.9,23780.15,23738.35,23777.55,0,142.79921162406953,4
332,1730087100,23887.7,24033.55,23841.5,23957.95,0,150.88498222251718,2
333,1730094300,23958.25,24001.6,23900.65,23933.95,0,147.3181977779831,4
334,1730101500,23938.3,23975.8,23826.25,23869.75,0,147.47761222241567,1
335,1730108700,23869.4,23898.85,23852.25,23883.65,0,140.27206849212396,1
336,1730173500,23877.95,23965.9,23799.8,23933.6,0,142.116920742715,4
337,1730180700,23933.1,24170.05,23885.1,24156.7,0,152.3192835469522,4
338,1730187900,24161.3,24379.95,24095.1,24364.2,0,161.78576329372385,2
339,1730195100,24363.2,24367.6,24329.3,24339.25,0,152.965351629778,2
340,1730259900,24208.5,24308.9,24066.2,24123.85,0,161.54282651346307,2
341,1730267100,24124.45,24192.85,24095.3,24109.7,0,156.97191033388154,2
342,1730274300,24108.65,24113.4,23994.55,24029.7,0,154.24891673857766,2
343,1730281500,24028.25,24084.6,24019.05,24060.2,0,147.91327982862134,2
344,1730346300,23966.85,24058.05,23918.9,23948.3,0,147.44090269800148,2
345,1730353500,23948.55,23956.1,23810.3,23850.6,0,147.32369536242896,4
346,1730360700,23850.65,23899.05,23804.8,23882.7,0,143.53271712222775,2
347,1730367900,23882.85,23925.1,23882.15,23909.15,0,136.3482373277339,2
348,1730461500,23920.95,24019.45,23878.15,23951.45,0,136.70193466146935,2
349,1730691900,23997.9,23997.95,23610.75,23631.2,0,154.59465361432632,2
350,1730699100,23631.1,23682.0,23606.9,23633.2,0,148.9164640704149,2
351,1730706300,23632.85,23668.4,23612.4,23664.0,0,142.27957377963745,2
352,1730713500,23663.9,23682.05,23645.0,23663.3,0,134.76317565248522,2
353,1730778300,23579.1,23726.9,23505.75,23620.25,0,140.93366310590608,2
354,1730785500,23618.45,23634.6,23419.8,23552.9,0,146.20983002693407,1
355,1730792700,23552.8,24174.0,23543.7,24122.2,0,180.7876993108542,2
356,1730799900,24120.9,24127.55,24057.05,24063.2,0,172.9100065029086,4
357,1730864700,24218.35,24257.05,24099.35,24166.7,0,174.40572032413417,2
358,1730871900,24165.95,24239.0,24159.7,24187.1,0,167.61245458667554,2
359,1730879100,24185.05,24228.45,24139.05,24168.65,0,162.0258506876118,2
360,1730886300,24168.85,24209.45,24167.95,24203.75,0,153.4168613527601,2
361,1730951100,24134.0,24194.6,23871.85,23954.45,0,166.16565697045084,2
362,1730958300,23954.25,23996.5,23877.1,23996.15,0,162.82525290112557,2
363,1730965500,23997.0,23997.2,23922.2,23957.5,0,156.55202055103214,2
364,1730972700,23957.55,23976.3,23945.6,23955.3,0,147.56259051165546,2
365,1731037500,23948.5,24037.05,23836.55,23894.3,0,151.34383404654398,2
366,1731044700,23893.7,23900.15,23818.1,23890.25,0,146.3942744717828,2
367,1731051900,23891.0,23952.4,23817.05,23829.85,0,145.60539772379727,4
368,1731059100,23830.7,23845.2,23801.55,23816.75,0,138.32286931494428,1
369,1731296700,23828.7,24115.25,23727.85,24113.2,0,156.11409293532915,2
370,1731303900,24111.4,24145.25,24018.8,24040.75,0,153.99522915423168,2
371,1731311100,24041.15,24047.5,23913.3,23986.85,0,152.58128421464215,2
372,1731318300,23989.4,23995.1,23927.95,23934.4,0,146.47904962787536,4
373,1731383100,24050.7,24091.8,23790.5,23877.0,0,157.53768894018089,2
374,1731390300,23875.0,23934.1,23610.55,23646.75,0,169.3957111587502,2
375,1731397500,23646.3,23677.95,23486.25,23537.35,0,170.98887464741233,2
376,1731404700,23538.05,23599.05,23537.15,23551.4,0,163.19681217259082,2
377,1731469500,23516.2,23632.35,23373.7,23375.85,0,170.01489701741062,2
378,1731476700,23374.95,23413.9,23344.8,23371.05,0,162.80669008759082,2
379,1731483900,23374.3,23440.95,23053.55,23128.85,0,178.8490693670589,4
380,1731491100,23128.0,23247.75,23128.0,23221.35,0,174.62770726940934,4
381,1731555900,23100.15,23365.1,23089.55,23101.5,0,181.83644246445544,4
382,1731563100,23101.95,23266.3,23100.1,23247.1,0,180.7195537169938,4
383,1731570300,23246.95,23267.45,23145.95,23206.95,0,176.4895855943494,4
384,1731577500,23206.5,23233.5,23198.95,23230.9,0,166.3510437661771,4
385,1731901500,23270.25,23326.6,23194.6,23238.0,0,163.89739778287773,4
386,1731908700,23237.9,23347.9,23234.5,23297.5,0,160.29044079838522,4
387,1731915900,23296.95,23300.4,23228.5,23265.85,0,153.97683788421276,4
388,1731923100,23265.65,23288.05,23233.95,23256.9,0,146.84277803533797,4
389,1731987900,23361.6,23447.7,23289.85,23437.9,0,149.98257960424328,2
390,1731995100,23437.25,23464.65,23416.05,23459.35,0,142.74096677536687,2
391,1732002300,23457.7,23466.15,23379.5,23398.3,0,138.734469148554,2
392,1732009500,23397.25,23424.7,23312.5,23320.3,0,136.8391499236569,2
393,1732160700,23416.2,23426.2,23094.85,23220.5,0,150.73278207197038,1
394,1732167900,23221.8,23366.7,23214.75,23285.45,0,150.81972620968688,4
395,1732175100,23283.75,23334.15,23227.85,23276.75,0,147.6397457661374,4
396,1732182300,23278.3,23312.0,23273.15,23296.7,0,139.86904963998325,4
397,1732247100,23324.7,23532.95,23319.3,23417.25,0,146.75340323712848,4
398,1732254300,23414.6,23573.6,23385.65,23554.0,0,149.69601729161954,1
399,1732261500,23553.5,23673.5,23501.15,23626.75,0,151.31415891364685,1
400,1732268700,23626.95,23627.3,23573.9,23606.25,0,144.32029041981383,1
401,1732506300,24037.65,24135.8,23931.95,24107.85,0,171.83669824697336,4
402,1732513500,24108.85,24128.15,23949.85,23991.6,0,172.29836265790408,4
403,1732520700,23991.9,24060.35,23963.75,24046.85,0,166.89133675376738,4
404,1732527900,24046.6,24127.1,24043.65,24062.1,0,160.93124127135462,4
405,1732592700,24229.75,24229.95,23954.0,24013.8,0,169.1468668948301,4
406,1732599900,24014.6,24047.8,24002.15,24029.15,0,160.32566211662703,4
407,1732607100,24029.75,24059.1,24017.25,24055.2,0,151.86311482258148,1
408,1732614300,24056.0,24064.5,24037.0,24043.55,0,142.98003519239643,4
409,1732679100,24040.95,24109.3,24012.5,24075.35,0,139.68146125008212,1
410,1732686300,24075.05,24201.65,24056.55,24176.25,0,140.0684997322193,4
411,1732693500,24174.3,24196.75,24158.4,24170.3,0,132.8028926084888,4
412,1732700700,24169.15,24175.45,24157.25,24167.4,0,124.61697170788207,4
413,1732765500,24211.9,24378.05,24078.15,24102.0,0,137.1371880144624,2
414,1732772700,24102.2,24138.9,23951.45,23958.3,0,140.73096029914387,4
415,1732779900,23956.9,24023.05,23854.7,23923.95,0,142.703748849205,4
416,1732787100,23923.85,23947.3,23918.95,23946.25,0,134.53562393140422,4
417,1732851900,23968.15,24035.05,23853.5,23963.8,0,137.8937936505897,1
418,1732859100,23966.75,23988.6,23878.4,23931.45,0,135.91566553269018,4
419,1732866300,23931.75,24035.45,23925.55,24003.5,0,134.05740370892664,2
420,1732873500,24003.4,24028.15,23985.25,23995.75,0,127.54616058686037,2
421,1733111100,24033.4,24051.3,23854.8,23932.75,0,132.4714348306562,4
422,1733118300,23933.0,23972.95,23907.75,23955.55,0,127.66633234275211,4
423,1733125500,23955.4,24101.15,23938.3,24076.7,0,130.17945146112717,4
424,1733132700,24076.85,24080.55,24044.1,24074.35,0,123.48449064247512,4
425,1733197500,24199.5,24303.05,24138.75,24290.05,0,130.9998841680128,1
426,1733204700,24289.45,24314.75,24241.25,24279.8,0,126.89274958458326,1
427,1733211900,24279.45,24347.8,24260.3,24289.5,0,124.07898175711297,1
428,1733219100,24290.0,24306.0,24278.45,24278.45,0,117.18405448874759,1
429,1733283900,24339.2,24574.2,24314.1,24540.65,0,129.93876488240866,2
430,1733291100,24541.0,24568.9,24415.55,24519.75,0,131.61099596223679,2
431,1733298300,24523.55,24615.6,24510.2,24567.2,0,129.738781964934,2
432,1733305500,24568.3,24573.9,24536.45,24541.8,0,123.14672611029582,2
433,1733370300,24596.95,24601.4,24336.0,24400.4,0,133.3076742452749,1
434,1733377500,24399.5,24723.7,24379.15,24712.55,0,148.39641179918394,2
435,1733384700,24714.65,24874.85,24558.35,24763.45,0,160.40381095638523,2
436,1733391900,24764.4,24767.75,24721.2,24734.05,0,152.27139588807185,2
437,1733456700,24731.85,24830.85,24562.9,24763.7,0,160.53415332463803,2
438,1733463900,24766.25,24788.35,24713.4,24759.85,0,154.42099951573508,2
439,1733471100,24759.0,24767.55,24695.2,24716.0,0,148.558785264611,4
440,1733478300,24717.05,24731.85,24685.65,24693.4,0,141.24744345999568,4
441,1733715900,24648.2,24804.9,24626.4,24784.6,0,143.9083403557103,2
442,1733723100,24783.9,24856.75,24778.95,24810.25,0,139.18631604458807,2
443,1733730300,24810.2,24826.5,24700.85,24702.1,0,138.2194363271176,4
444,1733737500,24703.05,24738.7,24702.8,24725.3,0,130.96090516089504,4
445,1733802300,24754.45,24838.45,24702.05,24809.15,0,131.34941193511693,2
446,1733809500,24809.5,24818.65,24691.25,24730.2,0,131.06731108260868,4
447,1733816700,24730.45,24816.4,24681.4,24802.5,0,131.34821743385092,2
448,1733823900,24802.6,24818.65,24791.25,24813.1,0,123.9233447600045,2
449,1733888700,24756.1,24813.95,24696.65,24802.25,0,123.45024870571841,2
450,1733895900,24800.95,24865.25,24782.2,24816.95,0,120.56451665530989,2
451,1733903100,24817.45,24865.7,24780.55,24822.65,0,118.03490832278786,2
452,1733910300,24821.05,24823.2,24788.5,24795.15,0,112.0824148711602,2
453,1733975100,24717.55,24858.2,24717.55,24779.7,0,114.12295666607744,2
454,1733982300,24779.45,24804.75,24720.15,24726.85,0,112.0141740470718,2
455,1733989500,24726.4,24754.45,24695.8,24727.85,0,108.20244732942392,2
456,1733996700,24726.8,24750.35,24719.75,24729.95,0,102.6594153773221,2
457,1734061500,24688.35,24733.4,24276.7,24376.35,0,127.94802856465633,1
458,1734068700,24380.45,24754.85,24355.55,24712.8,0,147.33031223860942,4
459,1734075900,24716.3,24906.3,24645.65,24884.1,0,155.42457565013717,2
460,1734083100,24883.9,24911.15,24872.05,24898.1,0,147.11567738941324,2
461,1734320700,24846.9,24931.7,24784.1,24790.45,0,147.15027186159816,2
462,1734327900,24790.75,24856.85,24755.35,24850.4,0,143.88953815719827,2
463,1734335100,24850.3,24896.5,24828.6,24855.85,0,138.46171400311277,2
464,1734342300,24855.35,24862.0,24817.7,24817.7,0,131.73587728860468,2
465,1734407100,24776.35,24821.1,24535.7,24657.55,0,142.7118860537042,2
466,1734414300,24657.6,24685.25,24484.9,24515.6,0,146.82889419272522,2
467,1734421500,24513.15,24541.3,24449.55,24487.15,0,142.8946874646734,2
468,1734428700,24486.6,24509.7,24469.95,24476.2,0,135.52720978862533,2
469,1734493500,24441.9,24512.9,24215.75,24241.45,0,147.07169480372363,2
470,1734500700,24241.0,24275.45,24177.95,24243.95,0,143.5308594606005,2
471,1734507900,24243.35,24267.15,24140.45,24180.75,0,142.3286552134148,2
472,1734515100,24180.15,24231.55,24179.55,24224.35,0,135.8766084124566,2
473,1734579900,23874.6,23955.05,23794.1,23861.9,0,156.9032792401383,2
474,1734587100,23861.7,23977.45,23861.4,23908.9,0,153.98518786584265,2
475,1734594300,23908.55,23925.0,23858.45,23908.35,0,147.73981730399672,2
476,1734601500,23907.35,23928.45,23892.95,23923.0,0,139.72268749656837,2
477,1734666300,23834.45,23958.15,23707.55,23860.1,0,147.64249553252793,2
478,1734673500,23862.8,23881.75,23707.7,23735.85,0,149.52874585163303,2
479,1734680700,23737.3,23778.95,23525.75,23552.3,0,156.93383543365928,1
480,1734687900,23553.4,23654.75,23551.55,23635.25,0,153.0957043312551,4
481,1734925500,23713.8,23889.15,23706.15,23856.1,0,160.29601116473697,2
482,1734932700,23855.85,23874.0,23713.9,23726.65,0,160.28201036725565,4
483,1734939900,23726.7,23796.0,23703.2,23792.45,0,155.46186676959448,4
484,1734947100,23791.35,23809.05,23772.0,23783.25,0,147.00387628605196,4
485,1735011900,23794.45,23833.75,23680.2,23763.2,0,147.47145655133392,4
486,1735019100,23763.15,23819.5,23748.45,23773.55,0,142.01278108338144,4
487,1735026300,23774.25,23789.05,23722.05,23726.05,0,136.65472529171134,4
488,1735033500,23722.6,23764.4,23722.6,23753.4,0,129.879387770875,4
489,1735184700,23809.1,23949.5,23678.0,23763.15,0,139.99514578724109,4
490,1735191900,23764.6,23785.7,23676.2,23717.4,0,137.81692108815244,4
491,1735199100,23717.45,23754.95,23623.9,23740.35,0,137.33356958185578,4
492,1735206300,23741.5,23778.55,23736.3,23758.3,0,130.54188604029466,4
493,1735271100,23799.0,23929.3,23794.2,23888.5,0,133.43175132313075,2
494,1735278300,23888.45,23891.85,23757.85,23802.25,0,133.4723405143357,4
495,1735285500,23802.05,23821.25,23765.0,23780.45,0,127.95645904902601,1
496,1735292700,23781.85,23817.1,23773.95,23806.4,0,121.89885483123828,4
497,1735530300,23757.1,23858.35,23734.0,23801.8,0,122.07393662900688,1
498,1735537500,23800.8,24047.35,23727.15,23753.2,0,136.22579829836334,2
499,1735544700,23753.3,23789.6,23497.2,23547.15,0,147.38109841990865,2
500,1735551900,23548.6,23648.65,23541.05,23576.65,0,144.53959138991533,2
501,1735616700,23462.95,23564.7,23440.45,23538.1,0,143.9439062906357,2
502,1735623900,23538.65,23543.25,23498.8,23527.65,0,136.83719869844748,2
503,1735631100,23529.2,23549.2,23499.05,23516.75,0,130.64525593427277,2
504,1735638300,23516.7,23539.8,23503.85,23533.15,0,123.88130908182475,2
505,1735703100,23512.85,23653.95,23370.35,23635.7,0,135.28978700455173,4
506,1735710300,23634.2,23664.35,23571.5,23592.55,0,132.25837364708363,4
507,1735717500,23593.0,23715.05,23589.4,23613.0,0,131.78634695800608,4
508,1735724700,23613.6,23650.65,23609.35,23633.2,0,125.32303646100584,4
509,1735789500,23632.3,23830.05,23632.3,23809.75,0,130.49639099950542,4
510,1735796700,23809.95,23925.15,23748.45,23922.7,0,133.7966487852551,2
511,1735803900,23920.5,24046.65,23918.75,24004.7,0,133.3754595863084,2
512,1735811100,24004.1,24016.75,23989.45,23997.6,0,125.79864104442917,2
513,1735875900,24000.75,24035.15,23749.45,23802.45,0,137.22016668411285,2
514,1735883100,23803.15,23888.3,23785.3,23848.85,0,134.77586906381907,2
515,1735890300,23848.75,23871.25,23704.35,23736.95,0,137.07044984497497,2
516,1735897500,23736.2,23761.4,23701.65,23718.7,0,131.5475605703339,2
517,1736135100,23738.05,23801.8,23444.45,23465.55,0,147.67630624388138,2
518,1736142300,23465.35,23522.25,23322.7,23403.55,0,151.38157008360406,2
519,1736149500,23402.7,23402.7,23243.45,23283.9,0,152.00431507763224,4
520,1736156700,23284.35,23348.0,23283.9,23338.2,0,145.72543542922983,4
521,1736221500,23375.6,23479.2,23288.8,23410.75,0,148.91647575571352,2
522,1736228700,23411.25,23496.65,23394.35,23471.75,0,145.58672748744848,2
523,1736235900,23472.75,23519.1,23400.0,23438.7,0,143.69481838120205,2
524,1736243100,23438.35,23443.55,23403.3,23422.1,0,136.30590278254476,2
525,1736307900,23420.85,23444.95,23150.9,23172.0,0,147.57333829807723,2
526,1736315100,23170.6,23203.2,23059.3,23069.75,0,147.31095699107183,4
527,1736322300,23070.05,23300.2,23050.3,23239.55,0,154.63874577742396,2
528,1736329500,23239.5,23249.9,23226.65,23233.55,0,145.2538353647508,2
529,1736394300,23179.95,23221.1,22964.2,22983.5,0,154.11784712441138,2
530,1736401500,22983.6,23054.2,22924.3,22975.65,0,152.38800090123925,2
531,1736408700,22975.6,23034.15,22962.7,23020.2,0,146.60671512257937,2
532,1736415900,23022.3,23055.55,23016.9,23051.5,0,138.8955211852521,2
533,1736480700,23010.35,23030.5,22765.8,22936.8,0,149.3815553863056,2
534,1736487900,22937.9,22979.35,22808.25,22821.55,0,150.93287285871224,4
535,1736495100,22822.8,22850.25,22684.65,22689.95,0,151.98052479737555,1
536,1736502300,22689.75,22758.1,22689.75,22746.8,0,146.0069158832772,4
537,1719200700,22833.8,23012.8,22811.05,22974.25,0,154.5778504630431,4
538,1719207900,22974.1,23059.15,22966.3,23054.6,0,150.16871828711157,4
539,1719215100,23054.35,23095.95,23008.1,23087.1,0,145.71738126660375,4
540,1719222300,23087.2,23098.1,23061.75,23071.45,0,137.90542546184625,4
541,1719287100,23101.3,23246.15,23098.05,23220.35,0,140.5336093574287,4
542,1719294300,23219.4,23461.6,23190.55,23444.8,0,149.85620868904087,4
543,1719301500,23443.15,23529.5,23438.0,23526.65,0,145.6879080683951,4
544,1719308700,23526.25,23577.5,23511.6,23518.55,0,139.98877177779553,4
545,1719373500,23518.85,23561.8,23402.1,23512.1,0,141.3967166508102,4
546,1719380700,23509.5,23609.7,23503.5,23571.35,0,138.88266546146667,4
547,1719387900,23569.8,23638.8,23568.25,23581.8,0,134.00176078564758,4
548,1719395100,23579.7,23606.6,23518.45,23518.45,0,130.726635015244,4
549,1719459900,23638.2,23763.2,23504.45,23654.9,0,139.8711610855837,2
550,1719467100,23652.75,23705.25,23611.55,23638.35,0,136.57322100804208,2
551,1719474300,23639.05,23685.7,23566.35,23619.25,0,135.34299093603923,2
552,1719481500,23621.4,23662.25,23605.85,23605.85,0,129.7042058691794,2
553,1719546300,23644.2,23711.05,23611.7,23639.0,0,127.95390544995234,2
554,1719553500,23638.75,23647.1,23445.8,23486.7,0,133.19291220352713,4
555,1719560700,23485.05,23575.75,23388.65,23393.2,0,137.04341847470366,4
556,1719567900,23393.35,23423.6,23379.55,23417.95,0,130.4010314407962,4
557,1719805500,23418.5,23528.7,23361.1,23502.4,0,133.05810062359663,4
558,1719812700,23501.15,23610.3,23498.8,23604.6,0,131.51823629333973,2
559,1719819900,23605.3,23660.25,23587.6,23643.0,0,127.31336227238698,2
560,1719827100,23642.1,23651.6,23598.1,23606.85,0,122.04097925293075,2
561,1719891900,23732.55,23749.25,23395.95,23536.8,0,138.55948073486422,1
562,1719899100,23533.65,23546.55,23410.65,23496.1,0,138.3695178252309,1
563,1719906300,23494.85,23528.75,23474.45,23500.3,0,132.36455226628578,1
564,1719913500,23499.85,23510.25,23483.05,23490.05,0,124.8527985329797,1
565,1719978300,23847.2,23991.45,23692.75,23932.4,0,151.74902720919556,2
566,1719985500,23932.15,23965.0,23899.0,23938.0,0,145.624096694253,2
567,1719992700,23939.2,23969.1,23895.75,23933.95,0,140.46166121609198,2
568,1719999900,23934.1,23950.3,23903.7,23914.8,0,133.7572568435139,2
569,1720064700,24044.25,24046.6,23808.95,23848.75,0,141.17816706897702,2
570,1720071900,23847.35,23876.05,23833.55,23864.2,0,134.1297265640501,2
571,1720079100,23863.65,23925.25,23831.9,23880.55,0,131.2168889523321,2
572,1720086300,23881.05,23885.95,23864.45,23870.2,0,123.37996831287981,2
573,1720151100,23640.4,23719.4,23496.85,23584.9,0,141.2349705762457,2
574,1720158300,23585.35,23628.95,23561.15,23568.2,0,135.98961553508525,2
575,1720165500,23567.8,23675.5,23549.1,23653.45,0,135.30464299686497,2
576,1720172700,23653.8,23662.55,23625.95,23628.55,0,128.25431135423165,2
577,1720410300,23615.6,23680.25,23527.8,23561.6,0,129.98257482892944,2
578,1720417500,23560.15,23579.8,23476.8,23562.55,0,128.05524805543448,2
579,1720424700,23564.65,23638.9,23544.65,23571.55,0,125.64058748004629,2
580,1720431900,23572.35,23621.95,23561.15,23604.8,0,121.00911694575723,2
581,1720496700,23566.25,23658.5,23523.6,23640.25,0,122.00132287820325,2
582,1720503900,23641.05,23685.8,23626.9,23649.2,0,117.49408552976001,2
583,1720511100,23649.0,23678.85,23632.75,23661.75,0,112.39450799191991,2
584,1720518300,23662.15,23683.6,23628.95,23641.6,0,108.26990027821118,2
585,1720583100,23647.5,23649.85,23478.0,23523.05,0,112.81133597262456,2
586,1720590300,23523.0,23591.05,23499.1,23572.95,0,111.32124054600857,2
587,1720597500,23572.7,23618.6,23525.9,23594.95,0,109.99115193557918,2
588,1720604700,23594.3,23617.3,23589.55,23606.8,0,104.11678394018067,2
589,1720669500,23652.4,23684.5,23394.25,23414.1,0,117.4120136587392,4
590,1720676700,23412.4,23490.35,23388.25,23475.55,0,116.31829839740058,4
591,1720683900,23475.8,23621.35,23442.1,23609.9,0,120.8134199404434,4
592,1720691100,23610.3,23631.35,23592.35,23616.9,0,114.96960423041173,4
593,1720755900,23606.95,23819.9,23553.0,23763.45,0,125.821775356811,2
594,1720763100,23762.75,23766.8,23664.3,23712.75,0,124.15593425989593,2
595,1720770300,23713.55,23749.05,23582.35,23583.2,0,127.19479609847484,4
596,1720777500,23581.15,23635.9,23568.6,23635.5,0,122.91659637715541,4
597,1721015100,23627.75,23700.2,23556.2,23665.35,0,124.42255377878716,2
598,1721022300,23665.1,23693.15,23571.85,23691.3,0,124.19951422315971,2
599,1721029500,23692.45,23775.25,23676.4,23690.5,0,122.38883463579106,2
600,1721036700,23687.65,23707.8,23682.2,23704.2,0,115.47534644752015,2
601,1721101500,23696.0,23760.2,23631.35,23706.0,0,116.430678844126,2
602,1721108700,23705.5,23711.3,23681.5,23698.2,0,110.24277321240267,2
603,1721115900,23698.1,23703.9,23632.55,23644.45,0,107.46471798294549,2
604,1721123100,23644.35,23672.35,23628.85,23650.95,0,102.89580955559222,2
605,1721274300,23559.15,23748.35,23524.75,23568.15,0,111.51753744447839,4
606,1721281500,23568.6,23734.75,23523.75,23724.9,0,118.62342762701566,2
607,1721288700,23727.6,23838.5,23703.4,23785.8,0,119.8003256536573,2
608,1721295900,23786.15,23795.1,23758.1,23760.05,0,113.88601667839606,2
609,1721360700,23737.7,23762.05,23572.05,23625.65,0,119.32272977279634,2
610,1721367900,23624.75,23666.75,23570.6,23604.2,0,117.66753478902527,2
611,1721375100,23601.5,23659.25,23585.75,23599.05,0,114.51271087552347,2
612,1721382300,23600.85,23605.55,23566.05,23576.9,0,109.15466009870036,2
613,1721619900,23543.2,23719.05,23450.8,23658.75,0,120.51861294879319,2
614,1721627100,23659.65,23671.15,23594.95,23623.3,0,117.35299773816514,2
615,1721634300,23623.25,23662.0,23591.75,23633.8,0,113.98849789972478,2
616,1721641500,23635.2,23652.1,23624.75,23648.95,0,107.80003376403005,2
617,1721706300,23710.3,23725.0,23470.6,23603.25,0,118.27145992374228,2
618,1721713500,23603.45,23611.75,23111.05,23117.85,0,145.58778421490362,1
619,1721720700,23120.8,23493.8,23120.1,23300.35,0,162.04222819955342,2
620,1721727900,23299.35,23310.05,23256.45,23300.75,0,154.29635475672808,2
621,1721792700,23224.1,23388.35,23114.45,23124.4,0,162.83947227410448,2
622,1721799900,23123.95,23144.75,22969.2,23075.55,0,163.74736711166838,2
623,1721807100,23075.0,23202.85,23015.8,23165.95,0,165.4118408894063,2
624,1721814300,23166.55,23224.8,23143.55,23210.15,0,159.40028082587727,2
625,1721879100,22921.6,23020.8,22866.15,22932.6,0,172.58597505260033,4
626,1721886300,22932.0,23019.5,22907.85,22998.95,0,168.23340540598613,4
627,1721893500,22998.25,23064.2,22981.85,23053.8,0,162.09887644841587,4
628,1721900700,23054.05,23057.95,23034.05,23052.6,0,152.22752813067197,4
629,1721965500,22941.15,23136.95,22934.0,23116.5,0,155.85056183562403,4
630,1721972700,23114.5,23270.3,23108.6,23269.85,0,156.26837884736526,1
631,1721979900,23271.1,23337.15,23243.7,23331.25,0,151.78135178683922,4
632,1721987100,23331.1,23358.95,23303.75,23338.45,0,144.88268380206503,4
633,1722224700,23371.0,23597.5,23337.25,23574.95,0,153.12320638763183,2
634,1722231900,23574.45,23668.55,23222.15,23356.75,0,174.07154878851512,4
635,1722239100,23357.85,23439.6,23251.8,23283.4,0,175.05215244647826,4
636,1722246300,23283.0,23311.0,23273.7,23306.8,0,165.21271298601548,4
637,1722311100,23298.9,23437.6,23208.35,23408.75,0,169.7868049155858,4
638,1722318300,23409.15,23567.7,23405.4,23506.15,0,169.25203313590106,2
639,1722325500,23504.2,23583.85,23295.7,23309.75,0,177.74474505476513,4
640,1722332700,23309.85,23338.6,23283.35,23300.4,0,168.99512040799618,4
641,1722397500,23364.95,23463.7,23348.15,23430.75,0,168.58832609313927,2
642,1722404700,23430.4,23439.1,23359.55,23398.05,0,162.228445657915,2
643,1722411900,23395.0,23425.95,23354.2,23407.2,0,155.7656995394925,2
644,1722419100,23407.65,23453.45,23405.25,23440.6,0,148.08243528667165,2
645,1722483900,23462.8,23550.65,23453.75,23514.05,0,145.36583276619533,2
646,1722491100,23513.75,23528.25,23427.15,23474.05,0,142.20398756860985,2
647,1722498300,23474.15,23489.9,23387.65,23433.75,0,139.35013131370914,2
648,1722505500,23434.05,23471.85,23434.0,23461.2,0,132.11797907701552,2
649,1722570300,23254.2,23446.25,23238.25,23428.85,0,138.60598057151446,2
650,1722577500,23427.55,23476.3,23380.15,23417.0,0,135.57341053069186,2
651,1722584700,23413.65,23476.85,23341.3,23364.15,0,135.5717383499281,2
652,1722591900,23364.7,23386.85,23355.7,23358.4,0,128.11304275350452,2
653,1722829500,22984.5,23086.15,22677.8,22685.05,0,167.5763968425401,1
654,1722836700,22685.9,22769.95,22598.0,22736.9,0,167.88879706807302,1
655,1722843900,22737.65,22823.4,22706.35,22750.55,0,164.25745442035372,4
656,1722851100,22751.0,22772.4,22733.5,22751.2,0,155.30335053318572,1
657,1722915900,22917.85,23078.9,22649.15,22736.35,0,174.9066826379582,2
658,1722923100,22736.65,22785.15,22712.8,22735.7,0,167.58120530667563,2
659,1722930300,22734.95,22756.4,22498.15,22515.1,0,174.0575477847702,4
660,1722937500,22516.0,22547.3,22497.8,22542.15,0,165.16058008585804,4
661,1723002300,22782.7,22805.8,22622.05,22709.1,0,172.19553865115375,4
662,1723009500,22707.5,22785.2,22667.4,22724.8,0,168.31014303321416,4
663,1723016700,22725.2,22822.1,22693.9,22811.6,0,165.4451328165558,4
664,1723023900,22811.0,22857.95,22803.85,22846.3,0,157.49190904394482,2
665,1723088700,22762.95,22853.0,22679.6,22829.4,0,158.6282012550917,4
666,1723095900,22830.45,22988.85,22822.9,22869.1,0,159.1511868797278,4
667,1723103100,22868.4,22902.25,22796.3,22837.35,0,155.35110210260444,4
668,1723110300,22835.95,22846.3,22805.25,22812.9,0,147.18673766670406,4
669,1723175100,23044.25,23088.55,22945.6,23008.3,0,156.36268497622504,2
670,1723182300,23009.35,23060.85,22984.9,22997.5,0,150.6189217636373,2
671,1723189500,22997.8,23046.3,22973.65,22975.65,0,145.0497130662345,4
672,1723196700,22979.55,22986.1,22965.75,22983.85,0,136.1425907043605,2
673,1723434300,22966.6,23110.1,22830.8,23108.45,0,146.36811993976326,2
674,1723441500,23106.25,23144.35,23054.25,23106.25,0,142.34896851549436,2
675,1723448700,23106.3,23158.4,23000.9,23036.15,0,143.4311850501019,2
676,1723455900,23039.1,23044.9,23010.95,23022.4,0,135.61110040366611,2
677,1723520700,22919.5,22989.15,22788.45,22811.75,0,142.63530751769002,2
678,1723527900,22810.75,22844.6,22705.65,22735.5,0,142.37207126642625,2
679,1723535100,22735.7,22752.55,22574.5,22582.75,0,144.92049474739576,4
680,1723542300,22583.1,22622.4,22579.4,22618.45,0,137.64045940829607,4
681,1723607100,22636.4,22663.4,22518.85,22562.2,0,138.1339980219894,4
682,1723614300,22561.5,22615.0,22543.2,22602.6,0,133.39585530613297,4
683,1723621500,22603.5,22614.7,22573.2,22585.25,0,126.83186564140918,4
684,1723628700,22584.9,22605.55,22582.4,22594.3,0,119.42601809559407,1
685,1723779900,22774.4,22835.8,22617.95,22686.6,0,128.14558823162307,4
686,1723787100,22687.15,22914.9,22680.2,22893.35,0,135.75661764365003,4
687,1723794300,22893.6,22997.1,22883.2,22985.35,0,134.19543066910344,4
688,1723801500,22987.4,22993.05,22964.65,22969.35,0,126.63861419273874,4
689,1724039100,23062.4,23065.9,22905.85,22926.3,0,129.02514175040048,4
690,1724046300,22926.5,22992.8,22895.65,22917.75,0,126.74834591108599,1
691,1724053500,22918.05,22939.55,22872.0,22919.0,0,122.51989263172266,1
692,1724060700,22917.15,22951.2,22917.15,22941.8,0,116.20061458659956,1
693,1724125500,22943.8,23176.35,22926.8,23165.95,0,125.72557068755668,2
694,1724132700,23166.15,23230.05,23160.0,23221.55,0,121.748744209874,2
695,1724139900,23221.0,23247.2,23162.25,23165.15,0,119.12026248059733,2
696,1724147100,23165.75,23177.6,23131.8,23138.1,0,113.88310087484032,2
697,1724211900,23123.0,23163.35,23022.0,23049.9,0,115.84502224092306,4
698,1724219100,23049.0,23145.65,23047.9,23074.4,0,114.5525206522857,4
699,1724226300,23074.65,23157.2,23014.05,23144.45,0,116.5951977485511,4
700,1724233500,23144.75,23170.4,23136.75,23161.6,0,110.67054076651183,4
701,1724298300,23230.85,23249.7,23163.45,23220.9,0,109.05835928318972,4
702,1724305500,23220.55,23282.1,23205.05,23258.3,0,106.77204790581897,4
703,1724312700,23257.3,23283.85,23221.15,23256.1,0,103.62404448397454,4
704,1724319900,23255.6,23259.1,23224.8,23230.05,0,98.67232702083345,1
705,1724384700,23275.15,23305.5,23199.95,23263.25,0,99.16358937648815,4
706,1724391900,23263.45,23282.2,23247.7,23275.2,0,94.54476156388186,4
707,1724399100,23273.65,23275.15,23214.4,23224.3,0,92.13442145217596,1
708,1724406300,23225.0,23247.95,23217.35,23242.15,0,87.73910563416355,1
709,1724643900,23324.05,23437.45,23286.5,23385.15,0,95.42202666029468,2
710,1724651100,23385.55,23422.95,23373.85,23410.5,0,92.11331047027377,2
711,1724658300,23409.85,23424.9,23367.35,23385.75,0,89.64450257954013,2
712,1724665500,23387.55,23395.95,23382.25,23391.45,0,84.21989525243018,2
713,1724730300,23402.9,23476.4,23280.4,23441.65,0,92.20418844868516,4
714,1724737500,23441.5,23585.3,23438.3,23566.4,0,96.11817498806478,4
715,1724744700,23567.4,23603.15,23522.25,23586.6,0,95.0311624889174,2
716,1724751900,23587.6,23592.05,23517.8,23531.95,0,93.54679373970902,4
717,1724816700,23557.6,23571.2,23486.7,23542.85,0,92.90059418687267,4
718,1724823900,23541.45,23558.85,23519.4,23549.45,0,89.08269460209584,4
719,1724831100,23552.1,23562.95,23510.55,23520.6,0,86.46250213051768,4
720,1724838300,23522.55,23528.7,23481.25,23488.6,0,83.67589483548076,4
721,1724903100,23519.5,23648.9,23484.85,23615.75,0,89.41690234723235,2
722,1724910300,23615.55,23675.55,23592.9,23637.9,0,88.93355217957274,2
723,1724917500,23638.2,23652.9,23499.8,23561.2,0,93.516869881032,4
724,1724924700,23560.1,23608.75,23554.65,23593.65,0,90.70137917524389,4
725,1724989500,23712.85,23718.2,23609.05,23648.95,0,93.11913780558356,4
726,1724996700,23650.05,23704.95,23626.0,23682.5,0,92.10705653375622,1
727,1725003900,23683.1,23704.35,23602.8,23634.8,0,92.78155249563073,4
728,1725011100,23634.85,23652.3,23593.85,23624.95,0,90.32929874594288,4
729,1725248700,23756.7,23756.7,23663.15,23737.45,0,93.28792026408982,2
730,1725255900,23736.6,23757.45,23670.2,23687.3,0,92.85664024522626,1
731,1725263100,23687.45,23766.4,23677.95,23730.1,0,92.54188022771015,2
732,1725270300,23729.65,23736.45,23700.35,23722.25,0,88.51031735430243,2
733,1725335100,23764.9,23770.8,23636.55,23636.6,0,91.77743754328083,1
734,1725342300,23637.95,23699.8,23620.25,23674.95,0,90.90404914733213,1
735,1725349500,23676.25,23950.95,23595.05,23933.2,0,109.83233135109424,2
736,1725356700,23932.95,23939.95,23891.65,23901.45,0,105.43716482601603,2
737,1725421500,23772.1,23839.6,23742.4,23816.95,0,109.26665305272913,2
738,1725428700,23818.1,23818.3,23787.85,23809.55,0,103.63689212039138,4
739,1725435900,23809.5,23844.8,23802.2,23837.85,0,99.27711411179189,2
740,1725443100,23837.4,23847.7,23819.35,23826.95,0,94.21089167523549,4
741,1725507900,23886.0,23921.6,23829.5,23875.65,0,94.24225655557565,2
742,1725515100,23875.95,23876.75,23839.0,23860.5,0,90.20709537303453,2
743,1725522300,23859.55,23874.15,23832.0,23864.6,0,86.77444570353217,2
744,1725529500,23863.95,23869.15,23841.6,23841.6,0,82.54412815328008,2
745,1725594300,23750.8,23855.2,23645.7,23671.75,0,91.61240471376007,2
746,1725601500,23671.4,23695.65,23605.9,23614.35,0,91.47937580563435,2
747,1725608700,23612.15,23630.45,23473.0,23523.4,0,96.19156324808908,4
748,1725615900,23522.0,23562.2,23521.45,23548.5,0,92.23145158751129,2
749,1725853500,23524.05,23619.55,23441.55,23591.15,0,98.35777647411761,4
750,1725860700,23590.75,23640.1,23502.05,23559.8,0,101.19293529739488,4
751,1725867900,23559.2,23735.25,23547.35,23725.8,0,107.38629706186678,2
752,1725875100,23724.65,23733.8,23709.4,23722.85,0,101.45870441459043,2
753,1725939900,23806.95,23807.4,23559.2,23624.05,0,111.94022552783402,1
754,1725947100,23623.05,23676.05,23607.6,23665.6,0,108.83378084727448,2
755,1725954300,23665.9,23721.7,23610.65,23645.35,0,108.99208221532625,1
756,1725961500,23644.8,23676.35,23639.6,23659.65,0,103.83193348566009,2
757,1726026300,23625.7,23725.35,23561.55,23699.05,0,108.1153668081129,2
758,1726033500,23698.05,23702.5,23600.5,23640.85,0,107.67855489324769,1
759,1726040700,23640.2,23657.1,23542.4,23559.3,0,108.18008668658693,4
760,1726047900,23561.9,23623.15,23555.1,23623.15,0,105.31365192325951,4
761,1726112700,23712.2,23729.2,23614.7,23649.45,0,105.9698196430267,1
762,1726119900,23649.95,23694.7,23578.45,23675.95,0,106.70411823995336,1
763,1726127100,23675.75,23990.25,23665.9,23981.4,0,122.25025265138517,2
764,1726134300,23978.95,23981.6,23877.4,23884.95,0,120.96094889057173,4
765,1726199100,24021.25,24021.25,23855.8,23972.45,0,124.13873825553094,1
766,1726206300,23972.65,23995.7,23924.5,23982.7,0,120.35739980870736,1
767,1726213500,23982.05,24000.05,23922.6,23985.4,0,117.29258553665687,1
768,1726220700,23985.05,23994.2,23956.6,23962.85,0,111.6002579983244,4
769,1726458300,24034.35,24081.1,23942.85,23962.9,0,113.50381099844408,1
770,1726465500,23964.35,23985.6,23932.7,23982.75,0,109.17496735569792,1
771,1726472700,23983.45,24023.0,23958.9,23987.7,0,105.95532683029083,1
772,1726479900,23986.95,23998.15,23979.25,23986.85,0,99.73708919955588,1
773,1726544700,24022.5,24049.7,23939.75,23998.6,0,100.46658282815909,1
774,1726551900,24003.4,24029.6,23995.95,24014.25,0,95.69396976900471,1
775,1726559100,24014.15,24024.35,23976.2,23983.05,0,92.29797192836135,1
776,1726566300,23983.25,24003.95,23975.6,23979.35,0,87.73025964776426,1
777,1726631100,24006.25,24308.85,23998.25,24285.4,0,104.9995268157811,4
778,1726638300,24284.0,24412.6,24280.95,24313.35,0,106.90313204322516,1
779,1726645500,24312.9,24369.1,24241.1,24343.55,0,108.41005118299479,1
780,1726652700,24340.4,24344.45,24276.8,24278.55,0,105.49861895563814,1
781,1726717500,24399.55,24584.45,24388.85,24477.2,0,119.81300331594981,2
782,1726724700,24478.75,24481.9,24344.15,24369.55,0,121.09421736481055,1
783,1726731900,24370.0,24425.05,24333.25,24414.0,0,119.00177326732403,4
784,1726739100,24414.35,24433.65,24390.8,24410.65,0,113.56236089108674,1
785,1726803900,24488.1,24638.6,24407.7,24633.4,0,121.94362082743753,2
786,1726811100,24633.55,24737.3,24596.85,24717.9,0,123.26550505404919,2
787,1726818300,24716.25,24816.95,24461.5,24805.45,0,139.85011183590288,4
788,1726825500,24806.55,24905.35,24782.55,24850.55,0,138.6322467047669,4
789,1727063100,24857.95,24898.9,24790.9,24884.75,0,136.44422908299785,4
790,1727070300,24885.45,24926.85,24855.8,24913.65,0,131.77321271992653,4
791,1727077500,24914.2,24994.25,24908.75,24939.8,0,128.46798323993178,1
792,1727084700,24943.0,24960.3,24921.95,24936.35,0,122.03098443707941,2
793,1727149500,24959.65,24982.5,24881.0,24901.25,0,120.56448554871659,4
794,1727156700,24900.55,24957.1,24889.5,24952.3,0,116.78130800952243,2
795,1727163900,24953.35,25038.2,24849.35,24893.85,0,121.92907172312813,4
796,1727171100,24893.15,24918.9,24874.4,24884.1,0,116.3984237429047,4
797,1727235900,24814.95,24969.85,24813.55,24928.0,0,119.24853633269716,4
798,1727243100,24929.8,24961.1,24894.8,24951.35,0,115.46649802321873,1
799,1727250300,24950.35,25006.75,24932.95,24993.25,0,112.49031959298877,4
800,1727257500,24991.8,25007.8,24971.45,25002.6,0,107.0517253363466,4
801,1727322300,24965.45,25046.85,24945.9,25025.35,0,106.61588781232165,4
802,1727329500,25025.8,25063.55,24992.15,25008.05,0,104.10046725429851,4
803,1727336700,25010.05,25201.95,24985.4,25140.7,0,112.13257673613427,2
804,1727343900,25139.2,25146.15,25085.9,25103.85,0,108.42667839783897,2
805,1727408700,25127.05,25127.05,25041.0,25076.15,0,106.82834422656471,2
806,1727415900,25076.65,25082.6,24955.0,24968.25,0,108.31203392466712,2
807,1727423100,24967.7,24987.8,24873.2,24905.6,0,108.76117435861937,2
808,1727430300,24906.0,24929.25,24894.25,24915.5,0,103.4925190472894,2
809,1727667900,24799.25,24851.25,24596.55,24641.1,0,118.88233911534022,2
810,1727675100,24641.65,24656.55,24534.6,24552.0,0,119.10145774995881,2
811,1727682300,24551.8,24561.0,24459.5,24488.0,0,117.8442107678189,4
812,1727689500,24487.85,24496.95,24474.75,24483.85,0,111.01248142726044,4
813,1727754300,24410.5,24609.1,24410.5,24486.35,0,117.26873275388459,2
814,1727761500,24486.3,24532.05,24455.4,24486.2,0,114.36739470003553,2
815,1727768700,24485.1,24509.35,24443.6,24474.3,0,110.89472365003299,2
816,1727775900,24473.05,24517.8,24465.25,24508.95,0,106.72724338931629,2
817,1710733500,20572.95,20652.75,20489.75,20491.2,0,386.18958314722244,4
818,1710740700,20489.1,20703.25,20413.15,20657.15,0,379.3260414938493,4
819,1710747900,20658.6,20696.8,20593.55,20617.7,0,359.60632424428866,4
820,1710755100,20614.85,20643.3,20614.85,20635.0,0,335.9523010839824,4
821,1710819900,20552.5,20651.6,20544.0,20583.95,0,319.6414224351264,4
822,1710827100,20583.0,20621.9,20575.45,20586.95,0,300.127749404046,4
823,1710834300,20587.35,20639.85,20541.3,20593.4,0,285.7293387323284,4
824,1710841500,20591.9,20598.9,20577.65,20579.1,0,266.83795739430496,4
825,1710906300,20591.0,20650.2,20362.8,20466.3,0,268.3066747232833,4
826,1710913500,20466.95,20662.35,20429.85,20645.45,0,265.74905510019164,4
827,1710920700,20649.45,20689.85,20510.25,20544.45,0,259.59555116446353,4
828,1710927900,20544.2,20583.6,20532.05,20563.7,0,244.7351546527161,4
829,1710992700,20692.45,20822.75,20690.35,20785.05,0,245.75764360609344,4
830,1710999900,20784.4,20794.95,20656.85,20723.25,0,238.06781191994406,4
831,1711007100,20721.55,20743.9,20689.3,20727.1,0,224.96296821137676,4
832,1711014300,20723.95,20732.2,20709.2,20710.55,0,210.53704191056414,4
833,1711079100,20693.75,20812.7,20667.35,20790.6,0,205.88082463123828,4
834,1711086300,20791.2,20819.9,20759.1,20807.8,0,195.51790858615004,4
835,1711093500,20807.6,20846.05,20758.55,20774.55,0,187.80234368713934,4
836,1711100700,20775.7,20784.75,20761.35,20766.95,0,176.05931913805807,4
837,1711424700,20629.6,20769.35,20629.25,20719.05,0,173.49079634248238,1
838,1711431900,20718.65,20764.65,20716.6,20748.3,0,164.5307394608767,1
839,1711439100,20748.65,20755.75,20686.5,20711.05,0,157.72497235652835,1
840,1711446300,20710.8,20725.2,20694.5,20715.55,0,148.65176004534783,1
841,1711511100,20737.25,20842.3,20737.25,20797.2,0,147.08734861353727,1
842,1711518300,20796.95,20808.9,20765.3,20784.85,0,139.6953951411419,1
843,1711525500,20783.75,20813.9,20750.05,20787.85,0,134.27786691677477,1
844,1711532700,20789.4,20861.25,20782.6,20812.8,0,130.30444785129094,1
845,1711597500,20809.4,21101.05,20809.35,21100.05,0,141.8327015761988,2
846,1711604700,21100.15,21101.35,21017.45,21079.55,0,137.694651463613,2
847,1711611900,21079.6,21141.75,20931.15,20946.0,0,142.90217635906913,1
848,1711619100,20947.3,21008.3,20945.85,21003.0,0,137.1555923334214,4
849,1711943100,21108.75,21237.5,21100.2,21200.25,0,144.1087643096056,4
850,1711950300,21201.15,21213.35,21140.15,21152.55,0,139.043852573205,1
851,1711957500,21152.35,21206.7,21150.3,21202.8,0,133.14072024654757,2
852,1711964700,21205.05,21225.45,21180.5,21182.15,0,126.84138308607994,1
853,1712029500,21157.25,21220.45,21118.65,21176.2,0,125.05271286564562,1
854,1712036700,21175.35,21190.5,21138.65,21154.25,0,119.82394766095653,1
855,1712043900,21154.75,21179.75,21126.5,21144.5,0,115.06866568517393,4
856,1712051100,21143.4,21166.5,21141.8,21160.45,0,108.61376099337583,1
857,1712115900,21069.3,21214.85,21065.25,21185.95,0,111.5413494938489,1
858,1712123100,21186.65,21254.65,21179.65,21234.1,0,108.93125310143111,1
859,1712130300,21231.75,21261.25,21168.8,21195.35,0,107.75402073704323,1
860,1712137500,21195.4,21209.6,21189.0,21206.55,0,101.52873354154003,1
861,1712202300,21390.1,21457.45,21220.5,21328.85,0,112.19810971714442,4
862,1712209500,21329.8,21390.45,21275.45,21380.75,0,112.39824473734839,4
863,1712216700,21379.7,21430.9,21321.75,21369.2,0,112.16622725610932,4
864,1712223900,21371.0,21409.25,21367.5,21401.6,0,107.13649673781579,4
865,1712288700,21375.4,21464.5,21294.95,21457.9,0,111.59460411368605,4
866,1712295900,21457.85,21483.35,21425.6,21455.65,0,107.74856096270847,4
867,1712303100,21454.95,21574.65,21454.2,21563.45,0,108.65580660822935,4
868,1712310300,21561.7,21579.65,21549.1,21569.75,0,103.07682042192747,4
869,1712547900,21613.3,21630.8,21552.95,21578.75,0,101.27490467750397,4
870,1712555100,21578.6,21646.85,21568.7,21645.0,0,99.6231257719678,4
871,1712562300,21645.8,21669.15,21583.8,21617.45,0,98.60361678825598,4
872,1712569500,21617.85,21618.1,21587.55,21597.1,0,93.74264416052335,4
873,1712634300,21716.55,21726.5,21625.15,21697.0,0,96.2895981490575,2
874,1712641500,21697.3,21758.35,21667.4,21683.4,0,95.90819828126746,2
875,1712648700,21682.3,21696.8,21633.9,21682.65,0,93.55046983260534,2
876,1712655900,21682.95,21698.25,21663.85,21670.15,0,89.32543627313363,2
877,1712720700,21748.5,21754.25,21670.7,21724.0,0,88.95219082505255,2
878,1712727900,21723.8,21726.3,21671.7,21705.35,0,86.49846290897726,2
879,1712735100,21704.45,21744.7,21687.2,21728.65,0,84.42714412976459,2
880,1712742300,21730.15,21730.75,21680.85,21685.2,0,81.96091954906721,2
881,1712893500,21584.95,21665.0,21532.25,21568.85,0,87.03156815270532,2
882,1712900700,21568.9,21616.75,21516.15,21539.7,0,88.00074185608341,2
883,1712907900,21540.5,21561.5,21512.75,21526.15,0,85.19711743779173,2
884,1712915100,21525.25,21530.45,21484.35,21505.15,0,82.40446619223533,2
885,1713152700,21292.65,21377.3,21217.45,21293.65,0,97.06843289279001,2
886,1713159900,21293.95,21301.9,21240.85,21252.9,0,94.49568768616236,2
887,1713167100,21255.3,21267.9,21131.2,21144.05,0,97.51028142286509,2
888,1713174300,21144.9,21162.55,21130.35,21147.05,0,92.84526132123193,2
889,1713239100,20996.95,21077.0,20964.1,21072.8,0,99.28131408400114,4
890,1713246300,21073.4,21091.75,21037.15,21056.0,0,96.08979164942953,4
891,1713253500,21055.6,21124.5,21044.9,21124.1,0,94.91194938875589,4
892,1713260700,21124.55,21145.95,21102.45,21140.45,0,91.23966728955904,2
893,1713411900,21142.75,21228.2,21067.95,21181.55,0,96.16897676887625,2
894,1713419100,21181.1,21194.4,21139.6,21160.7,0,93.21404985681386,2
895,1713426300,21158.75,21181.65,20862.0,20864.75,0,109.38804629561298,2
896,1713433500,20864.8,20939.55,20864.5,20927.0,0,106.93532870306915,2
897,1713498300,20758.95,20869.0,20694.35,20847.5,0,115.91494808142146,4
898,1713505500,20847.15,21020.9,20838.85,21003.25,0,120.63888036132013,4
899,1713512700,21003.5,21198.55,20966.1,21193.1,0,128.62538890694017,4
900,1713519900,21193.75,21211.1,21165.5,21191.65,0,122.69500398501577,4
901,1713757500,21409.1,21409.7,21194.45,21294.65,0,129.50607512894317,4
902,1713764700,21294.9,21322.0,21257.3,21271.25,0,124.87706976259014,4
903,1713771900,21271.05,21340.9,21263.45,21339.5,0,121.48942192240519,4
904,1713779100,21337.45,21357.15,21316.7,21347.9,0,115.70089178509058,4
905,1713843900,21476.0,21477.25,21320.9,21346.3,0,118.60439951472686,4
906,1713851100,21346.8,21376.25,21313.85,21338.0,0,114.58979954938934,4
907,1713858300,21339.3,21368.9,21302.7,21347.05,0,111.13338529586159,4
908,1713865500,21348.2,21351.1,21316.8,21318.6,0,105.64528634615714,4
909,1713930300,21391.0,21481.65,21361.3,21470.85,0,109.74562303571754,2
910,1713937500,21470.1,21480.4,21440.15,21452.8,0,104.78164996173771,2
911,1713944700,21452.45,21468.6,21423.2,21437.2,0,100.54010353589915,2
912,1713951900,21438.65,21448.1,21424.1,21443.65,0,95.07295328333493,2
913,1714016700,21290.55,21460.35,21269.5,21443.85,0,101.91417090595377,4
914,1714023900,21444.4,21493.15,21381.05,21482.85,0,102.64173012695721,4
915,1714031100,21483.2,21612.9,21450.35,21543.0,0,106.92089226074619,2
916,1714038300,21543.05,21550.6,21523.95,21543.15,0,101.18725709926416,2
917,1714103100,21552.55,21552.55,21400.4,21419.8,0,104.82745302074514,2
918,1714110300,21418.8,21436.5,21393.95,21424.3,0,100.3790635192633,2
919,1714117500,21422.4,21426.85,21304.55,21326.05,0,101.94484469645872,1
920,1714124700,21326.35,21411.1,21324.75,21381.25,0,100.83092721814012,4
921,1714362300,21426.25,21560.8,21418.15,21539.0,0,106.45371813113006,4
922,1714369500,21539.55,21652.8,21534.4,21639.85,0,107.30702397890633,4
923,1714376700,21640.25,21832.0,21629.4,21826.0,0,114.11366512327007,4
924,1714383900,21826.25,21826.25,21778.5,21785.95,0,109.37340332875078,4
925,1714448700,21827.5,21988.1,21794.35,21934.65,0,116.00030309098271,4
926,1714455900,21938.75,21959.3,21879.85,21887.7,0,113.38956715591257,4
927,1714463100,21889.45,22073.7,21830.8,21834.25,0,122.64031235906178,4
928,1714470300,21835.1,21835.7,21779.2,21802.4,0,117.9160043334145,4
929,1714621500,21785.45,21967.9,21773.85,21861.15,0,123.35414688102797,1
930,1714628700,21862.15,21912.65,21816.7,21882.95,0,121.39670781809745,1
931,1714635900,21882.25,21919.7,21845.25,21876.65,0,118.04337154537626,1
932,1714643100,21875.35,21886.3,21867.85,21877.2,0,110.92955929213514,1
933,1714707900,22009.3,22136.6,21869.6,21898.5,0,122.0774479141255,2
934,1714715100,21897.65,21900.85,21725.65,21743.05,0,125.87191592025918,4
935,1714722300,21739.4,21811.75,21707.45,21808.7,0,124.33106478309776,2
936,1714729500,21808.6,21832.65,21762.45,21769.55,0,120.4645601557337,4
937,1714967100,21857.75,21890.75,21744.6,21829.0,0,122.29923443032425,2
938,1714974300,21829.05,21855.8,21750.85,21756.35,0,121.06000339958686,2
939,1714981500,21756.4,21797.25,21707.05,21745.1,0,118.85571744247356,2
940,1714988700,21744.8,21770.8,21734.35,21762.5,0,112.9695947680112,2
941,1715053500,21783.0,21807.75,21547.1,21567.15,0,123.51819514172479,2
942,1715060700,21569.0,21572.3,21518.9,21538.35,0,118.50975263160143,2
943,1715067900,21538.6,21586.4,21509.4,21556.25,0,115.54477030077275,2
944,1715075100,21558.05,21575.7,21524.0,21540.1,0,110.98442956500332,2
945,1715139900,21457.3,21528.2,21396.4,21425.65,0,113.32125602464573,2
946,1715147100,21426.1,21512.3,21425.1,21467.75,0,111.45545202288537,2
947,1715154300,21466.8,21495.85,21396.7,21426.85,0,110.5764911641077,2
948,1715161500,21425.7,21458.85,21412.05,21455.35,0,106.02102750952852,2
949,1715226300,21376.05,21475.25,21245.6,21248.3,0,114.85166840170517,2
950,1715233500,21247.55,21302.4,21169.7,21189.0,0,116.12654923015485,2
951,1715240700,21188.35,21275.1,21075.75,21077.45,0,122.07108142800084,4
952,1715247900,21078.3,21112.6,21072.6,21111.75,0,116.20886132600077,4
953,1715312700,21120.35,21270.7,21057.95,21193.35,0,123.10465694557216,2
954,1715319900,21193.8,21237.6,21017.65,21064.55,0,130.02218144945965,2
955,1715327100,21063.0,21135.3,21042.85,21097.85,0,127.33845420306973,2
956,1715334300,21098.3,21114.9,21092.5,21105.95,0,119.84285033142199,2
957,1715571900,21062.7,21115.5,20934.4,21012.0,0,124.2183610220346,4
958,1715579100,21011.65,21169.9,21011.65,21143.75,0,126.64919237760355,2
959,1715586300,21143.35,21288.55,21013.75,21236.05,0,137.2313929220604,2
960,1715593500,21236.45,21278.65,21230.45,21259.5,0,130.87200771334184,2
961,1715658300,21247.5,21317.55,21184.95,21261.5,0,130.99543573381732,2
962,1715665500,21260.95,21297.25,21227.75,21269.75,0,126.60290460997321,2
963,1715672700,21269.4,21289.2,21218.25,21258.85,0,122.62769713783231,2
964,1715679900,21259.1,21275.55,21242.0,21256.65,0,116.26500448512995,2
965,1715744700,21281.1,21293.8,21171.3,21197.65,0,116.71036130762066,4
966,1715751900,21199.15,21210.8,21145.9,21160.7,0,113.00962121421902,4
967,1715759100,21160.0,21205.2,21125.15,21196.65,0,110.65536255606048,4
968,1715766300,21197.4,21207.2,21179.35,21199.15,0,104.74069380205631,2
969,1715831100,21308.05,21339.45,21093.85,21153.75,0,114.8020728161953,4
970,1715838300,21153.7,21354.65,21117.85,21188.3,0,123.51621047218157,4
971,1715845500,21188.25,21426.3,21132.95,21411.8,0,135.64719543845422,2
972,1715852700,21411.55,21445.65,21398.1,21407.25,0,129.354538621422,2
973,1715917500,21354.45,21483.6,21320.1,21476.65,0,131.79350014846327,2
974,1715924700,21477.0,21502.85,21433.75,21462.6,0,127.3153929950015,2
975,1715931900,21463.75,21509.5,21437.0,21484.45,0,123.40000778107282,2
976,1715939100,21483.0,21504.2,21473.45,21476.05,0,116.78215008242476,2
977,1716003900,21511.4,21527.8,21469.85,21479.45,0,112.57985364796589,2
978,1716011100,21486.7,21513.15,21471.95,21503.65,0,107.48129267311123,2
979,1716263100,21373.55,21495.8,21373.5,21461.75,0,109.10048605360338,2
980,1716270300,21461.2,21489.25,21446.8,21479.85,0,104.33973704977463,2
981,1716277500,21480.15,21481.55,21410.0,21434.0,0,101.99761297479067,2
982,1716284700,21435.5,21442.1,21409.4,21416.6,0,97.04778347659112,2
983,1716349500,21463.7,21463.7,21276.5,21288.15,0,103.48722751397753,4
984,1716356700,21288.3,21319.5,21259.55,21271.1,0,100.37742554869347,4
985,1716363900,21270.8,21353.5,21198.8,21342.2,0,104.25760943807255,4
986,1716371100,21341.85,21393.6,21340.75,21370.15,0,100.58563733535297,4
987,1716435900,21370.1,21549.95,21352.95,21523.05,0,107.4723775256849,4
988,1716443100,21523.15,21657.8,21522.3,21627.6,0,109.47435055956456,4
989,1716450300,21626.6,21758.5,21588.6,21749.85,0,113.79046837673862,4
990,1716457500,21750.55,21759.2,21715.4,21716.15,0,108.79114920697151,4
991,1716522300,21686.0,21817.7,21673.1,21765.95,0,111.34892426361655,4
992,1716529500,21765.1,21859.75,21764.65,21828.0,0,110.18828681621525,4
993,1716536700,21826.3,21890.65,21806.9,21853.1,0,108.29983775791416,4
994,1716543900,21856.0,21865.7,21836.85,21847.45,0,102.62484934663473,4
995,1716781500,21913.0,22022.65,21894.7,21999.4,0,107.80878867901802,4
996,1716788700,21998.95,22143.45,21994.2,22101.5,0,110.76887520194532,2
997,1716795900,22103.65,22124.85,21868.7,21977.7,0,121.15324125894907,2
998,1716803100,21976.35,21985.35,21944.65,21962.6,0,115.40658116902392,2
999,1716867900,22011.35,22056.1,21965.9,21987.55,0,113.84182537123651,2
1000,1716875100,21987.95,22014.05,21917.05,21992.35,0,112.63883784471962,2
1001,1716882300,21992.4,22008.45,21952.65,21992.45,0,108.578920855811,2
1002,1716889500,21993.85,21998.25,21948.95,21955.85,0,104.34471222325303,2
1003,1716954300,21829.1,21914.4,21701.5,21705.55,0,115.05937563587771,2
1004,1716961500,21705.1,21735.85,21665.75,21680.85,0,111.84799166188635,2
1005,1716968700,21681.1,21714.35,21593.0,21632.05,0,112.52670654318008,4
1006,1716975900,21630.05,21658.55,21602.45,21633.5,0,108.4962275043814,4
1007,1717040700,21530.4,21740.0,21530.4,21609.95,0,115.71792553978263,4
1008,1717047900,21608.65,21685.85,21560.8,21681.3,0,116.38450228694096,2
1009,1717055100,21680.8,21740.45,21529.6,21583.4,0,123.13203783787391,4
1010,1717062300,21585.05,21662.65,21585.05,21656.45,0,119.99760656374006,4
1011,1717127100,21696.35,21786.8,21567.05,21624.3,0,127.12277752347292,4
1012,1717134300,21624.45,21683.75,21565.75,21677.8,0,126.47115055751057,1
1013,1717141500,21677.5,21785.55,21631.5,21706.05,0,128.4410683748312,1
1014,1717148700,21704.95,21770.95,21696.9,21727.25,0,124.5559920623432,1
1015,1717386300,22600.4,22632.35,22259.4,22442.35,0,180.30913548646146,4
1016,1717393500,22444.6,22584.5,22441.15,22553.65,0,177.66919723742842,2
1017,1717400700,22553.05,22592.55,22438.05,22590.45,0,176.0142545776121,2
1018,1717407900,22590.6,22660.05,22590.6,22654.1,0,168.41323639349685,2
1019,1717472700,22475.45,22475.45,21088.65,21248.25,0,268.20157665110406,2
1020,1717479900,21245.75,21521.75,20457.9,20997.25,0,325.0336068903108,4
1021,1717487100,20997.55,21366.95,20688.4,20867.45,0,350.2847778267172,4
1022,1717494300,20867.4,21116.0,20811.65,20943.7,0,347.00372226766586,4
1023,1717559100,21048.9,21262.35,20666.95,21261.6,0,364.746313534261,4
1024,1717566300,21259.7,21392.9,21066.1,21334.6,0,362.0358625675283,4
1025,1717573500,21332.9,21785.3,21304.0,21687.95,0,370.5547295269905,4
1026,1717580700,21686.95,21706.75,21584.1,21604.3,0,352.8472488464913,4
1027,1717645500,21850.9,22034.9,21721.35,22018.75,0,358.4010167860278,4
1028,1717652700,22019.0,22030.75,21710.4,21767.55,0,355.68308701559715,4
1029,1717659900,21767.4,21921.25,21753.85,21906.5,0,342.2342950859117,4
1030,1717667100,21906.45,21926.15,21856.7,21910.35,0,322.7497025797752,4
1031,1717731900,21937.85,22083.7,21814.45,22077.75,0,318.9282952526484,4
1032,1717739100,22078.2,22224.95,22031.05,22171.8,0,309.9977027346022,4
1033,1717746300,22172.3,22205.9,22093.85,22150.0,0,295.8585811107023,4
1034,1717753500,22149.15,22182.25,22140.0,22166.8,0,277.7436824599379,4
1035,1717991100,22182.55,22326.55,22090.75,22209.55,0,274.74770514137083,4
1036,1717998300,22210.15,22259.3,22177.95,22243.45,0,260.93358334555853,4
1037,1718005500,22241.45,22318.15,22139.0,22168.1,0,255.09189882087588,4
1038,1718012700,22166.85,22170.1,22085.65,22105.4,0,242.90319176224168,4
1039,1718077500,22140.05,22191.4,22038.3,22165.3,0,236.48867806493885,4
1040,1718084700,22166.3,22216.5,22143.25,22184.05,0,224.82877248887178,4
1041,1718091900,22185.4,22220.7,22106.65,22141.65,0,216.9160030253809,4
1042,1718099100,22143.05,22145.7,22090.5,22110.6,0,205.36485995213945,4
1043,1718163900,22190.9,22376.75,22135.5,22326.6,0,209.70665566984388,4
1044,1718171100,22326.55,22336.1,22263.8,22300.45,0,199.89189455056925,4
1045,1718178300,22300.35,22311.55,22211.65,22238.45,0,192.74961636838557,4
1046,1718185500,22237.9,22254.25,22183.0,22189.65,0,184.0710723420723,4
1047,1718250300,22355.95,22386.8,22283.55,22321.75,0,185.00528146049555,4
1048,1718257500,22319.65,22370.3,22281.95,22339.25,0,178.10133278474578,4
1049,1718264700,22338.7,22343.75,22273.9,22286.95,0,170.36909472869237,4
1050,1718271900,22286.2,22332.0,22285.45,22311.4,0,161.52487367664284,4
1051,1718336700,22364.7,22435.25,22250.05,22415.6,0,163.21595412831127,4
1052,1718343900,22415.5,22419.95,22371.8,22407.45,0,154.99695740486055,4
1053,1718351100,22408.45,22446.9,22379.6,22419.4,0,148.73288901879928,4
1054,1718358300,22420.55,22423.8,22379.4,22400.85,0,141.2805398031706,4
1055,1718682300,22486.1,22517.65,22355.25,22506.3,0,142.7890726743728,1
1056,1718689500,22506.2,22526.05,22497.1,22521.2,0,134.65771034048907,1
1057,1718696700,22520.3,22581.4,22515.3,22580.7,0,129.7607310304543,4
1058,1718703900,22581.9,22633.85,22579.4,22595.9,0,124.38139309970737,4
1059,1718768700,22657.55,22837.45,22586.5,22767.0,0,133.42200787829975,1
1060,1718775900,22767.25,22849.55,22708.35,22825.95,0,133.97757874413554,1
1061,1718783100,22826.35,23154.25,22797.15,22948.2,0,149.91489454812574,4
1062,1718790300,22946.8,22968.85,22928.55,22950.65,0,142.08525922325956,4
1063,1718855100,23065.45,23065.6,22818.25,22926.75,0,149.6041692787409,4
1064,1718862300,22925.7,23011.5,22916.9,22988.35,0,145.67530004454503,2
1065,1718869500,22988.25,23068.75,22972.25,23035.2,0,142.1627786127918,2
1066,1718876700,23034.95,23053.5,23026.8,23028.7,0,133.91543728330674,2
1067,1718941500,23110.25,23110.4,22841.5,22872.35,0,143.55719176307065,4
1068,1718948700,22873.75,22935.05,22814.2,22839.1,0,141.9352494942798,4
1069,1718955900,22839.55,23054.5,22824.9,22974.85,0,148.19701738754543,2
1070,1718963100,22974.75,22988.95,22929.35,22945.3,0,141.8686590027209,4
1071,1719200700,22833.8,23012.8,22811.05,22974.25,0,146.14589764538368,0
1072,1719207900,22974.1,23059.15,22966.3,23054.6,0,142.33904781357072,0
1073,1719215100,23054.35,23095.95,23008.1,23087.1,0,138.4469729697444,0
1074,1719222300,23087.2,23098.1,23061.75,23071.45,0,131.15433204333397,0
