open,high,low,close,sma_5,ema_5,sma_10,ema_10,sma_20,ema_20,sma_50,ema_50,sma_100,ema_100,sma_200,ema_200,macd,macd_signal,macd_histogram,rsi_14,rsi_21,stoch_k,stoch_d,williams_r,cci,adx,di_plus,di_minus,momentum_10,roc_10,trix,atr,bb_upper,bb_middle,bb_lower,bb_width,bb_position,resistance_level,support_level,resistance_distance,support_distance,trend_slope,trend_strength,trend_direction,doji,hammer,bullish_engulfing,bearish_engulfing,price_change,price_change_abs,hl_range,body_size,upper_shadow,lower_shadow,gap_up,gap_down,sma_5_20_cross,sma_10_50_cross,price_vs_sma_20,price_vs_ema_20,volatility_10,volatility_20
46535.9,46655.55,46524.55,46632.6,46513.23,46537.13,46479.48,46484.21,46400.42,46411.26,46293.32,46343.38,46351.45,46356.72,46426.07,46426.07,83.28,64.27,19.01,72.51,66.66,87.5,83.41,-5.97,210.31,32.92,41.24,12.04,233.1,0.5,-0.0,76.61,46601.58,46400.42,46199.25,0.87,107.71,46655.55,46226.0,0.05,0.87,16.08,0.85,1,0,0,0,0,0.22,0.22,0.28,0.21,0.05,0.02,0.01,0.0,1,1,0.5,0.48,0.15,0.22
46635.3,46649.1,46581.25,46588.65,46548.7,46554.31,46495.05,46503.2,46417.78,46428.15,46295.49,46353.0,46352.51,46361.31,46426.33,46427.69,86.83,68.78,18.05,67.25,63.38,84.64,85.31,-22.29,163.37,34.48,38.61,11.28,155.7,0.34,-0.0,75.98,46620.98,46417.78,46214.58,0.88,92.05,46655.55,46226.0,0.14,0.78,16.26,0.85,1,0,0,0,0,-0.09,0.09,0.15,0.1,0.03,0.02,0.01,0.0,1,1,0.37,0.35,0.16,0.22
46593.65,46593.65,46516.5,46528.55,46564.6,46545.72,46501.72,46507.81,46429.56,46437.71,46295.72,46359.88,46352.97,46364.63,46426.21,46428.69,83.82,71.79,12.03,60.75,59.19,76.48,82.87,-42.31,76.58,34.65,35.82,16.54,66.75,0.14,0.0,76.07,46629.74,46429.56,46229.37,0.86,74.73,46655.55,46243.9,0.27,0.61,15.87,0.84,1,0,0,0,0,-0.13,0.13,0.17,0.14,0.0,0.03,0.01,0.0,1,1,0.21,0.2,0.16,0.22
46532.8,46568.1,46518.55,46561.7,46568.41,46551.05,46511.99,46517.61,46443.91,46449.52,46297.14,46367.8,46353.97,46368.53,46425.84,46430.02,83.15,74.06,9.09,62.88,60.69,68.04,76.39,-31.27,66.98,34.81,34.11,15.75,102.65,0.22,0.0,74.17,46638.7,46443.91,46249.12,0.84,80.23,46655.55,46243.9,0.2,0.68,15.31,0.82,1,0,0,0,0,0.07,0.07,0.11,0.06,0.01,0.03,0.01,0.0,1,1,0.25,0.24,0.16,0.22
46562.25,46594.7,46541.15,46591.15,46580.53,46564.41,46523.66,46530.98,46459.9,46463.01,46297.99,46376.56,46355.67,46372.94,46426.34,46431.62,84.03,76.06,7.98,64.71,62.0,67.89,70.8,-22.75,81.23,35.19,34.93,14.92,116.7,0.25,0.0,72.7,46647.78,46459.9,46272.03,0.81,84.93,46655.55,46243.9,0.14,0.75,14.69,0.81,1,0,0,0,0,0.06,0.06,0.11,0.06,0.01,0.05,0.0,0.0,1,1,0.28,0.28,0.17,0.21
46597.0,46630.2,46504.7,46504.7,46554.95,46544.51,46534.09,46526.2,46470.33,46466.98,46296.98,46381.58,46356.64,46375.55,46426.75,46432.35,76.87,76.22,0.65,55.97,56.24,64.23,66.72,-53.29,43.08,34.82,30.83,16.58,104.3,0.22,0.0,76.47,46643.26,46470.33,46297.4,0.74,59.94,46655.55,46256.35,0.32,0.53,12.75,0.72,1,0,0,0,1,-0.19,0.19,0.27,0.2,0.07,0.0,0.01,0.0,1,1,0.07,0.08,0.14,0.19
46510.15,46525.3,46475.95,46488.6,46534.94,46525.87,46541.82,46519.36,46480.61,46469.04,46296.89,46385.78,46357.34,46377.78,46426.93,46432.91,69.09,74.79,-5.7,54.5,55.23,55.0,62.37,-58.97,-17.58,33.95,29.37,18.55,77.3,0.17,0.0,74.53,46630.69,46480.61,46330.54,0.65,52.66,46655.55,46271.1,0.36,0.47,10.05,0.6,1,0,0,0,0,-0.03,0.03,0.11,0.05,0.03,0.03,0.01,0.0,1,1,0.02,0.04,0.12,0.17
46495.25,46500.3,46434.0,46440.65,46517.36,46497.47,46540.98,46505.05,46483.77,46466.34,46296.36,46387.93,46357.37,46379.03,46427.19,46432.98,58.39,71.51,-13.12,50.25,52.31,37.28,52.17,-75.91,-64.06,32.41,27.49,21.41,-8.4,-0.02,0.0,73.95,46627.56,46483.77,46339.98,0.62,35.01,46655.55,46355.4,0.46,0.18,7.85,0.4,1,0,0,0,0,-0.1,0.1,0.14,0.12,0.01,0.01,0.01,0.0,1,1,-0.09,-0.06,0.12,0.16
46436.2,46450.85,46394.9,46394.9,46484.0,46463.28,46526.2,46485.02,46483.54,46459.53,46295.86,46388.2,46357.08,46379.34,46426.98,46432.61,45.69,66.35,-20.66,46.52,49.68,24.35,38.88,-92.07,-105.19,30.37,25.98,24.08,-147.75,-0.32,0.01,72.66,46627.88,46483.54,46339.21,0.62,19.29,46655.55,46355.4,0.56,0.09,5.25,0.18,1,0,0,0,0,-0.1,0.1,0.12,0.09,0.03,0.0,0.0,0.01,1,1,-0.19,-0.14,0.16,0.16
46398.75,46419.6,46371.8,46397.25,46445.22,46441.27,46512.88,46469.07,46484.52,46453.6,46296.29,46388.56,46356.78,46379.7,46426.18,46432.25,35.4,60.16,-24.75,46.74,49.82,13.66,25.1,-91.03,-118.38,28.27,24.73,25.25,-133.3,-0.29,0.01,70.88,46626.21,46484.52,46342.83,0.61,19.2,46655.55,46355.4,0.56,0.09,2.34,0.04,1,1,0,0,0,0.01,0.01,0.1,0.0,0.04,0.05,0.01,0.0,-1,1,-0.19,-0.12,0.18,0.16
46403.0,46408.25,46310.6,46342.15,46412.71,46408.23,46483.83,46445.99,46481.66,46442.99,46297.18,46386.74,46356.16,46378.95,46425.22,46431.36,22.55,52.64,-30.09,42.37,46.71,8.68,15.56,-90.85,-150.43,27.15,22.36,28.83,-290.45,-0.62,0.01,72.8,46632.16,46481.66,46331.15,0.65,3.65,46655.55,46310.6,0.68,0.07,-1.03,0.01,-1,0,0,0,0,-0.12,0.12,0.21,0.13,0.01,0.07,0.01,0.0,-1,1,-0.3,-0.22,0.19,0.17
46343.6,46417.55,46319.35,46400.2,46395.03,46405.55,46464.98,46437.66,46480.02,46438.91,46301.4,46387.27,46355.96,46379.38,46425.18,46431.05,16.85,45.48,-28.63,47.9,50.15,14.7,12.35,-74.03,-112.98,25.97,21.15,26.12,-188.45,-0.4,0.01,74.61,46633.29,46480.02,46326.74,0.66,23.96,46655.55,46310.6,0.55,0.19,-2.97,0.05,-1,0,0,0,0,0.13,0.13,0.21,0.12,0.04,0.05,0.0,0.0,-1,1,-0.17,-0.08,0.18,0.17
46400.9,46404.7,46229.5,46249.95,46356.89,46353.68,46437.12,46403.53,46469.42,46420.92,46303.66,46381.88,46354.04,46376.81,46424.56,46429.24,0.21,36.42,-36.22,37.79,42.66,13.31,12.23,-95.2,-146.48,25.91,17.91,29.97,-278.6,-0.6,0.01,81.8,46652.63,46469.42,46286.22,0.79,-9.9,46655.55,46229.5,0.88,0.04,-6.54,0.17,-1,0,0,0,1,-0.32,0.32,0.38,0.33,0.01,0.04,0.0,0.0,-1,1,-0.47,-0.37,0.22,0.2
46251.5,46283.55,46213.75,46264.0,46330.71,46323.79,46407.36,46378.16,46459.67,46405.97,46305.45,46377.26,46352.22,46374.58,46423.6,46427.6,-11.71,26.8,-38.51,39.08,43.49,14.05,14.02,-88.63,-141.57,26.02,16.81,29.52,-297.7,-0.64,0.01,80.94,46663.64,46459.67,46255.71,0.88,2.03,46655.55,46213.75,0.85,0.11,-9.64,0.3,-1,0,0,0,0,0.03,0.03,0.15,0.03,0.04,0.08,0.0,0.0,-1,1,-0.42,-0.31,0.23,0.23
46272.5,46272.55,46204.15,46214.0,46294.06,46287.19,46369.64,46348.32,46446.65,46387.69,46307.4,46370.86,46350.21,46371.4,46422.32,46425.48,-24.91,16.46,-41.36,36.2,41.26,6.13,11.16,-97.79,-131.56,26.22,15.78,28.57,-377.15,-0.81,0.01,80.04,46676.76,46446.65,46216.54,0.99,-0.55,46655.55,46204.15,0.96,0.02,-12.91,0.42,-1,0,0,0,1,-0.11,0.11,0.15,0.13,0.0,0.02,0.02,0.0,-1,1,-0.5,-0.37,0.22,0.25
46216.9,46256.3,46200.0,46233.2,46272.27,46269.2,46342.49,46327.39,46438.29,46372.97,46309.84,46365.46,46348.12,46368.66,46421.24,46423.56,-33.43,6.48,-39.91,38.09,42.45,7.1,9.09,-92.28,-115.31,26.45,14.97,27.48,-271.5,-0.58,0.01,78.35,46685.99,46438.29,46190.59,1.07,8.6,46655.55,46200.0,0.91,0.07,-16.69,0.6,-1,0,0,0,0,0.04,0.04,0.12,0.04,0.05,0.04,0.01,0.0,-1,1,-0.44,-0.3,0.21,0.27
46242.05,46302.0,46214.95,46283.95,46249.02,46274.11,46322.02,46319.49,46431.92,46364.5,46313.54,46362.26,46346.58,46366.98,46420.49,46422.17,-35.68,-1.95,-33.73,42.91,45.51,9.82,7.68,-80.49,-79.69,25.78,17.93,25.32,-204.65,-0.44,0.01,78.97,46688.46,46431.92,46175.38,1.11,21.16,46655.55,46200.0,0.8,0.18,-19.32,0.75,-1,0,0,0,0,0.11,0.11,0.19,0.09,0.04,0.06,0.02,0.0,-1,1,-0.32,-0.17,0.18,0.28
46288.0,46315.45,46246.65,46286.9,46256.41,46278.38,46306.65,46313.56,46423.82,46357.11,46317.15,46359.31,46345.14,46365.4,46419.86,46420.83,-36.8,-8.92,-27.88,43.18,45.69,15.81,10.91,-79.8,-59.89,24.92,18.03,23.73,-153.75,-0.33,0.01,78.24,46687.82,46423.82,46159.81,1.14,24.07,46655.55,46200.0,0.8,0.19,-21.13,0.85,-1,1,0,0,0,0.01,0.01,0.15,0.0,0.06,0.09,0.01,0.0,-1,-1,-0.29,-0.15,0.15,0.29
46291.3,46305.5,46251.45,46271.45,46257.9,46276.07,46294.3,46305.91,46410.26,46348.95,46324.31,46355.86,46343.34,46363.54,46419.11,46419.34,-38.49,-14.83,-23.65,42.03,44.89,18.77,14.8,-83.39,-55.83,24.11,17.12,22.53,-123.45,-0.27,0.0,76.51,46676.3,46410.26,46144.21,1.15,23.91,46655.55,46200.0,0.83,0.15,-21.43,0.86,-1,0,0,0,0,-0.03,0.03,0.12,0.04,0.03,0.04,0.01,0.0,-1,-1,-0.3,-0.17,0.14,0.29
46275.15,46325.35,46242.5,46316.65,46278.43,46289.59,46286.24,46307.86,46399.56,46345.87,46333.14,46354.32,46341.96,46362.61,46418.5,46418.32,-35.77,-19.02,-16.75,46.52,47.7,24.22,19.6,-64.14,-32.35,22.98,17.65,20.8,-80.6,-0.17,0.0,76.97,46662.58,46399.56,46136.54,1.13,34.24,46655.55,46200.0,0.73,0.25,-20.86,0.84,-1,0,0,0,0,0.1,0.1,0.18,0.09,0.02,0.07,0.01,0.0,-1,-1,-0.18,-0.06,0.12,0.29
46320.4,46366.0,46255.0,46333.45,46298.48,46304.21,46285.37,46312.51,46384.6,46344.69,46340.82,46353.5,46340.89,46362.03,46417.9,46417.47,-31.89,-21.59,-10.29,48.12,48.72,32.3,25.1,-55.56,0.46,21.49,19.54,18.72,-8.7,-0.02,0.0,79.4,46626.05,46384.6,46143.15,1.04,39.41,46649.1,46200.0,0.68,0.29,-18.13,0.75,-1,0,0,0,0,0.04,0.04,0.24,0.03,0.07,0.14,0.01,0.0,-1,-1,-0.11,-0.02,0.12,0.27
46340.9,46343.15,46240.0,46282.55,46298.2,46296.99,46273.61,46307.06,46369.3,46338.77,46344.81,46350.72,46339.38,46360.46,46417.05,46416.13,-32.55,-23.78,-8.76,43.83,45.87,37.74,31.42,-67.09,-23.93,20.07,17.77,18.34,-117.65,-0.25,0.0,81.09,46595.39,46369.3,46143.21,0.98,30.82,46630.2,46200.0,0.75,0.18,-16.37,0.7,-1,0,0,0,1,-0.11,0.11,0.22,0.13,0.0,0.09,0.02,0.0,-1,-1,-0.19,-0.12,0.08,0.25
46278.8,46318.25,46236.6,46316.95,46304.21,46303.64,46280.31,46308.86,46358.72,46336.69,46348.56,46349.4,46338.01,46359.6,46416.46,46415.14,-29.95,-25.02,-4.93,47.25,48.03,43.53,37.86,-46.74,-11.21,18.81,16.49,17.32,67.0,0.14,0.0,81.13,46573.53,46358.72,46143.9,0.93,40.28,46630.2,46200.0,0.68,0.25,-14.6,0.61,-1,0,0,0,0,0.07,0.07,0.18,0.08,0.0,0.09,0.0,0.01,-1,-1,-0.09,-0.04,0.08,0.24
46314.85,46384.65,46271.5,46378.75,46325.67,46328.68,46291.78,46321.57,46349.57,46340.7,46352.63,46350.55,46337.47,46359.98,46416.28,46414.78,-22.64,-24.54,1.9,52.82,51.66,56.11,45.79,-17.83,106.8,18.44,20.58,15.64,114.75,0.25,0.0,83.42,46543.61,46349.57,46155.53,0.84,57.52,46630.2,46200.0,0.54,0.39,-11.11,0.44,-1,0,0,0,0,0.13,0.13,0.24,0.14,0.01,0.09,0.0,0.0,-1,-1,0.06,0.08,0.1,0.21
46374.7,46412.0,46304.4,46342.1,46330.76,46333.15,46304.6,46325.3,46337.12,46340.83,46356.72,46350.22,46336.53,46359.62,46416.95,46414.06,-19.58,-23.55,3.97,49.49,49.5,66.91,55.52,-34.68,123.4,18.5,21.01,14.23,128.1,0.28,0.0,85.15,46496.39,46337.12,46177.84,0.69,51.56,46630.2,46200.0,0.62,0.31,-7.4,0.29,-1,0,0,0,0,-0.08,0.08,0.23,0.07,0.08,0.08,0.0,0.01,-1,-1,0.01,0.0,0.09,0.18
46338.45,46386.3,46309.6,46370.2,46338.11,46345.5,46318.3,46333.47,46330.39,46343.63,46361.04,46351.0,46336.02,46359.83,46417.84,46413.62,-14.72,-21.78,7.07,51.99,51.14,75.92,66.31,-19.72,140.54,18.55,19.65,13.31,137.0,0.3,0.0,84.54,46471.07,46330.39,46189.71,0.61,64.15,46525.3,46200.0,0.33,0.37,-4.28,0.12,-1,0,0,0,0,0.06,0.06,0.17,0.07,0.03,0.06,0.0,0.01,1,-1,0.09,0.06,0.08,0.16
46674.85,46795.25,46674.85,46767.75,46435.15,46486.25,46366.68,46412.43,46344.35,46384.02,46374.97,46367.34,46339.59,46367.91,46420.69,46417.15,20.97,-13.23,34.21,72.64,67.04,80.33,74.39,-4.62,390.63,21.66,41.0,9.6,483.8,1.05,0.0,108.87,46572.96,46344.35,46115.74,0.99,142.6,46795.25,46200.0,0.06,1.21,4.46,0.05,1,0,0,0,0,0.86,0.86,0.26,0.2,0.06,0.0,0.66,0.0,1,-1,0.91,0.83,0.31,0.25
46767.45,46840.5,46712.85,46760.95,46523.95,46577.82,46414.08,46475.79,46360.36,46419.92,46387.59,46382.78,46342.74,46375.69,46423.49,46420.57,48.16,-0.95,49.11,72.07,66.65,87.75,81.33,-12.42,240.8,24.7,40.54,8.8,474.05,1.02,0.0,110.21,46650.35,46360.36,46070.38,1.25,119.07,46840.5,46200.0,0.17,1.2,11.94,0.23,1,1,0,0,0,-0.01,0.01,0.27,0.01,0.16,0.1,0.0,0.0,1,1,0.86,0.73,0.4,0.32
46762.0,46849.55,46729.7,46771.15,46602.43,46642.26,46464.05,46529.5,46379.18,46453.37,46401.12,46398.01,46346.07,46383.52,46426.41,46424.06,69.72,13.18,56.54,72.42,66.95,90.3,86.12,-12.07,162.56,27.57,38.0,8.12,499.7,1.08,0.0,110.9,46720.04,46379.18,46038.32,1.47,107.5,46849.55,46200.0,0.17,1.22,18.35,0.39,1,1,0,0,0,0.02,0.02,0.26,0.02,0.17,0.07,0.0,0.0,1,1,0.85,0.68,0.45,0.38
46769.75,46808.95,46709.85,46718.15,46677.64,46667.56,46504.2,46563.8,46395.22,46478.59,46413.16,46410.56,46348.93,46390.15,46428.73,46426.98,81.59,26.86,54.72,67.67,63.8,84.93,87.66,-20.71,110.93,29.88,35.55,8.89,401.5,0.87,0.0,110.05,46766.8,46395.22,46023.64,1.6,93.45,46849.55,46200.0,0.28,1.11,23.48,0.53,1,0,0,0,0,-0.11,0.11,0.21,0.11,0.08,0.02,0.0,0.0,1,1,0.7,0.52,0.47,0.41
46720.95,46850.3,46720.95,46824.2,46768.44,46719.77,46553.28,46611.14,46419.32,46511.5,46424.66,46426.79,46353.06,46398.74,46431.34,46430.93,98.42,41.17,57.24,71.68,67.06,87.66,87.63,-4.25,102.69,32.21,35.19,8.14,490.75,1.06,0.0,111.63,46834.04,46419.32,46004.61,1.79,98.81,46850.3,46200.0,0.06,1.33,28.77,0.64,1,0,0,0,0,0.23,0.23,0.28,0.22,0.06,0.0,0.01,0.0,1,1,0.87,0.67,0.49,0.46
46823.45,46828.6,46780.05,46809.25,46776.74,46749.6,46605.94,46647.16,46439.78,46539.86,46436.02,46441.78,46356.92,46406.87,46433.82,46434.7,109.29,54.8,54.49,70.35,66.18,89.45,87.35,-6.69,86.89,34.37,34.05,7.88,526.7,1.14,0.0,107.13,46887.72,46439.78,45991.84,1.93,91.24,46850.3,46200.0,0.09,1.3,34.04,0.77,1,0,0,0,0,-0.03,0.03,0.1,0.03,0.01,0.06,0.0,0.0,1,1,0.8,0.58,0.47,0.49
46809.7,46832.6,46751.2,46768.5,46778.25,46755.9,46651.1,46669.22,46465.7,46561.63,46445.53,46454.6,46360.52,46414.03,46436.14,46438.02,113.31,66.5,46.81,66.74,63.77,91.91,89.67,-13.33,68.91,35.82,32.17,9.4,451.55,0.97,0.01,105.29,46926.54,46465.7,46004.87,1.98,82.85,46850.3,46200.0,0.17,1.22,35.74,0.8,1,0,0,0,0,-0.09,0.09,0.17,0.09,0.05,0.04,0.0,0.0,1,1,0.65,0.44,0.43,0.51
46773.6,46815.2,46756.5,46802.4,46784.5,46771.4,46693.46,46693.44,46492.62,46584.56,46456.08,46468.24,46364.98,46421.72,46438.84,46441.65,117.87,76.77,41.1,68.2,64.89,90.73,90.7,-7.81,62.26,37.18,30.85,9.01,423.65,0.91,0.01,101.96,46965.92,46492.62,46019.33,2.04,82.73,46850.3,46200.0,0.1,1.29,37.36,0.83,1,0,0,0,0,0.07,0.07,0.13,0.06,0.03,0.04,0.01,0.0,1,1,0.67,0.47,0.39,0.52
46800.35,46822.85,46766.65,46782.0,46797.27,46774.93,46737.46,46709.54,46521.02,46603.37,46466.3,46480.54,46369.2,46428.86,46440.24,46445.03,118.48,85.11,33.36,66.31,63.65,89.25,90.63,-11.13,55.33,38.48,30.15,8.64,439.9,0.95,0.01,98.69,46992.19,46521.02,46049.86,2.03,77.69,46850.3,46200.0,0.15,1.24,37.1,0.82,1,0,0,0,0,-0.04,0.04,0.12,0.04,0.05,0.03,0.0,0.0,1,1,0.56,0.38,0.28,0.52
46782.05,46809.9,46777.25,46809.9,46794.41,46786.59,46781.42,46727.79,46549.86,46623.04,46476.57,46493.46,46373.97,46436.4,46441.2,46448.66,119.83,92.06,27.77,67.63,64.62,91.49,90.49,-6.58,53.05,39.69,29.4,8.43,439.7,0.95,0.01,93.98,47017.61,46549.86,46082.11,2.01,77.8,46850.3,46214.95,0.09,1.27,36.68,0.82,1,0,0,0,0,0.06,0.06,0.07,0.06,0.0,0.01,0.0,0.0,1,1,0.56,0.4,0.07,0.52
46814.6,46938.05,46803.9,46929.55,46818.47,46834.24,46797.6,46764.47,46582.14,46652.23,46489.51,46510.56,46380.31,46446.17,46442.9,46453.45,129.06,99.46,29.61,72.6,68.41,93.67,91.47,-1.28,86.93,41.51,35.94,7.6,161.8,0.35,0.01,96.84,47061.01,46582.14,46103.27,2.06,86.27,46938.05,46236.6,0.02,1.48,37.9,0.83,1,0,0,0,0,0.26,0.26,0.29,0.24,0.02,0.02,0.01,0.0,1,1,0.75,0.59,0.12,0.53
46928.75,46979.35,46915.15,46951.45,46855.06,46873.31,46816.66,46798.47,46615.37,46680.73,46500.98,46527.85,46386.21,46456.18,46444.55,46458.4,136.58,106.88,29.69,73.4,69.04,96.0,93.72,-4.13,125.94,43.37,37.32,7.23,190.5,0.41,0.01,94.51,47099.87,46615.37,46130.86,2.08,84.68,46979.35,46236.6,0.06,1.52,38.52,0.84,1,0,0,0,0,0.05,0.05,0.14,0.05,0.06,0.03,0.0,0.0,1,1,0.72,0.58,0.15,0.53
46947.45,46990.25,46947.45,46954.3,46885.44,46900.31,46834.97,46826.8,46649.51,46706.78,46512.08,46544.57,46392.22,46466.04,46445.83,46463.34,141.13,113.73,27.4,73.51,69.13,96.44,95.37,-5.28,162.39,45.14,36.92,6.98,183.15,0.39,0.01,90.82,47128.47,46649.51,46170.55,2.05,81.82,46990.25,46236.6,0.08,1.53,37.93,0.83,1,0,0,0,0,0.01,0.01,0.09,0.01,0.08,0.0,0.0,0.01,1,1,0.65,0.53,0.17,0.53
46954.6,46977.8,46864.0,46929.85,46915.01,46910.16,46856.14,46845.54,46680.17,46728.03,46523.13,46559.68,46397.61,46475.22,46447.04,46467.98,141.14,119.21,21.93,70.83,67.46,90.48,94.31,-19.15,108.1,45.12,33.68,12.82,211.7,0.45,0.01,92.46,47148.36,46680.17,46211.98,2.01,76.66,46990.25,46236.6,0.13,1.48,36.68,0.82,1,0,0,0,1,-0.05,0.05,0.24,0.05,0.05,0.14,0.0,0.0,1,1,0.53,0.43,0.16,0.51
46929.55,46930.7,46842.8,46848.9,46922.81,46889.74,46858.61,46846.15,46705.94,46739.54,46532.11,46571.02,46402.41,46482.62,46448.2,46471.77,133.09,121.99,11.1,62.68,62.23,75.05,87.32,-50.41,43.64,44.73,31.38,13.59,24.7,0.05,0.01,92.14,47151.13,46705.94,46260.75,1.91,66.06,46990.25,46236.6,0.3,1.31,33.61,0.76,1,0,0,0,0,-0.17,0.17,0.19,0.17,0.0,0.01,0.0,0.0,1,1,0.31,0.23,0.16,0.49
46838.3,46889.25,46825.25,46852.6,46907.42,46877.36,46862.94,46847.32,46734.44,46750.31,46540.51,46582.06,46407.2,46489.95,46449.55,46475.56,125.55,122.7,2.85,62.89,62.37,60.45,75.33,-49.09,17.86,44.04,29.79,14.29,43.35,0.09,0.01,90.13,47138.67,46734.44,46330.22,1.73,64.62,46990.25,46236.6,0.29,1.31,29.02,0.69,1,0,0,0,0,0.01,0.01,0.14,0.03,0.08,0.03,0.0,0.02,1,1,0.25,0.22,0.15,0.44
46848.0,46892.95,46837.55,46867.45,46890.62,46874.06,46872.84,46850.98,46761.97,46761.46,46548.62,46593.26,46412.08,46497.42,46451.1,46479.46,119.4,122.04,-2.64,63.77,62.95,52.23,62.58,-43.79,23.59,43.44,28.75,13.64,98.95,0.21,0.01,87.65,47121.19,46761.97,46402.75,1.54,64.68,46990.25,46271.5,0.26,1.27,24.33,0.61,1,0,0,0,0,0.03,0.03,0.12,0.04,0.05,0.02,0.0,0.01,1,1,0.23,0.23,0.14,0.39
46873.95,46882.25,46760.3,46793.5,46858.46,46847.2,46871.95,46840.53,46782.71,46764.51,46555.31,46601.11,46416.32,46503.29,46452.36,46482.58,107.33,119.1,-11.77,56.56,58.27,44.69,52.46,-73.06,-48.2,41.55,25.97,18.45,-8.9,-0.02,0.02,90.1,47096.0,46782.71,46469.42,1.34,51.72,46990.25,46304.4,0.42,1.05,18.73,0.48,1,0,0,0,1,-0.16,0.16,0.26,0.17,0.02,0.07,0.01,0.0,1,1,0.02,0.06,0.14,0.34
46796.9,46857.2,46776.35,46839.15,46840.32,46844.52,46877.66,46840.28,46807.56,46771.62,46562.6,46610.44,46420.7,46509.94,46453.65,46486.13,100.28,115.34,-15.05,59.6,60.19,39.98,45.63,-63.21,-36.4,39.79,24.29,17.26,57.15,0.12,0.02,89.43,47047.33,46807.56,46567.79,1.02,56.59,46990.25,46309.6,0.32,1.13,12.58,0.37,1,0,0,0,0,0.1,0.1,0.17,0.09,0.04,0.04,0.01,0.0,1,1,0.07,0.14,0.13,0.26
46842.7,46851.95,46817.3,46834.95,46837.53,46841.33,46880.17,46839.31,46830.8,46777.65,46571.29,46619.25,46424.8,46516.37,46454.87,46489.6,93.29,110.93,-17.64,59.19,59.92,32.92,39.2,-64.97,-26.45,38.16,23.59,16.76,25.05,0.05,0.02,85.52,46962.03,46830.8,46699.56,0.56,51.58,46990.25,46674.85,0.33,0.34,6.07,0.28,1,0,0,0,0,-0.01,0.01,0.07,0.02,0.02,0.04,0.01,0.0,1,1,0.01,0.12,0.12,0.14
46830.8,46845.7,46802.9,46824.45,46831.9,46835.7,46869.66,46836.61,46833.63,46782.11,46579.56,46627.3,46428.92,46522.47,46456.06,46492.93,85.9,105.92,-20.02,58.11,59.24,33.63,35.51,-70.93,-47.04,36.38,22.71,17.38,-105.1,-0.22,0.02,82.47,46961.71,46833.63,46705.56,0.55,46.42,46990.25,46709.85,0.35,0.24,4.98,0.2,1,0,0,0,0,-0.02,0.02,0.09,0.01,0.03,0.05,0.0,0.01,-1,1,-0.02,0.09,0.12,0.14
46825.95,46870.6,46816.9,46867.1,46831.83,46846.17,46861.22,46842.15,46838.94,46790.2,46587.92,46636.7,46433.85,46529.3,46457.4,46496.66,82.54,101.25,-18.7,61.2,61.14,36.85,34.47,-53.56,-15.36,35.07,23.84,16.55,-84.35,-0.18,0.02,80.42,46963.27,46838.94,46714.61,0.53,61.32,46990.25,46709.85,0.26,0.34,4.31,0.16,1,0,0,0,0,0.09,0.09,0.11,0.09,0.01,0.02,0.0,0.0,-1,1,0.06,0.16,0.1,0.14
46871.05,46901.75,46860.0,46887.75,46850.68,46860.03,46854.57,46850.44,46844.77,46799.49,46594.82,46646.54,46439.21,46536.4,46458.73,46500.55,80.62,97.12,-16.5,62.64,62.04,43.65,38.04,-44.57,25.62,34.25,25.79,15.92,-66.55,-0.14,0.02,77.65,46966.75,46844.77,46722.79,0.52,67.62,46990.25,46709.85,0.22,0.38,3.94,0.14,1,0,0,0,0,0.04,0.04,0.09,0.04,0.03,0.02,0.01,0.0,1,1,0.09,0.19,0.08,0.13
46890.95,46898.8,46864.35,46875.7,46857.99,46865.25,46849.16,46855.03,46852.65,46806.75,46601.72,46655.53,46444.53,46543.12,46460.03,46504.28,77.23,93.14,-15.91,61.21,61.17,50.68,43.73,-49.82,11.05,33.5,24.94,15.39,-54.15,-0.12,0.02,74.57,46960.43,46852.65,46744.87,0.46,60.69,46990.25,46720.95,0.24,0.33,2.38,0.06,1,0,0,0,0,-0.03,0.03,0.07,0.03,0.02,0.02,0.01,0.0,1,1,0.05,0.15,0.06,0.12
46873.55,46882.8,46847.4,46848.3,46860.66,46859.6,46849.09,46853.81,46853.85,46810.71,46606.04,46663.09,46449.68,46549.16,46461.18,46507.7,71.51,88.82,-17.31,57.99,59.19,47.96,47.43,-61.73,-23.0,32.43,24.06,16.54,-0.6,-0.0,0.02,71.77,46960.87,46853.85,46746.84,0.46,47.41,46990.25,46751.2,0.3,0.21,1.87,0.04,1,0,0,0,0,-0.06,0.06,0.08,0.05,0.02,0.0,0.0,0.0,1,1,-0.01,0.08,0.06,0.12
46846.8,46869.95,46834.6,46861.65,46868.1,46860.28,46850.0,46855.24,46856.47,46815.56,46611.5,46670.88,46453.5,46555.35,46462.54,46511.23,67.27,84.51,-17.23,59.12,59.86,44.18,47.61,-55.93,-21.94,31.16,23.18,17.26,9.05,0.02,0.02,69.17,46961.54,46856.47,46751.41,0.45,52.46,46990.25,46751.2,0.27,0.24,1.28,0.02,1,0,0,0,0,0.03,0.03,0.08,0.03,0.02,0.03,0.0,0.0,1,1,0.01,0.1,0.06,0.12
46862.2,46898.55,46857.05,46872.3,46869.14,46864.29,46850.48,46858.34,46861.66,46820.96,46618.37,46678.78,46457.04,46561.62,46463.75,46514.82,64.04,80.41,-16.37,60.04,60.4,44.61,45.58,-48.51,53.31,30.43,25.2,16.5,4.85,0.01,0.02,67.19,46958.79,46861.66,46764.54,0.41,55.48,46990.25,46756.5,0.25,0.25,0.11,0.0,1,0,0,0,0,0.02,0.02,0.09,0.02,0.06,0.01,0.0,0.0,1,1,0.02,0.11,0.06,0.11
46872.15,46881.8,46818.45,46859.1,46863.41,46862.56,46857.04,46858.48,46864.5,46824.6,46624.32,46685.85,46460.73,46567.51,46465.0,46518.24,59.73,76.28,-16.55,58.28,59.36,51.18,46.66,-42.02,-1.6,28.92,23.5,19.5,65.6,0.14,0.02,66.92,46957.77,46864.5,46771.22,0.4,47.11,46990.25,46760.3,0.28,0.21,-0.86,0.01,-1,0,0,0,0,-0.03,0.03,0.14,0.03,0.02,0.09,0.0,0.0,-1,1,-0.01,0.07,0.04,0.1
46861.55,46874.95,46828.55,46830.8,46854.43,46851.97,46856.21,46853.44,46866.94,46825.19,46629.11,46691.53,46463.55,46572.73,46466.23,46521.35,53.41,71.7,-18.3,54.59,57.14,53.11,49.63,-50.16,-26.58,27.51,22.31,18.51,-8.35,-0.02,0.02,65.45,46953.78,46866.94,46780.09,0.37,29.19,46990.25,46760.3,0.34,0.15,-2.64,0.12,-1,0,0,0,0,-0.06,0.06,0.1,0.07,0.03,0.0,0.01,0.0,-1,1,-0.08,0.01,0.04,0.1
46823.55,46850.2,46785.3,46804.9,46845.75,46836.28,46853.2,46844.62,46866.69,46823.25,46635.12,46695.98,46466.05,46577.32,46467.28,46524.18,45.78,66.52,-20.74,51.39,55.17,46.45,50.25,-68.47,-119.11,25.75,20.73,21.92,-30.05,-0.06,0.02,65.41,46954.22,46866.69,46779.16,0.37,14.7,46990.25,46760.3,0.4,0.1,-4.43,0.34,-1,0,0,0,0,-0.06,0.06,0.14,0.04,0.06,0.04,0.0,0.02,-1,1,-0.13,-0.04,0.06,0.1
46803.15,46847.05,46798.9,46842.7,46841.96,46838.42,46855.03,46844.27,46862.34,46825.11,46642.2,46701.73,46469.54,46582.58,46468.52,46527.35,42.3,61.67,-19.37,55.49,57.42,46.54,48.7,-41.75,-55.17,24.11,19.61,20.75,18.25,0.04,0.02,64.18,46945.48,46862.34,46779.21,0.35,38.18,46990.25,46760.3,0.31,0.18,-3.78,0.27,-1,0,0,1,0,0.08,0.08,0.1,0.08,0.01,0.01,0.0,0.0,-1,1,-0.04,0.04,0.05,0.09
46843.5,46847.45,46762.65,46781.15,46823.73,46819.33,46846.44,46832.79,46853.83,46820.92,46649.01,46704.85,46472.69,46586.51,46469.3,46529.87,34.18,56.18,-22.0,48.33,52.87,34.36,42.45,-86.7,-153.33,23.26,17.81,22.78,-85.95,-0.18,0.02,65.65,46933.52,46853.83,46774.14,0.34,4.4,46990.25,46760.3,0.45,0.04,-3.53,0.26,-1,0,0,0,1,-0.13,0.13,0.18,0.13,0.01,0.04,0.0,0.0,-1,1,-0.16,-0.08,0.07,0.09
46776.45,46791.8,46753.35,46780.85,46808.08,46806.5,46835.74,46823.35,46845.16,46817.1,46656.73,46707.83,46476.29,46590.36,46470.18,46532.37,27.41,50.42,-23.02,48.3,52.85,30.03,36.98,-81.47,-177.81,22.64,17.04,22.84,-106.9,-0.23,0.02,63.71,46916.55,46845.16,46773.77,0.3,4.96,46977.8,46753.35,0.42,0.06,-2.99,0.23,-1,0,0,0,0,-0.0,0.0,0.08,0.01,0.02,0.05,0.0,0.01,-1,1,-0.14,-0.08,0.08,0.08
46782.85,46782.85,46714.85,46742.2,46790.36,46785.07,46822.4,46808.59,46835.78,46809.97,46663.63,46709.17,46479.96,46593.37,46470.92,46534.46,18.7,44.08,-25.38,44.15,50.1,15.49,26.63,-85.37,-184.55,22.7,15.74,25.4,-133.5,-0.28,0.02,64.02,46909.46,46835.78,46762.09,0.31,-13.49,46930.7,46714.85,0.4,0.06,-3.12,0.24,-1,0,0,0,1,-0.08,0.08,0.15,0.09,0.0,0.06,0.0,0.0,-1,1,-0.2,-0.14,0.09,0.08
46741.55,46745.35,46639.95,46641.1,46757.6,46737.08,46801.68,46778.14,46825.38,46793.89,46669.61,46706.5,46483.39,46594.31,46471.26,46535.52,3.61,35.98,-32.38,35.55,43.84,11.2,18.91,-99.56,-221.48,23.74,13.97,30.53,-207.2,-0.44,0.02,66.97,46937.38,46825.38,46713.39,0.48,-32.27,46901.75,46639.95,0.56,0.0,-5.7,0.34,-1,0,0,0,0,-0.22,0.22,0.23,0.22,0.01,0.0,0.0,0.0,-1,1,-0.39,-0.33,0.15,0.12
46639.3,46666.0,46605.05,46625.2,46714.1,46699.79,46778.03,46750.33,46814.02,46777.82,46674.11,46703.32,46487.75,46594.92,46471.46,46536.41,-9.53,26.88,-36.41,34.42,42.96,7.29,11.33,-93.21,-197.76,25.07,13.06,32.28,-236.45,-0.5,0.02,66.54,46955.06,46814.02,46672.97,0.6,-16.94,46901.75,46605.05,0.59,0.04,-8.13,0.44,-1,0,0,0,0,-0.03,0.03,0.13,0.03,0.06,0.04,0.0,0.0,-1,1,-0.4,-0.33,0.18,0.15
46628.35,46714.1,46570.15,46695.45,46696.96,46698.34,46760.34,46740.35,46805.41,46769.98,46683.02,46703.01,46493.34,46596.91,46471.53,46537.99,-14.11,18.68,-32.79,43.07,47.85,15.12,11.2,-61.87,-130.72,25.2,15.96,27.68,-176.85,-0.38,0.02,72.07,46953.19,46805.41,46657.64,0.63,12.79,46901.75,46570.15,0.44,0.27,-8.98,0.49,-1,0,0,0,0,0.15,0.15,0.31,0.14,0.04,0.12,0.01,0.0,-1,1,-0.23,-0.16,0.18,0.16
46692.85,46700.4,46655.7,46690.8,46678.95,46695.83,46743.52,46731.34,46800.28,46762.44,46691.55,46702.53,46498.5,46598.77,46471.51,46539.51,-17.91,11.36,-29.27,42.67,47.56,27.22,16.54,-63.26,-89.9,25.31,15.24,26.42,-168.3,-0.36,0.02,70.12,46956.26,46800.28,46644.3,0.67,14.91,46901.75,46570.15,0.45,0.26,-10.8,0.64,-1,1,0,0,0,-0.01,0.01,0.1,0.0,0.02,0.08,0.0,0.01,-1,1,-0.23,-0.15,0.17,0.17
46690.9,46691.65,46635.85,46663.0,46663.11,46684.88,46726.74,46718.92,46791.47,46752.97,46700.53,46700.98,46503.97,46600.05,46471.28,46540.74,-22.9,4.51,-27.41,40.25,45.86,34.38,25.57,-71.73,-89.4,25.68,14.36,26.95,-167.8,-0.36,0.02,69.09,46957.27,46791.47,46625.68,0.71,11.26,46901.75,46570.15,0.51,0.2,-12.15,0.71,-1,0,0,0,0,-0.06,0.06,0.12,0.06,0.0,0.06,0.0,0.0,-1,1,-0.27,-0.19,0.16,0.18
46665.0,46702.5,46662.9,46681.75,46671.24,46683.84,46714.42,46712.16,46783.81,46746.18,46709.5,46700.23,46509.67,46601.66,46471.23,46542.14,-25.05,-1.4,-23.65,42.61,47.2,33.0,31.53,-66.02,-62.28,25.76,14.91,25.81,-123.15,-0.26,0.02,66.99,46954.93,46783.81,46612.69,0.73,20.18,46901.75,46570.15,0.47,0.24,-13.03,0.77,-1,0,0,0,0,0.04,0.04,0.08,0.04,0.04,0.0,0.0,0.0,-1,1,-0.22,-0.14,0.15,0.19
46682.4,46768.85,46679.75,46748.9,46695.98,46705.53,46705.04,46718.84,46780.04,46746.44,46718.8,46702.13,46516.17,46604.58,46471.57,46544.2,-21.1,-5.34,-15.76,50.19,51.7,39.87,35.75,-42.64,-9.52,24.4,20.44,23.41,-93.8,-0.2,0.01,68.57,46950.74,46780.04,46609.33,0.73,40.88,46901.75,46570.15,0.33,0.38,-12.89,0.76,-1,0,0,0,0,0.14,0.14,0.19,0.14,0.04,0.01,0.0,0.0,-1,-1,-0.07,0.01,0.12,0.19
46747.95,46752.75,46706.15,46739.8,46704.85,46716.95,46700.9,46722.65,46773.67,46745.81,46727.86,46703.61,46522.5,46607.26,46471.92,46546.15,-18.48,-7.97,-10.51,49.24,51.08,49.0,40.62,-44.34,-0.6,23.15,19.42,22.25,-41.35,-0.09,0.01,67.0,46940.36,46773.67,46606.98,0.71,39.84,46901.75,46570.15,0.35,0.36,-12.09,0.7,-1,0,0,0,0,-0.02,0.02,0.1,0.02,0.01,0.07,0.0,0.0,-1,-1,-0.07,-0.01,0.11,0.18
46740.3,46756.7,46677.35,46688.95,46704.48,46707.62,46691.72,46716.52,46763.73,46740.39,46736.21,46703.04,46530.26,46608.87,46472.28,46547.57,-20.28,-10.43,-9.85,44.21,47.72,51.81,46.89,-57.58,-20.57,22.47,17.8,23.42,-91.9,-0.2,0.01,67.88,46925.66,46763.73,46601.8,0.69,26.91,46898.8,46570.15,0.45,0.25,-11.5,0.67,-1,0,0,0,0,-0.11,0.11,0.17,0.11,0.04,0.02,0.0,0.0,-1,-1,-0.16,-0.11,0.09,0.18
46691.0,46701.95,46670.05,46690.4,46709.96,46701.88,46686.54,46711.77,46754.46,46735.63,46743.68,46702.54,46538.41,46610.49,46472.63,46548.99,-21.34,-12.62,-8.73,44.39,47.83,47.15,49.32,-56.64,-38.85,21.96,17.18,23.4,-51.8,-0.11,0.01,65.31,46910.82,46754.46,46598.11,0.67,29.51,46898.55,46570.15,0.45,0.26,-10.78,0.63,-1,1,0,0,0,0.0,0.0,0.07,0.0,0.02,0.04,0.0,0.0,-1,-1,-0.14,-0.1,0.08,0.17
46692.85,46729.15,46688.1,46707.85,46715.18,46703.87,46693.21,46711.06,46747.44,46732.99,46751.17,46702.75,46546.0,46612.42,46473.26,46550.57,-20.54,-14.2,-6.34,46.55,49.09,45.15,48.04,-50.34,4.32,20.88,19.44,22.32,66.75,0.14,0.01,63.58,46898.85,46747.44,46596.04,0.65,36.92,46898.55,46570.15,0.41,0.29,-9.96,0.58,-1,0,0,0,0,0.04,0.04,0.09,0.03,0.05,0.01,0.01,0.0,-1,-1,-0.08,-0.05,0.08,0.17
46706.5,46746.8,46706.5,46735.0,46712.4,46714.25,46704.19,46715.41,46741.11,46733.18,46760.22,46704.01,46552.52,46614.84,46474.1,46552.41,-17.51,-14.86,-2.65,49.83,51.02,55.8,49.36,-25.63,58.72,19.51,20.58,21.29,109.8,0.24,0.01,61.91,46883.18,46741.11,46599.04,0.61,47.85,46898.55,46570.15,0.35,0.35,-8.34,0.46,-1,0,0,0,0,0.06,0.06,0.09,0.06,0.03,0.0,0.0,0.0,-1,-1,-0.01,0.0,0.06,0.16
46732.05,46748.15,46699.0,46734.8,46711.4,46721.1,46708.12,46718.94,46734.24,46733.33,46768.58,46705.22,46558.57,46617.22,46475.01,46554.22,-14.95,-14.88,-0.07,49.8,51.01,67.15,56.03,-22.59,68.79,18.39,19.39,20.94,39.35,0.08,0.01,61.0,46862.93,46734.24,46605.54,0.55,50.22,46881.8,46570.15,0.31,0.35,-6.35,0.32,-1,1,0,0,0,-0.0,0.0,0.11,0.01,0.03,0.07,0.0,0.01,-1,-1,0.0,0.0,0.06,0.14
46732.15,46748.55,46717.4,46727.75,46719.16,46723.31,46711.82,46720.54,46727.67,46732.8,46775.56,46706.1,46564.09,46619.41,46475.71,46555.95,-13.34,-14.57,1.23,48.9,50.46,77.03,66.66,-20.68,83.65,17.34,18.71,20.15,36.95,0.08,0.01,58.87,46842.9,46727.67,46612.43,0.49,50.04,46874.95,46570.15,0.32,0.34,-4.48,0.2,-1,0,0,0,0,-0.02,0.02,0.07,0.01,0.04,0.02,0.0,0.01,-1,-1,0.0,-0.01,0.06,0.13
46724.35,46749.15,46687.4,46737.85,46728.65,46728.16,46719.3,46723.69,46723.02,46733.28,46783.47,46707.35,46570.1,46621.75,46476.3,46557.76,-11.12,-13.88,2.76,50.29,51.25,80.37,74.85,-15.6,59.6,17.0,17.31,22.27,74.85,0.16,0.01,59.08,46828.31,46723.02,46617.73,0.45,57.04,46850.2,46570.15,0.24,0.36,-2.7,0.09,-1,0,0,1,0,0.02,0.02,0.13,0.03,0.02,0.08,0.0,0.01,1,-1,0.03,0.01,0.05,0.12
46736.8,46742.45,46699.75,46712.9,46729.66,46723.07,46722.42,46721.73,46718.42,46731.34,46790.33,46707.57,46575.68,46623.56,46476.77,46559.3,-11.25,-13.36,2.11,46.9,49.22,78.52,78.64,-28.16,36.13,16.68,16.4,21.1,31.15,0.07,0.01,57.91,46816.82,46718.42,46620.02,0.42,47.19,46847.45,46570.15,0.29,0.31,-1.55,0.03,-1,0,0,0,0,-0.05,0.05,0.09,0.05,0.01,0.03,0.0,0.0,1,-1,-0.01,-0.04,0.05,0.11
46714.85,46751.5,46711.05,46733.55,46729.37,46726.57,46720.88,46723.88,46712.96,46731.55,46789.64,46708.59,46582.31,46625.74,46477.93,46561.03,-9.57,-12.6,3.03,49.91,50.91,76.57,78.49,-26.54,70.12,16.13,16.7,20.02,-15.35,-0.03,0.01,56.66,46793.7,46712.96,46632.22,0.35,62.75,46847.45,46570.15,0.24,0.35,0.63,0.01,1,0,0,0,0,0.04,0.04,0.09,0.04,0.04,0.01,0.0,0.0,1,-1,0.04,0.0,0.04,0.09
46729.95,46748.0,46701.25,46748.0,46732.01,46733.71,46721.7,46728.26,46711.3,46733.12,46789.38,46710.13,46588.49,46628.16,46479.06,46562.9,-6.99,-11.48,4.49,51.96,52.08,76.54,77.21,-15.68,64.53,15.85,15.71,20.08,8.2,0.02,0.01,55.95,46787.62,46711.3,46634.99,0.33,74.04,46791.8,46570.15,0.09,0.38,2.2,0.11,1,0,0,0,0,0.03,0.03,0.1,0.04,0.0,0.06,0.0,0.01,1,-1,0.08,0.03,0.04,0.08
46745.65,46778.05,46735.55,46761.55,46738.77,46742.99,46728.96,46734.31,46710.34,46735.83,46789.19,46712.15,46595.16,46630.8,46480.36,46564.87,-3.81,-9.94,6.13,53.87,53.19,81.15,78.09,-14.33,162.92,14.77,18.74,18.97,72.6,0.16,0.01,54.99,46783.54,46710.34,46637.14,0.31,84.98,46782.85,46570.15,0.05,0.41,4.02,0.4,1,0,0,0,0,0.03,0.03,0.09,0.03,0.04,0.02,0.0,0.01,1,-1,0.11,0.06,0.04,0.08
46759.85,46777.2,46700.0,46717.55,46734.71,46734.51,46731.68,46731.27,46709.11,46734.09,46789.18,46712.36,46601.17,46632.52,46481.33,46566.39,-4.79,-8.91,4.12,47.3,49.32,71.33,76.34,-56.02,36.57,14.58,16.92,21.61,27.15,0.06,0.01,56.58,46780.93,46709.11,46637.28,0.31,55.88,46778.05,46570.15,0.13,0.32,4.62,0.55,1,0,0,0,0,-0.09,0.09,0.17,0.09,0.04,0.04,0.0,0.0,1,-1,0.02,-0.04,0.03,0.08
46716.55,46729.8,46662.85,46678.45,46727.82,46715.82,46728.74,46721.66,46710.98,46728.79,46786.27,46711.03,46605.46,46633.43,46482.0,46567.51,-8.62,-8.85,0.24,42.35,46.18,47.73,66.74,-86.46,-150.1,15.14,15.5,24.44,-29.4,-0.06,0.01,57.32,46777.37,46710.98,46644.58,0.28,25.51,46778.05,46570.15,0.21,0.23,3.11,0.29,1,0,0,0,0,-0.08,0.08,0.14,0.08,0.03,0.03,0.0,0.0,1,-1,-0.07,-0.11,0.05,0.07
46677.1,46703.4,46645.65,46659.25,46712.96,46696.97,46721.16,46710.32,46712.68,46722.16,46783.27,46709.0,46609.64,46633.94,46482.4,46568.42,-13.05,-9.69,-3.36,40.13,44.72,22.6,47.22,-89.73,-179.65,15.96,14.39,24.82,-75.75,-0.16,0.01,57.35,46771.5,46712.68,46653.86,0.25,4.59,46778.05,46570.15,0.25,0.19,1.02,0.04,1,0,0,0,0,-0.04,0.04,0.12,0.04,0.06,0.03,0.0,0.0,1,-1,-0.11,-0.13,0.07,0.06
46661.6,46705.7,46660.3,46695.5,46702.46,46696.48,46717.24,46707.62,46712.68,46719.62,46781.81,46708.47,46613.67,46635.16,46483.29,46569.68,-13.48,-10.45,-3.03,45.9,47.99,20.49,30.27,-62.35,-98.02,16.65,13.84,23.36,-39.3,-0.08,0.01,56.57,46771.5,46712.68,46653.86,0.25,35.4,46778.05,46635.85,0.18,0.13,0.5,0.01,1,0,0,0,0,0.08,0.08,0.1,0.07,0.02,0.0,0.01,0.0,-1,-1,-0.04,-0.05,0.07,0.06
46692.95,46743.15,46684.0,46728.75,46695.9,46707.23,46717.34,46711.46,46714.58,46720.49,46780.33,46709.27,46618.21,46637.01,46484.34,46571.27,-11.02,-10.56,-0.45,50.6,50.79,36.9,26.66,-37.24,0.37,16.21,17.52,21.63,1.0,0.0,0.01,56.75,46772.9,46714.58,46656.26,0.25,62.15,46778.05,46635.85,0.11,0.2,0.39,0.01,1,0,0,0,0,0.07,0.07,0.13,0.08,0.03,0.02,0.0,0.01,-1,-1,0.03,0.02,0.07,0.06
46727.85,46737.7,46663.55,46663.55,46685.1,46692.67,46709.91,46702.75,46714.6,46715.07,46777.96,46707.47,46622.13,46637.54,46485.52,46572.18,-14.16,-11.28,-2.88,42.76,45.72,37.98,31.79,-86.48,-101.04,16.22,15.92,22.17,-74.3,-0.16,0.01,58.0,46772.83,46714.6,46656.38,0.25,6.16,46778.05,46645.65,0.25,0.04,-1.16,0.05,-1,0,0,0,0,-0.14,0.14,0.16,0.14,0.02,0.0,0.0,0.0,-1,-1,-0.11,-0.11,0.07,0.06
46662.4,46703.3,46662.4,46680.75,46685.56,46688.7,46706.69,46698.75,46714.56,46711.8,46775.38,46706.42,46625.98,46638.39,46486.78,46573.26,-15.09,-12.04,-3.04,45.17,47.18,34.26,36.38,-73.49,-97.43,16.26,15.1,21.17,-32.15,-0.07,0.01,56.78,46772.89,46714.56,46656.22,0.25,21.03,46778.05,46645.65,0.21,0.08,-2.16,0.18,-1,0,0,0,0,0.04,0.04,0.09,0.04,0.05,0.0,0.0,0.0,-1,-1,-0.07,-0.07,0.08,0.06
46685.95,46717.9,46677.45,46701.95,46694.1,46693.12,46703.53,46699.33,46712.21,46710.86,46770.83,46706.25,46630.17,46639.65,46488.4,46574.55,-13.95,-12.43,-1.53,48.08,48.96,27.52,33.25,-57.48,-38.27,15.86,16.19,20.07,-31.6,-0.07,0.0,55.61,46768.57,46712.21,46655.84,0.24,40.9,46778.05,46645.65,0.16,0.12,-1.8,0.14,-1,0,0,0,0,0.05,0.05,0.09,0.03,0.03,0.02,0.01,0.0,-1,-1,-0.02,-0.02,0.07,0.06
46703.3,46740.0,46691.95,46707.1,46696.42,46697.78,46699.44,46700.75,46710.57,46710.51,46765.94,46706.28,46633.46,46640.99,46489.86,46575.86,-12.49,-12.44,-0.05,48.79,49.39,38.48,33.42,-53.59,8.34,14.88,18.05,18.82,-40.9,-0.09,0.0,55.07,46765.52,46710.57,46655.62,0.24,46.84,46778.05,46645.65,0.15,0.13,-1.43,0.09,-1,1,0,0,0,0.01,0.01,0.1,0.01,0.07,0.02,0.0,0.0,-1,-1,-0.01,-0.01,0.07,0.06
46706.0,46736.25,46640.25,46649.4,46680.55,46681.65,46688.22,46691.41,46708.6,46704.69,46759.84,46704.05,46635.96,46641.15,46491.13,46576.6,-15.81,-13.11,-2.7,41.88,44.9,31.86,32.62,-93.36,-94.25,15.11,15.91,22.96,-112.15,-0.24,0.0,57.99,46769.08,46708.6,46648.11,0.26,1.07,46778.05,46640.25,0.28,0.02,-2.65,0.26,-1,0,0,0,0,-0.12,0.12,0.21,0.12,0.06,0.02,0.0,0.0,-1,-1,-0.13,-0.12,0.06,0.07
46649.5,46713.05,46645.4,46661.8,46680.2,46675.03,46682.65,46686.03,46707.16,46700.6,46754.48,46702.39,46638.8,46641.56,46492.59,46577.44,-17.24,-13.94,-3.3,43.72,46.0,22.9,31.08,-84.36,-86.01,15.33,14.6,21.07,-55.75,-0.12,0.0,58.68,46770.59,46707.16,46643.74,0.27,14.23,46778.05,46640.25,0.25,0.05,-3.61,0.43,-1,0,0,0,0,0.03,0.03,0.14,0.03,0.11,0.01,0.0,0.0,-1,-1,-0.1,-0.08,0.05,0.07
46667.25,46686.6,46653.8,46678.05,46679.66,46676.04,46682.61,46684.58,46705.68,46698.45,46751.07,46701.44,46641.59,46642.28,46494.16,46578.44,-16.87,-14.52,-2.34,46.13,47.46,16.57,23.78,-72.57,-79.18,15.53,14.0,20.2,-0.4,-0.0,0.0,56.83,46770.35,46705.68,46641.0,0.28,28.64,46778.05,46640.25,0.21,0.08,-4.01,0.51,-1,0,0,0,0,0.03,0.03,0.07,0.02,0.02,0.03,0.01,0.0,-1,-1,-0.06,-0.04,0.05,0.07
46675.8,46697.2,46659.75,46680.7,46675.41,46677.59,46684.76,46683.87,46702.96,46696.76,46747.63,46700.63,46644.07,46643.04,46495.19,46579.46,-16.17,-14.85,-1.32,46.54,47.7,24.14,21.2,-70.65,-53.74,15.37,14.69,19.23,21.45,0.05,0.0,55.45,46767.04,46702.96,46638.88,0.27,32.63,46778.05,46640.25,0.21,0.09,-3.9,0.49,-1,0,0,0,0,0.01,0.01,0.08,0.01,0.04,0.03,0.0,0.0,-1,-1,-0.05,-0.03,0.05,0.07
46680.6,46690.1,46659.15,46667.3,46667.45,46674.16,46681.94,46680.86,46699.58,46693.96,46743.62,46699.32,46646.12,46643.52,46496.25,46580.34,-16.51,-15.19,-1.33,44.72,46.57,25.51,22.07,-80.25,-76.61,15.25,14.09,18.52,-28.2,-0.06,0.0,53.7,46763.71,46699.58,46635.46,0.27,24.83,46778.05,46640.25,0.24,0.06,-3.91,0.49,-1,0,0,0,0,-0.03,0.03,0.07,0.03,0.02,0.02,0.0,0.0,-1,-1,-0.07,-0.06,0.05,0.07
46666.9,46689.55,46633.35,46677.15,46673.0,46675.16,46676.78,46680.18,46697.06,46692.36,46741.3,46698.45,46648.3,46644.19,46497.34,46581.3,-15.8,-15.31,-0.49,46.38,47.53,29.67,26.44,-60.11,-96.82,15.76,13.04,20.56,-51.6,-0.11,0.0,53.88,46760.52,46697.06,46633.59,0.27,34.32,46778.05,46633.35,0.22,0.09,-3.79,0.47,-1,0,0,0,0,0.02,0.02,0.12,0.02,0.03,0.07,0.0,0.0,-1,-1,-0.04,-0.03,0.04,0.07
46676.95,46699.05,46651.6,46683.25,46677.29,46677.86,46678.74,46680.74,46694.32,46691.49,46738.18,46697.85,46650.39,46644.96,46498.74,46582.31,-14.58,-15.16,0.58,47.43,48.14,35.03,30.07,-54.55,-32.33,15.89,13.48,19.25,19.7,0.04,0.0,53.42,46755.18,46694.32,46633.47,0.26,40.9,46778.05,46633.35,0.2,0.11,-3.34,0.4,-1,0,0,0,0,0.01,0.01,0.1,0.01,0.03,0.05,0.0,0.0,-1,-1,-0.02,-0.02,0.04,0.07
46683.4,46698.9,46642.7,46676.35,46676.95,46677.35,46678.3,46679.94,46692.5,46690.05,46735.01,46697.01,46653.15,46645.59,46500.1,46583.25,-14.01,-14.93,0.92,46.32,47.49,41.5,35.4,-60.84,-63.12,16.24,12.47,19.0,-4.4,-0.01,0.0,53.62,46753.21,46692.5,46631.78,0.26,36.7,46778.05,46633.35,0.22,0.09,-3.3,0.39,-1,0,0,0,1,-0.01,0.01,0.12,0.02,0.03,0.07,0.0,0.0,-1,-1,-0.03,-0.03,0.04,0.07
46676.15,46700.85,46635.55,46684.0,46677.61,46679.57,46676.51,46680.68,46690.02,46689.47,46732.2,46696.5,46655.88,46646.35,46501.47,46584.25,-12.79,-14.5,1.71,47.78,48.3,43.58,40.04,-53.87,-52.72,16.74,11.4,18.31,-17.95,-0.04,0.0,54.45,46747.8,46690.02,46632.24,0.25,44.79,46778.05,46633.35,0.2,0.11,-2.78,0.31,-1,0,0,1,0,0.02,0.02,0.14,0.02,0.04,0.09,0.0,0.0,-1,-1,-0.01,-0.01,0.03,0.06
46673.95,46725.45,46669.0,46704.5,46685.05,46687.88,46676.25,46685.01,46687.84,46690.9,46728.95,46696.81,46658.43,46647.5,46503.1,46585.45,-10.06,-13.61,3.56,51.57,50.47,50.67,45.25,-33.29,113.89,16.28,13.78,16.96,-2.6,-0.01,0.0,54.59,46739.71,46687.84,46635.98,0.22,66.06,46778.05,46633.35,0.16,0.15,-1.65,0.14,-1,0,0,0,0,0.04,0.04,0.12,0.07,0.04,0.01,0.0,0.02,-1,-1,0.04,0.03,0.03,0.06
46698.4,46712.9,46686.95,46693.8,46688.38,46689.85,46680.69,46686.61,46684.46,46691.18,46725.07,46696.7,46659.94,46648.41,46504.53,46586.53,-8.65,-12.62,3.97,49.55,49.34,56.51,50.25,-43.32,90.08,15.86,13.29,16.36,44.4,0.1,0.0,52.55,46724.01,46684.46,46644.91,0.17,61.81,46777.2,46633.35,0.18,0.13,-0.41,0.01,-1,0,0,0,0,-0.02,0.02,0.06,0.01,0.03,0.01,0.0,0.01,1,-1,0.02,0.01,0.03,0.04
46695.25,46705.9,46673.95,46702.85,46692.3,46694.19,46684.8,46689.56,46683.72,46692.29,46721.61,46696.94,46661.67,46649.49,46505.95,46587.68,-6.73,-11.44,4.71,51.29,50.33,62.85,56.68,-34.83,58.19,15.85,12.7,17.45,41.05,0.09,0.0,51.08,46721.28,46683.72,46646.16,0.16,75.46,46743.15,46633.35,0.09,0.15,0.38,0.01,1,0,0,0,0,0.02,0.02,0.07,0.02,0.01,0.05,0.0,0.0,1,-1,0.04,0.02,0.03,0.04
46703.65,46713.05,46670.75,46679.25,46692.88,46689.21,46684.92,46687.69,46683.76,46691.05,46718.23,46696.24,46662.13,46650.08,46506.79,46588.6,-7.03,-10.56,3.53,46.76,47.77,54.96,58.11,-56.96,29.92,15.56,12.95,16.4,1.2,0.0,0.0,50.45,46721.3,46683.76,46646.22,0.16,43.99,46743.15,46633.35,0.14,0.1,0.23,0.01,1,0,0,0,1,-0.05,0.05,0.09,0.05,0.02,0.02,0.0,0.0,1,-1,-0.01,-0.03,0.03,0.04
46634.9,46744.65,46632.4,46695.0,46695.08,46691.14,46686.34,46689.02,46685.55,46691.42,46714.9,46696.2,46663.2,46650.97,46507.85,46589.65,-5.93,-9.63,3.7,49.94,49.57,54.66,57.49,-44.23,69.4,16.33,11.06,19.0,14.3,0.03,0.0,54.86,46721.63,46685.55,46649.47,0.15,63.1,46744.65,46632.4,0.11,0.13,0.01,0.0,1,0,0,0,0,0.03,0.03,0.24,0.13,0.11,0.01,0.0,0.1,1,-1,0.02,0.01,0.03,0.04
46696.35,46736.65,46685.1,46725.3,46699.24,46702.53,46692.14,46695.61,46687.04,46694.65,46711.96,46697.34,46665.16,46652.44,46509.07,46591.0,-2.58,-8.22,5.64,55.45,52.85,60.52,56.71,-17.24,179.76,17.05,10.31,17.72,58.0,0.12,0.0,54.63,46726.9,46687.04,46647.18,0.17,97.99,46744.65,46632.4,0.04,0.2,0.73,0.04,1,0,0,0,0,0.06,0.06,0.11,0.06,0.02,0.02,0.0,0.0,1,-1,0.08,0.07,0.03,0.04
46727.1,46731.8,46566.8,46597.35,46679.95,46667.47,46684.16,46677.75,46680.47,46685.38,46706.72,46693.42,46665.52,46651.35,46509.75,46591.07,-10.14,-8.61,-1.53,36.95,41.02,51.9,55.69,-82.82,-227.57,19.68,8.37,27.89,-79.8,-0.17,0.0,62.51,46732.21,46680.47,46628.73,0.22,-30.32,46744.65,46566.8,0.32,0.07,0.11,0.0,1,0,0,0,1,-0.27,0.27,0.35,0.28,0.01,0.07,0.0,0.0,-1,-1,-0.18,-0.19,0.07,0.06
46589.0,46660.85,46582.1,46649.55,46669.29,46661.49,46680.8,46672.62,46679.77,46681.97,46703.1,46691.7,46666.1,46651.32,46510.89,46591.65,-11.78,-9.24,-2.54,45.01,46.18,48.82,53.75,-53.47,-183.57,22.12,7.63,25.43,-33.7,-0.07,0.0,63.67,46732.77,46679.77,46626.77,0.23,21.49,46744.65,46566.8,0.2,0.18,-0.6,0.02,-1,0,0,0,0,0.11,0.11,0.17,0.13,0.02,0.01,0.0,0.02,-1,-1,-0.06,-0.07,0.08,0.06
46659.35,46844.0,46641.35,46824.45,46698.33,46715.81,46695.6,46700.23,46686.96,46695.54,46703.49,46696.9,46669.3,46654.74,46512.97,46593.97,1.02,-7.19,8.21,62.37,58.85,52.22,50.98,-7.05,241.94,21.1,23.9,20.43,148.1,0.32,-0.0,73.6,46769.35,46686.96,46604.56,0.35,133.44,46844.0,46566.8,0.04,0.55,1.48,0.04,1,0,0,0,0,0.37,0.37,0.43,0.35,0.04,0.04,0.02,0.0,1,-1,0.29,0.28,0.12,0.09
46821.15,46862.3,46777.5,46777.5,46714.83,46736.38,46704.96,46714.28,46690.73,46703.35,46702.18,46700.06,46672.19,46657.18,46514.76,46595.79,7.3,-4.29,11.59,57.15,55.19,70.26,57.1,-28.7,237.72,20.42,23.71,18.76,93.5,0.2,-0.0,74.4,46781.98,46690.73,46599.48,0.39,97.54,46862.3,46566.8,0.18,0.45,3.01,0.14,1,0,0,0,0,-0.1,0.1,0.18,0.09,0.09,0.0,0.0,0.01,1,1,0.19,0.16,0.13,0.1
46764.1,46791.15,46634.95,46754.0,46720.57,46742.25,46709.9,46721.5,46693.08,46708.17,46701.64,46702.18,46675.32,46659.09,46516.35,46597.37,10.25,-1.38,11.64,54.69,53.44,75.87,66.11,-36.65,58.64,20.19,20.42,28.85,49.5,0.11,-0.0,80.24,46788.22,46693.08,46597.94,0.41,82.02,46862.3,46566.8,0.23,0.4,4.17,0.26,1,1,0,0,0,-0.05,0.05,0.33,0.02,0.06,0.25,0.0,0.03,1,1,0.13,0.1,0.14,0.1
46749.45,46812.75,46706.45,46782.55,46757.61,46755.68,46718.78,46732.6,46699.74,46715.25,46701.68,46705.33,46679.2,46661.54,46518.14,46599.21,14.73,1.84,12.89,57.11,55.25,69.22,71.78,-26.99,111.45,19.63,20.41,26.18,88.75,0.19,-0.0,82.1,46800.2,46699.74,46599.27,0.43,91.21,46862.3,46566.8,0.17,0.46,4.76,0.3,1,0,0,1,0,0.06,0.06,0.23,0.07,0.06,0.09,0.0,0.01,1,1,0.18,0.14,0.15,0.11
46782.45,46830.7,46765.3,46829.7,46793.64,46780.36,46731.46,46750.25,46708.13,46726.15,46703.42,46710.21,46683.53,46664.87,46520.15,46601.5,21.83,5.84,15.99,60.83,58.07,75.11,73.4,-11.03,142.79,18.83,20.81,24.67,126.85,0.27,0.0,80.91,46821.72,46708.13,46594.54,0.49,103.51,46862.3,46566.8,0.07,0.56,6.02,0.37,1,0,0,0,0,0.1,0.1,0.14,0.1,0.0,0.04,0.0,0.0,1,1,0.26,0.22,0.16,0.12
46832.45,46867.85,46796.1,46835.6,46795.87,46798.77,46747.1,46765.77,46716.01,46736.58,46707.32,46715.12,46688.46,46668.25,46522.31,46603.83,27.62,10.19,17.42,61.28,58.41,83.76,76.03,-10.71,140.44,17.53,22.79,23.09,156.35,0.33,0.0,80.26,46841.4,46716.01,46590.62,0.54,97.69,46867.85,46566.8,0.07,0.57,7.37,0.46,1,1,0,0,0,0.01,0.01,0.15,0.01,0.07,0.08,0.01,0.0,1,1,0.26,0.21,0.17,0.14
46836.0,46857.0,46775.95,46818.9,46804.15,46805.48,46759.49,46775.43,46722.92,46744.42,46711.19,46719.19,46692.65,46671.23,46524.31,46605.97,30.5,14.26,16.25,59.2,57.02,87.33,82.07,-16.26,97.69,16.62,21.15,23.22,123.9,0.27,0.0,80.31,46854.83,46722.92,46591.01,0.56,86.38,46867.85,46566.8,0.1,0.54,8.28,0.52,1,0,0,0,1,-0.04,0.04,0.17,0.04,0.04,0.09,0.0,0.0,1,1,0.21,0.16,0.17,0.14
46821.0,46894.5,46789.0,46848.05,46822.96,46819.67,46771.76,46788.63,46731.96,46754.29,46714.24,46724.25,46698.63,46674.73,46526.33,46608.38,34.74,18.35,16.39,61.65,58.82,86.28,85.79,-14.17,106.78,15.66,22.47,21.09,122.75,0.26,0.0,82.11,46871.91,46731.96,46592.0,0.6,91.48,46894.5,46566.8,0.1,0.6,9.19,0.57,1,0,0,0,0,0.06,0.06,0.23,0.06,0.1,0.07,0.0,0.0,1,1,0.25,0.2,0.18,0.15
46845.8,46894.8,46824.9,46872.2,46840.89,46837.18,46799.25,46803.83,46741.71,46765.52,46717.87,46730.05,46704.71,46678.64,46528.46,46611.0,39.59,22.6,16.99,63.6,60.27,87.56,87.06,-6.89,109.7,14.77,21.12,19.79,274.85,0.59,0.0,81.24,46891.84,46741.71,46591.58,0.64,93.46,46894.8,46566.8,0.05,0.65,10.33,0.63,1,0,0,0,0,0.05,0.05,0.15,0.06,0.05,0.04,0.0,0.0,1,1,0.28,0.23,0.14,0.16
46876.2,46886.6,46803.75,46863.45,46847.64,46845.94,46820.64,46814.67,46750.72,46774.84,46721.88,46735.28,46711.2,46682.3,46530.71,46613.52,42.25,26.53,15.72,62.36,59.47,89.79,87.88,-9.56,86.56,13.83,19.58,20.21,213.9,0.46,0.0,81.35,46907.23,46750.72,46594.21,0.67,86.01,46894.8,46566.8,0.07,0.63,11.14,0.67,1,0,0,0,0,-0.02,0.02,0.18,0.03,0.02,0.13,0.01,0.0,1,1,0.24,0.19,0.08,0.17
46856.85,46918.05,46819.1,46882.2,46856.96,46858.02,46826.42,46826.95,46761.01,46785.07,46725.89,46741.04,46717.7,46686.26,46532.91,46616.19,45.34,30.29,15.05,63.98,60.64,91.12,89.49,-10.21,96.0,13.23,20.62,18.48,57.75,0.12,0.0,82.61,46923.56,46761.01,46598.46,0.7,87.28,46918.05,46566.8,0.08,0.67,11.85,0.71,1,0,0,1,0,0.04,0.04,0.21,0.05,0.08,0.08,0.0,0.01,1,1,0.26,0.21,0.09,0.18
46883.35,46911.3,46876.85,46889.65,46871.11,46868.57,46837.63,46838.35,46771.29,46795.03,46728.7,46746.87,46723.75,46690.29,46535.16,46618.91,47.84,33.8,14.04,64.63,61.11,90.72,90.54,-8.09,103.75,12.68,19.98,17.91,112.15,0.24,0.0,79.17,46938.99,46771.29,46603.59,0.72,85.29,46918.05,46566.8,0.06,0.69,12.47,0.74,1,0,0,0,0,0.02,0.02,0.07,0.01,0.05,0.01,0.0,0.0,1,1,0.25,0.2,0.09,0.18
46888.05,46910.4,46847.05,46910.4,46883.58,46882.51,46853.27,46851.45,46781.59,46806.02,46732.11,46753.28,46729.99,46694.65,46537.56,46621.81,50.91,37.22,13.68,66.45,62.41,93.14,91.66,-2.28,98.2,11.91,18.82,19.59,156.4,0.33,0.0,78.04,46956.74,46781.59,46606.44,0.75,86.77,46918.05,46566.8,0.02,0.73,13.4,0.78,1,0,0,0,0,0.04,0.04,0.14,0.05,0.0,0.09,0.0,0.0,1,1,0.28,0.22,0.08,0.19
46922.5,46938.85,46851.95,46855.45,46880.23,46873.49,46860.56,46852.18,46789.67,46810.72,46735.44,46757.29,46735.83,46697.83,46539.58,46624.14,48.35,39.45,8.9,57.95,57.08,87.4,90.42,-27.44,84.25,11.42,19.92,18.05,72.9,0.16,0.0,78.67,46962.78,46789.67,46616.56,0.74,69.0,46938.85,46566.8,0.18,0.62,13.07,0.76,1,0,0,0,1,-0.12,0.12,0.19,0.14,0.03,0.01,0.03,0.0,1,1,0.14,0.1,0.06,0.19
46856.25,46873.5,46825.65,46847.35,46877.01,46864.78,46862.32,46851.3,46796.9,46814.21,46738.58,46760.82,46741.13,46700.79,46541.55,46626.36,45.15,40.59,4.56,56.8,56.34,80.06,86.87,-30.11,23.32,10.72,19.03,19.7,17.65,0.04,0.0,76.47,46966.94,46796.9,46626.85,0.73,64.84,46938.85,46566.8,0.2,0.6,12.52,0.72,1,0,0,0,0,-0.02,0.02,0.1,0.02,0.04,0.05,0.0,0.0,1,1,0.11,0.07,0.06,0.19
46846.55,46897.65,46839.25,46888.45,46878.26,46872.67,46867.61,46858.05,46807.36,46821.28,46742.2,46765.83,46746.68,46704.51,46543.78,46628.97,45.4,41.55,3.85,61.04,59.18,75.29,80.91,-16.58,63.37,10.26,20.27,18.61,52.85,0.11,0.0,75.18,46972.84,46807.36,46641.87,0.71,74.5,46938.85,46566.8,0.11,0.69,11.97,0.7,1,0,0,1,0,0.09,0.09,0.12,0.09,0.02,0.02,0.0,0.0,1,1,0.17,0.14,0.06,0.18
46891.4,46908.45,46823.85,46840.05,46868.34,46861.8,46869.72,46854.78,46814.61,46823.07,46744.3,46768.74,46752.26,46707.19,46545.82,46631.07,41.22,41.48,-0.26,54.28,54.77,70.26,75.2,-42.51,18.33,9.55,18.66,18.57,21.15,0.05,0.0,75.85,46972.29,46814.61,46656.92,0.67,58.07,46938.85,46566.8,0.21,0.58,10.67,0.61,1,0,0,0,1,-0.1,0.1,0.18,0.11,0.04,0.03,0.01,0.0,1,1,0.05,0.04,0.05,0.17
46839.65,46909.15,46834.15,46901.25,46866.51,46874.95,46875.04,46863.23,46823.41,46830.52,46747.62,46773.93,46758.1,46711.03,46548.05,46633.75,42.36,41.66,0.7,60.27,58.84,73.08,72.88,-21.67,72.47,8.89,17.4,17.26,53.2,0.11,0.0,75.79,46979.8,46823.41,46667.01,0.67,74.89,46938.85,46566.8,0.08,0.71,10.49,0.6,1,0,0,1,0,0.13,0.13,0.16,0.13,0.02,0.01,0.0,0.0,1,1,0.17,0.15,0.05,0.17
46898.7,46924.1,46880.1,46914.8,46878.38,46888.23,46879.3,46872.61,46839.28,46838.54,46751.37,46779.46,46763.46,46715.07,46550.46,46636.55,43.85,42.1,1.75,61.47,59.68,73.69,72.34,-14.76,134.35,8.59,18.11,16.52,42.6,0.09,0.0,73.52,46961.36,46839.28,46717.2,0.52,80.93,46938.85,46582.1,0.05,0.71,8.23,0.6,1,0,0,0,0,0.03,0.03,0.09,0.03,0.02,0.04,0.0,0.01,1,1,0.16,0.16,0.06,0.13
46916.15,46916.15,46870.3,46870.3,46882.97,46882.25,46879.99,46872.19,46850.32,46841.57,46754.02,46783.02,46768.74,46718.14,46552.64,46638.88,40.97,41.87,-0.9,55.53,55.75,73.83,73.53,-42.08,57.91,8.08,17.28,16.75,6.85,0.01,0.0,71.55,46936.39,46850.32,46764.24,0.37,61.61,46938.85,46634.95,0.15,0.5,5.68,0.58,1,0,0,0,1,-0.09,0.09,0.1,0.1,0.0,0.0,0.0,0.0,1,1,0.04,0.06,0.06,0.09
46870.45,46912.35,46870.45,46908.25,46886.93,46890.92,46882.6,46878.74,46854.5,46847.92,46757.92,46787.93,46774.12,46721.91,46555.07,46641.56,41.27,41.75,-0.48,59.15,58.21,74.24,73.92,-20.42,93.44,7.62,16.53,16.02,26.05,0.06,0.01,69.44,46943.25,46854.5,46765.76,0.38,80.28,46938.85,46634.95,0.07,0.58,6.1,0.63,1,0,0,0,0,0.08,0.08,0.09,0.08,0.01,0.0,0.0,0.0,1,1,0.11,0.13,0.06,0.1
46910.35,46914.3,46882.95,46899.3,46898.78,46893.71,46883.56,46882.48,46860.59,46852.81,46761.24,46792.3,46775.44,46725.42,46557.52,46644.12,40.32,41.47,-1.14,57.95,57.42,69.41,72.49,-29.27,90.93,7.23,16.19,15.48,9.65,0.02,0.01,66.72,46943.92,46860.59,46777.27,0.36,73.22,46938.85,46634.95,0.08,0.56,5.52,0.58,1,0,0,0,0,-0.02,0.02,0.07,0.02,0.01,0.03,0.0,0.0,1,1,0.08,0.1,0.06,0.09
46898.95,46902.35,46878.5,46896.75,46897.88,46894.73,46882.2,46885.08,46867.73,46857.0,46764.21,46796.39,46776.8,46728.81,46559.77,46646.64,38.92,40.96,-2.04,57.6,57.19,73.05,72.23,-31.16,55.54,6.76,15.76,15.57,-13.65,-0.03,0.01,63.66,46936.5,46867.73,46798.97,0.29,71.1,46938.85,46706.45,0.09,0.41,4.36,0.53,1,1,0,0,0,-0.01,0.01,0.05,0.0,0.01,0.04,0.0,0.0,1,1,0.06,0.08,0.06,0.08
46894.35,46943.35,46882.55,46916.35,46898.19,46901.93,46888.28,46890.76,46874.42,46862.65,46767.31,46801.1,46778.25,46732.53,46562.16,46649.32,38.94,40.55,-1.61,59.66,58.55,72.61,71.69,-21.73,143.18,7.29,19.29,14.5,60.9,0.13,0.01,63.45,46934.18,46874.42,46814.66,0.25,85.08,46943.35,46765.3,0.06,0.32,3.7,0.51,1,0,0,1,0,0.04,0.04,0.13,0.05,0.06,0.03,0.0,0.01,1,1,0.09,0.11,0.06,0.07
46913.3,46948.5,46905.6,46926.8,46909.49,46910.22,46896.23,46897.31,46879.28,46868.76,46771.49,46806.03,46780.34,46736.37,46564.63,46652.08,39.34,40.31,-0.97,60.76,59.27,76.57,74.07,-17.41,169.02,7.89,18.93,13.79,79.45,0.17,0.01,61.98,46939.49,46879.28,46819.07,0.26,89.46,46948.5,46775.95,0.05,0.32,3.75,0.51,1,0,0,0,0,0.02,0.02,0.09,0.03,0.05,0.02,0.0,0.01,1,1,0.1,0.12,0.05,0.07
46926.4,46936.75,46903.5,46910.05,46909.85,46910.16,46898.39,46899.63,46883.0,46872.69,46776.12,46810.11,46781.2,46739.81,46567.13,46654.65,37.88,39.82,-1.95,58.03,57.58,76.67,75.28,-30.85,103.81,8.39,18.18,13.49,21.6,0.05,0.01,59.93,46941.12,46883.0,46824.88,0.25,73.27,46948.5,46775.95,0.08,0.29,3.5,0.48,1,0,0,0,0,-0.04,0.04,0.07,0.03,0.02,0.01,0.0,0.0,1,1,0.06,0.08,0.05,0.06
46909.05,46920.6,46889.0,46918.4,46913.67,46912.91,46906.22,46903.04,46887.98,46877.04,46781.31,46814.35,46782.29,46743.35,46569.6,46657.27,36.96,39.25,-2.29,59.02,58.2,75.87,76.37,-24.15,64.38,8.39,17.47,14.75,78.35,0.17,0.01,57.91,46940.01,46887.98,46835.94,0.22,79.23,46948.5,46789.0,0.06,0.28,2.99,0.44,1,0,0,0,0,0.02,0.02,0.07,0.02,0.0,0.04,0.0,0.0,1,1,0.06,0.09,0.03,0.06
46917.65,46925.55,46889.85,46911.5,46916.62,46912.44,46907.25,46904.58,46891.15,46880.33,46785.63,46818.16,46783.72,46746.68,46572.12,46659.8,35.27,38.46,-3.18,57.81,57.47,71.77,74.77,-29.68,55.25,8.53,17.31,14.08,10.25,0.02,0.01,56.32,46940.74,46891.15,46841.56,0.21,70.52,46948.5,46803.75,0.08,0.23,2.7,0.39,1,0,0,0,0,-0.01,0.01,0.08,0.01,0.02,0.05,0.0,0.0,1,1,0.04,0.07,0.03,0.05
46910.2,46923.8,46901.05,46918.8,46917.11,46914.56,46907.65,46907.17,46893.48,46883.99,46789.43,46822.11,46784.88,46750.09,46574.93,46662.38,34.13,37.59,-3.46,58.77,58.06,74.11,73.92,-23.83,69.76,8.65,16.79,13.66,4.0,0.01,0.01,53.92,46943.66,46893.48,46843.29,0.21,75.23,46948.5,46803.75,0.06,0.25,2.79,0.41,1,0,0,1,0,0.02,0.02,0.05,0.02,0.01,0.02,0.0,0.0,1,1,0.05,0.07,0.03,0.05
46911.3,46921.2,46866.2,46866.2,46904.99,46898.44,46907.24,46899.72,46893.62,46882.3,46793.48,46823.84,46785.72,46752.39,46577.46,46664.41,28.65,35.8,-7.15,49.93,52.57,60.16,68.68,-66.02,-70.51,8.4,15.57,17.28,-4.1,-0.01,0.01,54.0,46943.49,46893.62,46843.74,0.21,22.51,46948.5,46819.1,0.18,0.1,1.93,0.2,1,0,0,0,0,-0.11,0.11,0.12,0.1,0.02,0.0,0.0,0.02,1,1,-0.06,-0.03,0.04,0.05
46868.5,46894.0,46851.1,46882.4,46899.46,46893.09,46904.66,46896.57,46893.62,46882.31,46797.52,46826.14,46786.45,46754.96,46580.21,46666.57,25.32,33.71,-8.38,52.31,53.97,50.78,61.68,-57.8,-129.26,8.59,14.67,18.31,-25.85,-0.06,0.01,53.21,46943.49,46893.62,46843.76,0.21,38.74,46948.5,46823.85,0.14,0.12,1.59,0.13,1,0,0,0,0,0.03,0.03,0.09,0.03,0.02,0.04,0.0,0.0,1,1,-0.02,0.0,0.04,0.05
46884.5,46903.7,46839.45,46859.75,46887.73,46881.98,46900.7,46889.87,46892.13,46880.16,46800.67,46827.45,46785.75,46757.04,46583.03,46668.5,20.62,31.09,-10.47,48.81,51.72,31.6,47.51,-81.38,-154.56,9.08,13.42,18.29,-39.55,-0.08,0.01,54.0,46944.13,46892.13,46840.13,0.22,18.86,46948.5,46823.85,0.19,0.08,1.04,0.05,1,0,0,0,1,-0.05,0.05,0.14,0.05,0.04,0.04,0.0,0.0,-1,1,-0.07,-0.04,0.05,0.06
46858.6,46866.6,46812.75,46820.35,46869.5,46861.44,46893.06,46877.23,46887.63,46874.46,46802.94,46827.18,46784.44,46758.29,46585.32,46670.01,13.56,27.58,-14.03,43.39,48.06,22.14,34.84,-94.4,-222.58,10.17,12.47,20.52,-76.4,-0.16,0.01,53.99,46947.51,46887.63,46827.74,0.26,-6.17,46948.5,46812.75,0.27,0.02,0.3,0.0,1,0,0,0,0,-0.08,0.08,0.12,0.08,0.02,0.02,0.0,0.0,-1,1,-0.14,-0.12,0.07,0.07
46819.95,46876.5,46816.4,46863.5,46858.44,46862.12,46887.78,46874.74,46888.03,46873.42,46807.22,46828.6,46783.53,46760.37,46587.88,46671.93,11.31,24.33,-13.02,49.95,51.97,20.53,24.75,-62.62,-126.52,10.82,12.78,18.9,-52.85,-0.11,0.01,54.42,46947.15,46888.03,46828.91,0.25,29.25,46948.5,46812.75,0.18,0.11,-0.55,0.01,-1,0,0,1,0,0.09,0.09,0.13,0.09,0.03,0.01,0.0,0.0,-1,1,-0.05,-0.02,0.07,0.06
46861.1,46883.25,46854.1,46854.1,46856.02,46859.45,46880.5,46870.98,46888.37,46871.58,46811.06,46829.6,46782.77,46762.23,46590.19,46673.75,8.67,21.2,-12.52,48.63,51.09,24.48,22.38,-69.54,-75.04,11.18,13.19,18.16,-72.7,-0.15,0.01,52.62,46946.62,46888.37,46830.11,0.25,20.59,46948.5,46812.75,0.2,0.09,-1.68,0.11,-1,0,0,0,0,-0.02,0.02,0.06,0.01,0.05,0.0,0.0,0.01,-1,1,-0.07,-0.04,0.07,0.06
46856.25,46879.9,46826.7,46867.55,46853.05,46862.15,46876.26,46870.36,46887.32,46871.19,46814.85,46831.09,46782.96,46764.32,46592.68,46675.67,7.58,18.47,-10.89,50.64,52.3,36.07,27.03,-59.63,-77.73,12.19,12.24,20.56,-42.5,-0.09,0.01,52.66,46946.28,46887.32,46828.36,0.25,33.23,46948.5,46812.75,0.17,0.12,-1.97,0.15,-1,0,0,0,0,0.03,0.03,0.11,0.02,0.03,0.06,0.0,0.0,-1,1,-0.04,-0.01,0.07,0.06
46863.15,46870.6,46840.55,46844.25,46849.95,46856.18,46868.84,46865.61,46887.53,46868.63,46818.12,46831.6,46782.88,46765.9,46595.04,46677.35,4.78,15.73,-10.96,47.19,50.04,31.34,30.63,-76.8,-80.94,13.14,11.73,19.7,-74.15,-0.16,0.01,51.04,46945.84,46887.53,46829.22,0.25,12.89,46948.5,46812.75,0.22,0.07,-3.33,0.43,-1,0,0,0,0,-0.05,0.05,0.06,0.04,0.02,0.01,0.0,0.01,-1,1,-0.09,-0.05,0.06,0.06
46848.35,46874.5,46840.55,46851.05,46856.09,46854.47,46862.8,46862.96,46885.02,46866.95,46821.8,46832.37,46782.71,46767.58,46597.39,46679.08,3.07,13.2,-10.13,48.3,50.7,30.6,32.67,-71.79,-63.13,13.84,11.71,18.74,-60.45,-0.13,0.01,49.82,46945.05,46885.02,46824.99,0.26,21.7,46948.5,46812.75,0.21,0.08,-3.64,0.49,-1,1,0,0,0,0.01,0.01,0.07,0.01,0.05,0.02,0.01,0.0,-1,1,-0.07,-0.03,0.05,0.07
46849.0,46878.1,46849.0,46870.4,46857.47,46859.78,46857.96,46864.32,46882.8,46867.28,46825.66,46833.86,46783.48,46769.62,46599.9,46680.98,3.24,11.21,-7.97,51.42,52.55,32.64,31.53,-53.51,-28.98,14.35,11.74,17.93,-48.4,-0.1,0.01,48.34,46941.53,46882.8,46824.07,0.25,39.44,46948.5,46812.75,0.17,0.12,-3.38,0.44,-1,0,0,0,0,0.04,0.04,0.06,0.05,0.02,0.0,0.0,0.0,-1,1,-0.03,0.01,0.04,0.06
46871.9,46878.85,46849.4,46873.9,46861.43,46864.49,46858.72,46866.06,46882.98,46867.91,46829.48,46835.43,46783.83,46771.69,46602.26,46682.9,3.62,9.69,-6.07,51.99,52.88,42.97,35.4,-45.79,-16.31,14.78,11.33,17.13,7.7,0.02,0.01,46.99,46941.58,46882.98,46824.39,0.25,42.25,46948.5,46812.75,0.16,0.13,-3.7,0.53,-1,1,0,0,0,0.01,0.01,0.06,0.0,0.01,0.05,0.0,0.0,-1,1,-0.02,0.01,0.04,0.06
46874.2,46875.1,46855.7,46862.05,46860.33,46863.68,46856.69,46865.33,46880.67,46867.35,46833.19,46836.47,46784.1,46773.47,46604.45,46684.69,2.93,8.34,-5.41,49.87,51.59,48.14,41.25,-56.29,-19.47,15.18,10.98,16.6,-20.35,-0.04,0.01,45.02,46938.74,46880.67,46822.6,0.25,33.97,46948.5,46812.75,0.18,0.11,-3.6,0.51,-1,0,0,0,1,-0.03,0.03,0.04,0.03,0.0,0.01,0.0,0.0,-1,1,-0.04,-0.01,0.03,0.06
46863.95,46919.15,46857.55,46899.6,46871.4,46875.65,46860.68,46871.56,46880.69,46870.43,46837.5,46838.95,46784.85,46775.97,46606.89,46686.82,5.35,7.74,-2.39,55.98,55.24,58.71,49.94,-21.79,118.31,14.48,16.75,15.02,39.85,0.09,0.01,46.21,46938.78,46880.69,46822.6,0.25,66.28,46948.5,46812.75,0.1,0.19,-3.04,0.36,-1,0,0,0,0,0.08,0.08,0.13,0.08,0.04,0.01,0.0,0.0,-1,1,0.04,0.06,0.04,0.06
46900.25,46906.35,46866.65,46884.65,46878.12,46878.65,46867.1,46873.94,46880.08,46871.78,46841.11,46840.74,46785.03,46778.12,46609.44,46688.79,5.99,7.39,-1.4,53.2,53.55,62.74,56.53,-33.7,118.15,13.83,15.71,14.09,64.3,0.14,0.01,45.74,46937.74,46880.08,46822.42,0.25,53.96,46948.5,46812.75,0.14,0.15,-2.73,0.3,-1,0,0,0,0,-0.03,0.03,0.08,0.03,0.01,0.04,0.0,0.0,-1,1,0.01,0.03,0.03,0.06
46885.6,46897.1,46872.0,46882.45,46880.53,46879.92,46869.0,46875.49,46878.39,46872.8,46844.88,46842.38,46784.97,46780.19,46612.09,46690.72,6.25,7.16,-0.91,52.78,53.3,70.0,63.82,-34.49,107.07,13.23,15.07,13.52,18.95,0.04,0.01,44.27,46933.62,46878.39,46823.15,0.24,53.68,46948.5,46812.75,0.14,0.15,-2.12,0.2,-1,0,0,0,0,-0.0,0.0,0.05,0.01,0.02,0.02,0.0,0.0,1,1,0.01,0.02,0.04,0.06
