entry_time,exit_time,position,entry_price,target_price,stop_loss_price,lot_size,pnl_points,pnl_currency,bars_held,exit_reason,confidence,capital
2024-12-12 10:35:00,2024-12-12 10:45:00,SELL,24611.05,24604.38,24614.38,75,-3.33,-300.0,1,STOP_LOSS,90.0,19700.0
2024-12-12 10:55:00,2024-12-12 11:05:00,SELL,24602.1,24595.43,24605.43,75,6.67,450.0,1,TARGET,90.0,20150.0
2024-12-12 11:20:00,2024-12-12 11:30:00,SELL,24594.9,24588.23,24598.23,75,-3.33,-300.0,1,STOP_LOSS,90.0,19850.0
2024-12-13 09:20:00,2024-12-13 09:30:00,BUY,24419.65,24426.32,24416.32,75,-3.33,-300.0,1,STOP_LOSS,90.0,19550.0
2024-12-13 09:40:00,2024-12-13 09:50:00,BUY,24397.85,24404.52,24394.52,75,-3.33,-300.0,1,STOP_LOSS,90.0,19250.0
2024-12-17 10:15:00,2024-12-17 10:25:00,SELL,24504.85,24498.18,24508.18,75,6.67,450.0,1,TARGET,73.0,19700.0
2024-12-17 10:25:00,2024-12-17 10:35:00,BUY,24437.7,24444.37,24434.37,75,-3.33,-300.0,1,STOP_LOSS,90.0,19400.0
2024-12-17 10:50:00,2024-12-17 11:00:00,SELL,24446.25,24439.58,24449.58,75,-3.33,-300.0,1,STOP_LOSS,90.0,19100.0
2024-12-19 09:20:00,2024-12-19 09:30:00,BUY,23909.55,23916.22,23906.22,75,6.67,450.0,1,TARGET,90.0,19550.0
2024-12-19 09:45:00,2024-12-19 09:55:00,SELL,23957.9,23951.23,23961.23,75,-3.33,-300.0,1,STOP_LOSS,90.0,19250.0
2024-12-19 09:55:00,2024-12-19 10:05:00,SELL,23962.95,23956.28,23966.28,75,6.67,450.0,1,TARGET,90.0,19700.0
2024-12-19 10:05:00,2024-12-19 10:15:00,SELL,23956.45,23949.78,23959.78,75,6.67,450.0,1,TARGET,90.0,20150.0
2024-12-19 10:15:00,2024-12-19 10:25:00,SELL,23924.0,23917.33,23927.33,75,-3.33,-300.0,1,STOP_LOSS,90.0,19850.0
2024-12-20 13:35:00,2024-12-20 13:45:00,SELL,23729.6,23722.93,23732.93,75,6.67,450.0,1,TARGET,90.0,20300.0
2024-12-20 13:45:00,2024-12-20 13:55:00,SELL,23700.75,23694.08,23704.08,75,-3.33,-300.0,1,STOP_LOSS,70.2,20000.0
2024-12-20 14:00:00,2024-12-20 14:10:00,SELL,23700.15,23693.48,23703.48,75,6.67,450.0,1,TARGET,90.0,20450.0
2024-12-20 14:10:00,2024-12-20 14:20:00,SELL,23687.9,23681.23,23691.23,75,-3.33,-300.0,1,STOP_LOSS,81.1,20150.0
2024-12-23 10:05:00,2024-12-23 10:15:00,BUY,23795.95,23802.62,23792.62,75,-3.33,-300.0,1,STOP_LOSS,90.0,19850.0
2024-12-23 12:35:00,2024-12-23 12:45:00,SELL,23716.65,23709.98,23719.98,75,6.67,450.0,1,TARGET,90.0,20300.0
2024-12-23 12:45:00,2024-12-23 12:55:00,SELL,23706.85,23700.18,23710.18,75,6.67,450.0,1,TARGET,90.0,20750.0
2024-12-23 12:55:00,2024-12-23 13:05:00,SELL,23686.1,23679.43,23689.43,75,-3.33,-300.0,1,STOP_LOSS,90.0,20450.0
2024-12-24 09:15:00,2024-12-24 09:25:00,BUY,23767.95,23774.62,23764.62,75,-3.33,-300.0,1,STOP_LOSS,90.0,20150.0
2024-12-24 10:25:00,2024-12-24 10:35:00,BUY,23852.8,23859.47,23849.47,75,6.67,450.0,1,TARGET,90.0,20600.0
2024-12-27 09:25:00,2024-12-27 09:35:00,SELL,23856.1,23849.43,23859.43,75,6.67,450.0,1,TARGET,90.0,21050.0
2024-12-27 10:05:00,2024-12-27 10:15:00,SELL,23917.6,23910.93,23920.93,75,-3.33,-300.0,1,STOP_LOSS,90.0,20750.0
2024-12-27 10:50:00,2024-12-27 11:00:00,BUY,23902.3,23908.97,23898.97,75,-3.33,-300.0,1,STOP_LOSS,90.0,20450.0
2024-12-30 09:40:00,2024-12-30 09:50:00,BUY,23725.05,23731.72,23721.72,75,6.67,450.0,1,TARGET,90.0,20900.0
2024-12-30 09:55:00,2024-12-30 10:05:00,SELL,23738.45,23731.78,23741.78,75,-3.33,-300.0,1,STOP_LOSS,90.0,20600.0
2024-12-30 13:00:00,2024-12-30 13:10:00,SELL,23767.2,23760.53,23770.53,75,-3.33,-300.0,1,STOP_LOSS,90.0,20300.0
2024-12-31 09:40:00,2024-12-31 09:50:00,SELL,23523.4,23516.73,23526.73,75,6.67,450.0,1,TARGET,90.0,20750.0
2024-12-31 10:00:00,2024-12-31 10:10:00,SELL,23521.0,23514.33,23524.33,75,6.67,450.0,1,TARGET,90.0,21200.0
2024-12-31 10:10:00,2024-12-31 10:20:00,SELL,23470.0,23463.33,23473.33,75,-3.33,-300.0,1,STOP_LOSS,88.0,20900.0
2024-12-31 10:25:00,2024-12-31 10:35:00,SELL,23507.55,23500.88,23510.88,75,-3.33,-300.0,1,STOP_LOSS,87.0,20600.0
2025-01-01 11:00:00,2025-01-01 11:10:00,BUY,23741.55,23748.22,23738.22,75,6.67,450.0,1,TARGET,89.3,21050.0
2025-01-02 10:20:00,2025-01-02 10:30:00,BUY,23877.85,23884.52,23874.52,75,-3.33,-300.0,1,STOP_LOSS,76.5,20750.0
2025-01-02 10:35:00,2025-01-02 10:45:00,BUY,23870.95,23877.62,23867.62,75,6.67,450.0,1,TARGET,90.0,21200.0
2025-01-02 11:00:00,2025-01-02 11:10:00,SELL,23932.05,23925.38,23935.38,75,-3.33,-300.0,1,STOP_LOSS,90.0,20900.0
2025-01-03 09:45:00,2025-01-03 09:55:00,SELL,24076.25,24069.58,24079.58,75,6.67,450.0,1,TARGET,90.0,21350.0
2025-01-03 09:55:00,2025-01-03 10:05:00,SELL,24058.15,24051.48,24061.48,75,-3.33,-300.0,1,STOP_LOSS,86.7,21050.0
2025-01-03 10:05:00,2025-01-03 10:15:00,SELL,24063.1,24056.43,24066.43,75,6.67,450.0,1,TARGET,90.0,21500.0
2025-01-03 10:25:00,2025-01-03 10:35:00,SELL,24047.0,24040.33,24050.33,75,6.67,450.0,1,TARGET,90.0,21950.0
2025-01-03 10:35:00,2025-01-03 10:45:00,SELL,24010.2,24003.53,24013.53,75,-3.33,-300.0,1,STOP_LOSS,90.0,21650.0
2025-01-06 10:50:00,2025-01-06 11:00:00,SELL,23834.85,23828.18,23838.18,75,6.67,450.0,1,TARGET,82.3,22100.0
2025-01-06 11:20:00,2025-01-06 11:30:00,SELL,23752.3,23745.63,23755.63,75,-3.33,-300.0,1,STOP_LOSS,77.0,21800.0
2025-01-06 11:30:00,2025-01-06 11:40:00,SELL,23768.45,23761.78,23771.78,75,6.67,450.0,1,TARGET,90.0,22250.0
2025-01-06 11:40:00,2025-01-06 11:50:00,SELL,23708.85,23702.18,23712.18,75,6.67,450.0,1,TARGET,81.0,22700.0
2025-01-06 12:15:00,2025-01-06 12:25:00,SELL,23691.05,23684.38,23694.38,75,6.67,450.0,1,TARGET,88.5,23150.0
2025-01-06 12:25:00,2025-01-06 12:35:00,SELL,23679.05,23672.38,23682.38,75,-3.33,-300.0,1,STOP_LOSS,90.0,22850.0
2025-01-07 09:35:00,2025-01-07 09:45:00,BUY,23780.0,23786.67,23776.67,75,-3.33,-300.0,1,STOP_LOSS,90.0,22550.0
2025-01-07 09:50:00,2025-01-07 10:00:00,BUY,23687.05,23693.72,23683.72,75,6.67,450.0,1,TARGET,90.0,23000.0
2025-01-08 12:30:00,2025-01-08 12:40:00,SELL,23510.15,23503.48,23513.48,75,6.67,450.0,1,TARGET,90.0,23450.0
2025-01-08 12:45:00,2025-01-08 12:55:00,SELL,23519.7,23513.03,23523.03,75,-3.33,-300.0,1,STOP_LOSS,90.0,23150.0
2025-01-08 13:45:00,2025-01-08 13:55:00,BUY,23638.8,23645.47,23635.47,75,6.67,450.0,1,TARGET,90.0,23600.0
2025-01-08 14:05:00,2025-01-08 14:15:00,BUY,23679.6,23686.27,23676.27,75,6.67,450.0,1,TARGET,90.0,24050.0
2025-01-08 14:20:00,2025-01-08 14:30:00,BUY,23722.2,23728.87,23718.87,75,-3.33,-300.0,1,STOP_LOSS,84.2,23750.0
2025-01-09 11:30:00,2025-01-09 11:40:00,SELL,23553.1,23546.43,23556.43,75,-3.33,-300.0,1,STOP_LOSS,90.0,23450.0
2025-01-10 11:25:00,2025-01-10 11:35:00,BUY,23554.95,23561.62,23551.62,75,6.67,450.0,1,TARGET,90.0,23900.0
2025-01-10 11:45:00,2025-01-10 11:55:00,BUY,23529.05,23535.72,23525.72,75,6.67,450.0,1,TARGET,90.0,24350.0
2025-01-10 14:35:00,2025-01-10 14:45:00,SELL,23410.0,23403.33,23413.33,75,-3.33,-300.0,1,STOP_LOSS,90.0,24050.0
2025-01-10 14:45:00,2025-01-10 14:55:00,SELL,23415.8,23409.13,23419.13,75,6.67,450.0,1,TARGET,90.0,24500.0
2025-01-10 14:55:00,2025-01-10 15:05:00,SELL,23408.45,23401.78,23411.78,75,6.67,450.0,1,TARGET,90.0,24950.0
2025-01-10 15:10:00,2025-01-10 15:20:00,SELL,23412.2,23405.53,23415.53,75,-3.33,-300.0,1,STOP_LOSS,90.0,24650.0
2025-01-13 09:35:00,2025-01-13 09:45:00,SELL,23219.75,23213.08,23223.08,75,6.67,450.0,1,TARGET,76.2,25100.0
2025-01-13 10:05:00,2025-01-13 10:15:00,SELL,23249.85,23243.18,23253.18,75,-3.33,-300.0,1,STOP_LOSS,90.0,24800.0
2025-01-13 10:15:00,2025-01-13 10:25:00,SELL,23266.9,23260.23,23270.23,75,-3.33,-300.0,1,STOP_LOSS,90.0,24500.0
2025-01-14 09:45:00,2025-01-14 09:55:00,BUY,23198.35,23205.02,23195.02,75,-3.33,-300.0,1,STOP_LOSS,90.0,24200.0
2025-01-15 11:05:00,2025-01-15 11:15:00,BUY,23250.95,23257.62,23247.62,75,6.67,450.0,1,TARGET,90.0,24650.0
2025-01-16 09:55:00,2025-01-16 10:05:00,BUY,23310.85,23317.52,23307.52,75,-3.33,-300.0,1,STOP_LOSS,90.0,24350.0
2025-01-20 10:30:00,2025-01-20 10:40:00,BUY,23259.45,23266.12,23256.12,75,6.67,450.0,1,TARGET,90.0,24800.0
2025-01-20 10:50:00,2025-01-20 11:00:00,BUY,23265.4,23272.07,23262.07,75,6.67,450.0,1,TARGET,90.0,25250.0
2025-01-20 11:05:00,2025-01-20 11:15:00,BUY,23271.95,23278.62,23268.62,75,6.67,450.0,1,TARGET,90.0,25700.0
2025-01-20 11:50:00,2025-01-20 12:00:00,BUY,23357.7,23364.37,23354.37,75,-3.33,-300.0,1,STOP_LOSS,77.2,25400.0
2025-01-20 12:10:00,2025-01-20 12:20:00,BUY,23342.95,23349.62,23339.62,75,6.67,450.0,1,TARGET,90.0,25850.0
2025-01-20 12:20:00,2025-01-20 12:30:00,BUY,23363.0,23369.67,23359.67,75,-3.33,-300.0,1,STOP_LOSS,90.0,25550.0
2025-01-21 10:40:00,2025-01-21 10:50:00,SELL,23186.6,23179.93,23189.93,75,-3.33,-300.0,1,STOP_LOSS,90.0,25250.0
2025-01-21 10:50:00,2025-01-21 11:00:00,SELL,23196.85,23190.18,23200.18,75,6.67,450.0,1,TARGET,90.0,25700.0
2025-01-21 11:05:00,2025-01-21 11:15:00,SELL,23151.7,23145.03,23155.03,75,-3.33,-300.0,1,STOP_LOSS,90.0,25400.0
2025-01-22 14:55:00,2025-01-22 15:05:00,BUY,23159.4,23166.07,23156.07,75,-3.33,-300.0,1,STOP_LOSS,90.0,25100.0
2025-01-22 15:10:00,2025-01-22 15:20:00,BUY,23164.25,23170.92,23160.92,75,-3.33,-300.0,1,STOP_LOSS,90.0,24800.0
2025-01-23 09:20:00,2025-01-23 09:30:00,BUY,23119.05,23125.72,23115.72,75,-3.33,-300.0,1,STOP_LOSS,80.3,24500.0
2025-01-23 10:20:00,2025-01-23 10:30:00,BUY,23235.9,23242.57,23232.57,75,6.67,450.0,1,TARGET,88.4,24950.0
2025-01-23 10:30:00,2025-01-23 10:40:00,BUY,23241.75,23248.42,23238.42,75,-3.33,-300.0,1,STOP_LOSS,82.8,24650.0
2025-01-24 11:45:00,2025-01-24 11:55:00,BUY,23333.85,23340.52,23330.52,75,6.67,450.0,1,TARGET,81.6,25100.0
2025-01-24 12:10:00,2025-01-24 12:20:00,BUY,23300.8,23307.47,23297.47,75,6.67,450.0,1,TARGET,90.0,25550.0
2025-01-24 13:05:00,2025-01-24 13:15:00,SELL,23179.55,23172.88,23182.88,75,-3.33,-300.0,1,STOP_LOSS,90.0,25250.0
2025-01-24 13:15:00,2025-01-24 13:25:00,SELL,23183.0,23176.33,23186.33,75,6.67,450.0,1,TARGET,90.0,25700.0
2025-01-27 09:40:00,2025-01-27 09:50:00,SELL,22994.0,22987.33,22997.33,75,6.67,450.0,1,TARGET,90.0,26150.0
2025-01-27 09:50:00,2025-01-27 10:00:00,SELL,22969.8,22963.13,22973.13,75,6.67,450.0,1,TARGET,90.0,26600.0
2025-01-27 10:05:00,2025-01-27 10:15:00,SELL,22973.7,22967.03,22977.03,75,6.67,450.0,1,TARGET,90.0,27050.0
2025-01-27 10:25:00,2025-01-27 10:35:00,SELL,22854.3,22847.63,22857.63,75,6.67,450.0,1,TARGET,75.5,27500.0
2025-01-27 11:00:00,2025-01-27 11:10:00,SELL,22843.65,22836.98,22846.98,75,-3.33,-300.0,1,STOP_LOSS,87.7,27200.0
2025-01-27 11:10:00,2025-01-27 11:20:00,SELL,22864.5,22857.83,22867.83,75,-3.33,-300.0,1,STOP_LOSS,75.0,26900.0
2025-01-28 11:25:00,2025-01-28 11:35:00,BUY,22971.2,22977.87,22967.87,75,6.67,450.0,1,TARGET,90.0,27350.0
2025-01-28 11:35:00,2025-01-28 11:45:00,BUY,22995.5,23002.17,22992.17,75,6.67,450.0,1,TARGET,90.0,27800.0
2025-01-28 11:45:00,2025-01-28 11:55:00,BUY,23013.4,23020.07,23010.07,75,-3.33,-300.0,1,STOP_LOSS,89.6,27500.0
2025-01-28 12:00:00,2025-01-28 12:10:00,BUY,23031.9,23038.57,23028.57,75,-3.33,-300.0,1,STOP_LOSS,90.0,27200.0
2025-01-30 10:40:00,2025-01-30 10:50:00,BUY,23295.65,23302.32,23292.32,75,-3.33,-300.0,1,STOP_LOSS,75.5,26900.0
2025-01-30 14:25:00,2025-01-30 14:35:00,SELL,23164.85,23158.18,23168.18,75,6.67,450.0,1,TARGET,86.1,27350.0
2025-01-30 14:50:00,2025-01-30 15:00:00,SELL,23162.5,23155.83,23165.83,75,-3.33,-300.0,1,STOP_LOSS,90.0,27050.0
2025-01-31 09:15:00,2025-01-31 09:25:00,BUY,23301.25,23307.92,23297.92,75,6.67,450.0,1,TARGET,85.0,27500.0
2025-01-31 09:35:00,2025-01-31 09:45:00,BUY,23323.2,23329.87,23319.87,75,6.67,450.0,1,TARGET,80.4,27950.0
2025-01-31 10:10:00,2025-01-31 10:20:00,BUY,23340.2,23346.87,23336.87,75,6.67,450.0,1,TARGET,90.0,28400.0
2025-01-31 10:20:00,2025-01-31 10:30:00,BUY,23388.75,23395.42,23385.42,75,6.67,450.0,1,TARGET,90.0,28850.0
2025-01-31 10:30:00,2025-01-31 10:40:00,BUY,23409.55,23416.22,23406.22,75,-3.33,-300.0,1,STOP_LOSS,90.0,28550.0
2025-01-31 10:40:00,2025-01-31 10:50:00,BUY,23413.65,23420.32,23410.32,75,6.67,450.0,1,TARGET,90.0,29000.0
2025-01-31 10:50:00,2025-01-31 11:00:00,BUY,23419.9,23426.57,23416.57,75,6.67,450.0,1,TARGET,90.0,29450.0
2025-01-31 11:00:00,2025-01-31 11:10:00,BUY,23437.95,23444.62,23434.62,75,-3.33,-300.0,1,STOP_LOSS,87.4,29150.0
2025-02-01 09:25:00,2025-02-01 09:35:00,BUY,23506.7,23513.37,23503.37,75,6.67,450.0,1,TARGET,90.0,29600.0
2025-02-01 09:40:00,2025-02-01 09:50:00,BUY,23558.85,23565.52,23555.52,75,6.67,450.0,1,TARGET,90.0,30050.0
2025-02-01 09:50:00,2025-02-01 10:00:00,BUY,23578.25,23584.92,23574.92,75,-3.33,-300.0,1,STOP_LOSS,90.0,29750.0
2025-02-01 10:15:00,2025-02-01 10:25:00,BUY,23572.15,23578.82,23568.82,75,-3.33,-300.0,1,STOP_LOSS,90.0,29450.0
2025-02-03 10:00:00,2025-02-03 10:10:00,SELL,23243.8,23237.13,23247.13,75,-3.33,-300.0,1,STOP_LOSS,90.0,29150.0
2025-02-03 10:15:00,2025-02-03 10:25:00,SELL,23245.5,23238.83,23248.83,75,-3.33,-300.0,1,STOP_LOSS,90.0,28850.0
2025-02-04 09:20:00,2025-02-04 09:30:00,SELL,23522.3,23515.63,23525.63,75,6.67,450.0,1,TARGET,90.0,29300.0
2025-02-04 09:45:00,2025-02-04 09:55:00,SELL,23569.45,23562.78,23572.78,75,6.67,450.0,1,TARGET,90.0,29750.0
2025-02-04 10:15:00,2025-02-04 10:25:00,BUY,23525.35,23532.02,23522.02,75,-3.33,-300.0,1,STOP_LOSS,84.1,29450.0
2025-02-04 12:10:00,2025-02-04 12:20:00,BUY,23565.4,23572.07,23562.07,75,6.67,450.0,1,TARGET,90.0,29900.0
2025-02-04 12:25:00,2025-02-04 12:35:00,BUY,23577.6,23584.27,23574.27,75,6.67,450.0,1,TARGET,90.0,30350.0
2025-02-04 12:40:00,2025-02-04 12:50:00,BUY,23590.85,23597.52,23587.52,75,6.67,450.0,1,TARGET,90.0,30800.0
2025-02-04 12:50:00,2025-02-04 13:00:00,BUY,23613.3,23619.97,23609.97,75,6.67,450.0,1,TARGET,90.0,31250.0
2025-02-04 13:05:00,2025-02-04 13:15:00,BUY,23626.5,23633.17,23623.17,75,6.67,450.0,1,TARGET,90.0,31700.0
2025-02-04 13:20:00,2025-02-04 13:30:00,BUY,23644.1,23650.77,23640.77,75,6.67,450.0,1,TARGET,90.0,32150.0
2025-02-04 13:45:00,2025-02-04 13:55:00,BUY,23698.75,23705.42,23695.42,75,6.67,450.0,1,TARGET,85.8,32600.0
2025-02-04 14:05:00,2025-02-04 14:15:00,BUY,23690.05,23696.72,23686.72,75,-3.33,-300.0,1,STOP_LOSS,90.0,32300.0
2025-02-05 09:15:00,2025-02-05 09:25:00,BUY,23769.25,23775.92,23765.92,75,6.67,450.0,1,TARGET,90.0,32750.0
2025-02-05 09:35:00,2025-02-05 09:45:00,BUY,23788.7,23795.37,23785.37,75,6.67,450.0,1,TARGET,90.0,33200.0
2025-02-06 11:15:00,2025-02-06 11:25:00,SELL,23600.05,23593.38,23603.38,75,-3.33,-300.0,1,STOP_LOSS,90.0,32900.0
2025-02-07 11:40:00,2025-02-07 11:50:00,BUY,23683.6,23690.27,23680.27,75,-3.33,-300.0,1,STOP_LOSS,90.0,32600.0
2025-02-07 14:15:00,2025-02-07 14:25:00,SELL,23449.25,23442.58,23452.58,75,-3.33,-300.0,1,STOP_LOSS,81.8,32300.0
2025-02-10 10:10:00,2025-02-10 10:20:00,SELL,23373.1,23366.43,23376.43,75,-3.33,-300.0,1,STOP_LOSS,90.0,32000.0
2025-02-10 10:30:00,2025-02-10 10:40:00,SELL,23371.65,23364.98,23374.98,75,-3.33,-300.0,1,STOP_LOSS,90.0,31700.0
2025-02-11 10:30:00,2025-02-11 10:40:00,SELL,23272.95,23266.28,23276.28,75,6.67,450.0,1,TARGET,90.0,32150.0
2025-02-11 10:40:00,2025-02-11 10:50:00,SELL,23259.3,23252.63,23262.63,75,-3.33,-300.0,1,STOP_LOSS,90.0,31850.0
2025-02-11 11:00:00,2025-02-11 11:10:00,SELL,23264.15,23257.48,23267.48,75,-3.33,-300.0,1,STOP_LOSS,90.0,31550.0
2025-02-12 09:55:00,2025-02-12 10:05:00,SELL,22840.75,22834.08,22844.08,75,6.67,450.0,1,TARGET,76.3,32000.0
2025-02-12 10:40:00,2025-02-12 10:50:00,SELL,22866.65,22859.98,22869.98,75,-3.33,-300.0,1,STOP_LOSS,90.0,31700.0
2025-02-12 11:20:00,2025-02-12 11:30:00,BUY,22938.55,22945.22,22935.22,75,6.67,450.0,1,TARGET,90.0,32150.0
2025-02-12 11:35:00,2025-02-12 11:45:00,BUY,22928.4,22935.07,22925.07,75,6.67,450.0,1,TARGET,90.0,32600.0
2025-02-12 11:50:00,2025-02-12 12:00:00,BUY,23024.35,23031.02,23021.02,75,6.67,450.0,1,TARGET,90.0,33050.0
2025-02-12 12:00:00,2025-02-12 12:10:00,BUY,23058.0,23064.67,23054.67,75,-3.33,-300.0,1,STOP_LOSS,90.0,32750.0
2025-02-13 09:50:00,2025-02-13 10:00:00,BUY,23173.3,23179.97,23169.97,75,6.67,450.0,1,TARGET,90.0,33200.0
2025-02-13 10:00:00,2025-02-13 10:10:00,BUY,23186.65,23193.32,23183.32,75,-3.33,-300.0,1,STOP_LOSS,90.0,32900.0
2025-02-13 10:15:00,2025-02-13 10:25:00,BUY,23176.0,23182.67,23172.67,75,-3.33,-300.0,1,STOP_LOSS,90.0,32600.0
2025-02-14 11:00:00,2025-02-14 11:10:00,SELL,22874.1,22867.43,22877.43,75,6.67,450.0,1,TARGET,90.0,33050.0
2025-02-14 11:15:00,2025-02-14 11:25:00,SELL,22863.25,22856.58,22866.58,75,6.67,450.0,1,TARGET,90.0,33500.0
2025-02-14 11:25:00,2025-02-14 11:35:00,SELL,22854.8,22848.13,22858.13,75,6.67,450.0,1,TARGET,90.0,33950.0
2025-02-14 11:35:00,2025-02-14 11:45:00,SELL,22848.6,22841.93,22851.93,75,-3.33,-300.0,1,STOP_LOSS,90.0,33650.0
2025-02-14 11:45:00,2025-02-14 11:55:00,SELL,22889.25,22882.58,22892.58,75,-3.33,-300.0,1,STOP_LOSS,87.0,33350.0
2025-02-17 09:50:00,2025-02-17 10:00:00,SELL,22750.15,22743.48,22753.48,75,-3.33,-300.0,1,STOP_LOSS,90.0,33050.0
2025-02-17 10:00:00,2025-02-17 10:10:00,SELL,22749.85,22743.18,22753.18,75,-3.33,-300.0,1,STOP_LOSS,90.0,32750.0
2025-02-18 14:35:00,2025-02-18 14:45:00,BUY,22938.65,22945.32,22935.32,75,6.67,450.0,1,TARGET,90.0,33200.0
2025-02-18 14:45:00,2025-02-18 14:55:00,BUY,22956.7,22963.37,22953.37,75,-3.33,-300.0,1,STOP_LOSS,90.0,32900.0
2025-02-18 15:00:00,2025-02-18 15:10:00,BUY,22951.3,22957.97,22947.97,75,6.67,450.0,1,TARGET,90.0,33350.0
2025-02-21 09:45:00,2025-02-21 09:55:00,BUY,22827.35,22834.02,22824.02,75,6.67,450.0,1,TARGET,90.0,33800.0
2025-02-21 09:55:00,2025-02-21 10:05:00,BUY,22813.65,22820.32,22810.32,75,6.67,450.0,1,TARGET,90.0,34250.0
2025-02-21 10:15:00,2025-02-21 10:25:00,BUY,22766.3,22772.97,22762.97,75,6.67,450.0,1,TARGET,90.0,34700.0
2025-02-21 10:35:00,2025-02-21 10:45:00,SELL,22783.2,22776.53,22786.53,75,6.67,450.0,1,TARGET,90.0,35150.0
2025-02-21 10:45:00,2025-02-21 10:55:00,SELL,22775.85,22769.18,22779.18,75,6.67,450.0,1,TARGET,90.0,35600.0
2025-02-21 11:05:00,2025-02-21 11:15:00,SELL,22744.25,22737.58,22747.58,75,-3.33,-300.0,1,STOP_LOSS,88.8,35300.0
2025-02-21 11:15:00,2025-02-21 11:25:00,SELL,22759.25,22752.58,22762.58,75,6.67,450.0,1,TARGET,90.0,35750.0
2025-02-21 13:45:00,2025-02-21 13:55:00,SELL,22730.95,22724.28,22734.28,75,-3.33,-300.0,1,STOP_LOSS,90.0,35450.0
2025-02-24 10:35:00,2025-02-24 10:45:00,SELL,22558.55,22551.88,22561.88,75,-3.33,-300.0,1,STOP_LOSS,83.6,35150.0
2025-02-24 10:50:00,2025-02-24 11:00:00,SELL,22571.05,22564.38,22574.38,75,6.67,450.0,1,TARGET,90.0,35600.0
2025-02-24 14:05:00,2025-02-24 14:15:00,SELL,22533.55,22526.88,22536.88,75,-3.33,-300.0,1,STOP_LOSS,90.0,35300.0
2025-02-28 09:20:00,2025-02-28 09:30:00,BUY,22319.75,22326.42,22316.42,75,6.67,450.0,1,TARGET,90.0,35750.0
2025-02-28 09:50:00,2025-02-28 10:00:00,BUY,22272.6,22279.27,22269.27,75,-3.33,-300.0,1,STOP_LOSS,90.0,35450.0
2025-02-28 10:00:00,2025-02-28 10:10:00,BUY,22238.0,22244.67,22234.67,75,6.67,450.0,1,TARGET,90.0,35900.0
2025-02-28 10:25:00,2025-02-28 10:35:00,SELL,22272.1,22265.43,22275.43,75,-3.33,-300.0,1,STOP_LOSS,90.0,35600.0
2025-03-03 13:00:00,2025-03-03 13:10:00,BUY,22119.15,22125.82,22115.82,75,6.67,450.0,1,TARGET,90.0,36050.0
2025-03-03 13:10:00,2025-03-03 13:20:00,BUY,22154.8,22161.47,22151.47,75,-3.33,-300.0,1,STOP_LOSS,90.0,35750.0
2025-03-05 09:25:00,2025-03-05 09:35:00,SELL,22193.3,22186.63,22196.63,75,-3.33,-300.0,1,STOP_LOSS,90.0,35450.0
2025-03-05 09:35:00,2025-03-05 09:45:00,SELL,22207.1,22200.43,22210.43,75,-3.33,-300.0,1,STOP_LOSS,90.0,35150.0
2025-03-06 12:50:00,2025-03-06 13:00:00,BUY,22468.8,22475.47,22465.47,75,-3.33,-300.0,1,STOP_LOSS,90.0,34850.0
2025-03-06 13:00:00,2025-03-06 13:10:00,BUY,22463.8,22470.47,22460.47,75,6.67,450.0,1,TARGET,90.0,35300.0
2025-03-06 13:15:00,2025-03-06 13:25:00,BUY,22471.2,22477.87,22467.87,75,6.67,450.0,1,TARGET,90.0,35750.0
2025-03-06 13:30:00,2025-03-06 13:40:00,BUY,22480.85,22487.52,22477.52,75,6.67,450.0,1,TARGET,90.0,36200.0
2025-03-06 13:40:00,2025-03-06 13:50:00,BUY,22484.6,22491.27,22481.27,75,6.67,450.0,1,TARGET,90.0,36650.0
2025-03-06 13:50:00,2025-03-06 14:00:00,BUY,22507.65,22514.32,22504.32,75,6.67,450.0,1,TARGET,90.0,37100.0
2025-03-06 14:00:00,2025-03-06 14:10:00,BUY,22515.9,22522.57,22512.57,75,6.67,450.0,1,TARGET,81.2,37550.0
2025-03-06 14:30:00,2025-03-06 14:40:00,BUY,22520.15,22526.82,22516.82,75,6.67,450.0,1,TARGET,90.0,38000.0
2025-03-06 14:40:00,2025-03-06 14:50:00,BUY,22539.0,22545.67,22535.67,75,-3.33,-300.0,1,STOP_LOSS,82.2,37700.0
2025-03-07 09:15:00,2025-03-07 09:25:00,BUY,22560.55,22567.22,22557.22,75,-3.33,-300.0,1,STOP_LOSS,90.0,37400.0
2025-03-10 14:00:00,2025-03-10 14:10:00,SELL,22542.45,22535.78,22545.78,75,-3.33,-300.0,1,STOP_LOSS,90.0,37100.0
2025-03-10 14:30:00,2025-03-10 14:40:00,BUY,22466.8,22473.47,22463.47,75,-3.33,-300.0,1,STOP_LOSS,90.0,36800.0
2025-03-11 09:20:00,2025-03-11 09:30:00,BUY,22354.25,22360.92,22350.92,75,6.67,450.0,1,TARGET,90.0,37250.0
2025-03-11 09:40:00,2025-03-11 09:50:00,SELL,22362.65,22355.98,22365.98,75,-3.33,-300.0,1,STOP_LOSS,90.0,36950.0
2025-03-11 09:50:00,2025-03-11 10:00:00,SELL,22382.7,22376.03,22386.03,75,-3.33,-300.0,1,STOP_LOSS,90.0,36650.0
2025-03-12 11:30:00,2025-03-12 11:40:00,SELL,22379.8,22373.13,22383.13,75,6.67,450.0,1,TARGET,90.0,37100.0
2025-03-12 11:50:00,2025-03-12 12:00:00,SELL,22346.85,22340.18,22350.18,75,6.67,450.0,1,TARGET,87.5,37550.0
2025-03-12 12:15:00,2025-03-12 12:25:00,SELL,22355.85,22349.18,22359.18,75,-3.33,-300.0,1,STOP_LOSS,90.0,37250.0
2025-03-12 15:05:00,2025-03-12 15:15:00,BUY,22490.75,22497.42,22487.42,75,-3.33,-300.0,1,STOP_LOSS,90.0,36950.0
2025-03-13 09:45:00,2025-03-13 09:55:00,BUY,22498.95,22505.62,22495.62,75,6.67,450.0,1,TARGET,90.0,37400.0
2025-03-13 09:55:00,2025-03-13 10:05:00,BUY,22529.25,22535.92,22525.92,75,6.67,450.0,1,TARGET,90.0,37850.0
2025-03-13 10:10:00,2025-03-13 10:20:00,BUY,22545.1,22551.77,22541.77,75,6.67,450.0,1,TARGET,83.4,38300.0
2025-03-13 10:25:00,2025-03-13 10:35:00,BUY,22538.5,22545.17,22535.17,75,-3.33,-300.0,1,STOP_LOSS,90.0,38000.0
2025-03-13 10:40:00,2025-03-13 10:50:00,BUY,22523.8,22530.47,22520.47,75,-3.33,-300.0,1,STOP_LOSS,85.4,37700.0
2025-03-17 09:30:00,2025-03-17 09:40:00,SELL,22566.1,22559.43,22569.43,75,6.67,450.0,1,TARGET,90.0,38150.0
2025-03-17 09:55:00,2025-03-17 10:05:00,BUY,22546.1,22552.77,22542.77,75,-3.33,-300.0,1,STOP_LOSS,90.0,37850.0
2025-03-17 10:05:00,2025-03-17 10:15:00,BUY,22538.85,22545.52,22535.52,75,-3.33,-300.0,1,STOP_LOSS,90.0,37550.0
2025-03-18 09:20:00,2025-03-18 09:30:00,SELL,22653.15,22646.48,22656.48,75,6.67,450.0,1,TARGET,90.0,38000.0
2025-03-18 09:30:00,2025-03-18 09:40:00,SELL,22678.7,22672.03,22682.03,75,-3.33,-300.0,1,STOP_LOSS,90.0,37700.0
2025-03-18 09:55:00,2025-03-18 10:05:00,BUY,22683.4,22690.07,22680.07,75,6.67,450.0,1,TARGET,72.4,38150.0
2025-03-18 10:30:00,2025-03-18 10:40:00,SELL,22761.75,22755.08,22765.08,75,-3.33,-300.0,1,STOP_LOSS,90.0,37850.0
2025-03-19 09:25:00,2025-03-19 09:35:00,BUY,22848.95,22855.62,22845.62,75,-3.33,-300.0,1,STOP_LOSS,90.0,37550.0
2025-03-19 09:45:00,2025-03-19 09:55:00,BUY,22872.85,22879.52,22869.52,75,-3.33,-300.0,1,STOP_LOSS,90.0,37250.0
2025-03-20 09:20:00,2025-03-20 09:30:00,SELL,23058.45,23051.78,23061.78,75,-3.33,-300.0,1,STOP_LOSS,90.0,36950.0
2025-03-20 09:30:00,2025-03-20 09:40:00,SELL,23065.65,23058.98,23068.98,75,6.67,450.0,1,TARGET,90.0,37400.0
2025-03-20 12:15:00,2025-03-20 12:25:00,BUY,23080.5,23087.17,23077.17,75,-3.33,-300.0,1,STOP_LOSS,90.0,37100.0
2025-03-21 10:05:00,2025-03-21 10:15:00,BUY,23269.95,23276.62,23266.62,75,-3.33,-300.0,1,STOP_LOSS,90.0,36800.0
2025-03-21 10:15:00,2025-03-21 10:25:00,BUY,23259.25,23265.92,23255.92,75,6.67,450.0,1,TARGET,90.0,37250.0
2025-03-21 10:25:00,2025-03-21 10:35:00,BUY,23298.9,23305.57,23295.57,75,6.67,450.0,1,TARGET,90.0,37700.0
2025-03-21 10:35:00,2025-03-21 10:45:00,BUY,23311.65,23318.32,23308.32,75,6.67,450.0,1,TARGET,90.0,38150.0
2025-03-21 11:00:00,2025-03-21 11:10:00,BUY,23346.4,23353.07,23343.07,75,-3.33,-300.0,1,STOP_LOSS,77.4,37850.0
2025-03-24 09:20:00,2025-03-24 09:30:00,SELL,23518.4,23511.73,23521.73,75,6.67,450.0,1,TARGET,90.0,38300.0
2025-03-24 09:45:00,2025-03-24 09:55:00,BUY,23502.65,23509.32,23499.32,75,6.67,450.0,1,TARGET,90.0,38750.0
2025-03-24 09:55:00,2025-03-24 10:05:00,BUY,23542.1,23548.77,23538.77,75,6.67,450.0,1,TARGET,90.0,39200.0
2025-03-24 10:15:00,2025-03-24 10:25:00,BUY,23559.05,23565.72,23555.72,75,6.67,450.0,1,TARGET,86.0,39650.0
2025-03-24 10:25:00,2025-03-24 10:35:00,BUY,23559.2,23565.87,23555.87,75,6.67,450.0,1,TARGET,90.0,40100.0
2025-03-24 10:35:00,2025-03-24 10:45:00,BUY,23572.5,23579.17,23569.17,75,6.67,450.0,1,TARGET,87.6,40550.0
2025-03-24 10:45:00,2025-03-24 10:55:00,BUY,23590.85,23597.52,23587.52,75,6.67,450.0,1,TARGET,73.0,41000.0
2025-03-24 11:10:00,2025-03-24 11:20:00,BUY,23614.1,23620.77,23610.77,75,6.67,450.0,1,TARGET,87.1,41450.0
2025-03-24 11:20:00,2025-03-24 11:30:00,BUY,23619.5,23626.17,23616.17,75,6.67,450.0,1,TARGET,90.0,41900.0
2025-03-24 11:45:00,2025-03-24 11:55:00,BUY,23609.8,23616.47,23606.47,75,6.67,450.0,1,TARGET,90.0,42350.0
2025-03-24 13:05:00,2025-03-24 13:15:00,BUY,23647.45,23654.12,23644.12,75,6.67,450.0,1,TARGET,90.0,42800.0
2025-03-24 13:20:00,2025-03-24 13:30:00,BUY,23654.8,23661.47,23651.47,75,6.67,450.0,1,TARGET,90.0,43250.0
2025-03-24 14:10:00,2025-03-24 14:20:00,BUY,23687.35,23694.02,23684.02,75,6.67,450.0,1,TARGET,90.0,43700.0
2025-03-24 14:20:00,2025-03-24 14:30:00,BUY,23697.85,23704.52,23694.52,75,-3.33,-300.0,1,STOP_LOSS,90.0,43400.0
2025-03-25 10:15:00,2025-03-25 10:25:00,BUY,23798.2,23804.87,23794.87,75,6.67,450.0,1,TARGET,90.0,43850.0
2025-03-25 11:05:00,2025-03-25 11:15:00,SELL,23686.1,23679.43,23689.43,75,-3.33,-300.0,1,STOP_LOSS,90.0,43550.0
2025-03-25 11:20:00,2025-03-25 11:30:00,SELL,23671.75,23665.08,23675.08,75,6.67,450.0,1,TARGET,90.0,44000.0
2025-03-25 11:35:00,2025-03-25 11:45:00,SELL,23645.7,23639.03,23649.03,75,-3.33,-300.0,1,STOP_LOSS,90.0,43700.0
2025-03-26 14:05:00,2025-03-26 14:15:00,SELL,23550.55,23543.88,23553.88,75,6.67,450.0,1,TARGET,90.0,44150.0
2025-03-27 10:05:00,2025-03-27 10:15:00,BUY,23611.9,23618.57,23608.57,75,6.67,450.0,1,TARGET,90.0,44600.0
2025-03-27 10:20:00,2025-03-27 10:30:00,BUY,23613.65,23620.32,23610.32,75,6.67,450.0,1,TARGET,90.0,45050.0
2025-03-28 13:15:00,2025-03-28 13:25:00,SELL,23485.9,23479.23,23489.23,75,-3.33,-300.0,1,STOP_LOSS,90.0,44750.0
2025-03-28 13:25:00,2025-03-28 13:35:00,SELL,23493.95,23487.28,23497.28,75,-3.33,-300.0,1,STOP_LOSS,90.0,44450.0
2025-04-01 10:45:00,2025-04-01 10:55:00,SELL,23307.4,23300.73,23310.73,75,6.67,450.0,1,TARGET,90.0,44900.0
2025-04-01 10:55:00,2025-04-01 11:05:00,SELL,23243.15,23236.48,23246.48,75,6.67,450.0,1,TARGET,81.0,45350.0
2025-04-01 11:05:00,2025-04-01 11:15:00,SELL,23226.4,23219.73,23229.73,75,-3.33,-300.0,1,STOP_LOSS,80.5,45050.0
2025-04-01 11:30:00,2025-04-01 11:40:00,SELL,23220.5,23213.83,23223.83,75,6.67,450.0,1,TARGET,88.2,45500.0
2025-04-01 11:40:00,2025-04-01 11:50:00,SELL,23200.1,23193.43,23203.43,75,6.67,450.0,1,TARGET,81.8,45950.0
2025-04-01 13:45:00,2025-04-01 13:55:00,SELL,23161.35,23154.68,23164.68,75,6.67,450.0,1,TARGET,90.0,46400.0
2025-04-01 13:55:00,2025-04-01 14:05:00,SELL,23154.75,23148.08,23158.08,75,-3.33,-300.0,1,STOP_LOSS,90.0,46100.0
2025-04-02 11:10:00,2025-04-02 11:20:00,BUY,23287.5,23294.17,23284.17,75,-3.33,-300.0,1,STOP_LOSS,90.0,45800.0
2025-04-02 11:20:00,2025-04-02 11:30:00,BUY,23274.45,23281.12,23271.12,75,6.67,450.0,1,TARGET,90.0,46250.0
2025-04-04 09:20:00,2025-04-04 09:30:00,BUY,23035.05,23041.72,23031.72,75,6.67,450.0,1,TARGET,90.0,46700.0
2025-04-04 09:45:00,2025-04-04 09:55:00,SELL,23047.3,23040.63,23050.63,75,6.67,450.0,1,TARGET,79.7,47150.0
2025-04-04 10:00:00,2025-04-04 10:10:00,SELL,22966.05,22959.38,22969.38,75,6.67,450.0,1,TARGET,75.4,47600.0
2025-04-04 10:20:00,2025-04-04 10:30:00,SELL,22923.15,22916.48,22926.48,75,-3.33,-300.0,1,STOP_LOSS,81.3,47300.0
2025-04-04 10:30:00,2025-04-04 10:40:00,SELL,22928.45,22921.78,22931.78,75,-3.33,-300.0,1,STOP_LOSS,77.3,47000.0
2025-04-07 09:25:00,2025-04-07 09:35:00,BUY,22041.85,22048.52,22038.52,75,6.67,450.0,1,TARGET,90.0,47450.0
2025-04-07 09:55:00,2025-04-07 10:05:00,SELL,21963.25,21956.58,21966.58,75,6.67,450.0,1,TARGET,71.7,47900.0
2025-04-07 10:10:00,2025-04-07 10:20:00,SELL,21918.15,21911.48,21921.48,75,-3.33,-300.0,1,STOP_LOSS,72.6,47600.0
2025-04-07 10:30:00,2025-04-07 10:40:00,SELL,21960.95,21954.28,21964.28,75,6.67,450.0,1,TARGET,90.0,48050.0
2025-04-07 12:20:00,2025-04-07 12:30:00,SELL,21850.35,21843.68,21853.68,75,6.67,450.0,1,TARGET,85.0,48500.0
2025-04-07 12:30:00,2025-04-07 12:40:00,SELL,21816.9,21810.23,21820.23,75,-3.33,-300.0,1,STOP_LOSS,77.5,48200.0
2025-04-08 09:20:00,2025-04-08 09:30:00,SELL,22515.15,22508.48,22518.48,75,-3.33,-300.0,1,STOP_LOSS,90.0,47900.0
2025-04-08 09:30:00,2025-04-08 09:40:00,SELL,22518.9,22512.23,22522.23,75,6.67,450.0,1,TARGET,90.0,48350.0
2025-04-08 10:05:00,2025-04-08 10:15:00,BUY,22392.25,22398.92,22388.92,75,6.67,450.0,1,TARGET,90.0,48800.0
2025-04-08 10:55:00,2025-04-08 11:05:00,SELL,22374.4,22367.73,22377.73,75,-3.33,-300.0,1,STOP_LOSS,90.0,48500.0
2025-04-09 09:35:00,2025-04-09 09:45:00,SELL,22391.35,22384.68,22394.68,75,-3.33,-300.0,1,STOP_LOSS,90.0,48200.0
2025-04-09 09:55:00,2025-04-09 10:05:00,SELL,22387.85,22381.18,22391.18,75,-3.33,-300.0,1,STOP_LOSS,90.0,47900.0
2025-04-11 09:20:00,2025-04-11 09:30:00,SELL,22812.1,22805.43,22815.43,75,6.67,450.0,1,TARGET,90.0,48350.0
2025-04-11 09:30:00,2025-04-11 09:40:00,SELL,22794.2,22787.53,22797.53,75,-3.33,-300.0,1,STOP_LOSS,90.0,48050.0
2025-04-11 09:50:00,2025-04-11 10:00:00,SELL,22859.7,22853.03,22863.03,75,6.67,450.0,1,TARGET,90.0,48500.0
2025-04-11 10:00:00,2025-04-11 10:10:00,BUY,22835.1,22841.77,22831.77,75,6.67,450.0,1,TARGET,73.4,48950.0
2025-04-11 10:10:00,2025-04-11 10:20:00,BUY,22832.7,22839.37,22829.37,75,-3.33,-300.0,1,STOP_LOSS,79.7,48650.0
2025-04-15 09:20:00,2025-04-15 09:30:00,SELL,23299.9,23293.23,23303.23,75,6.67,450.0,1,TARGET,90.0,49100.0
2025-04-15 09:30:00,2025-04-15 09:40:00,SELL,23267.4,23260.73,23270.73,75,-3.33,-300.0,1,STOP_LOSS,90.0,48800.0
2025-04-15 10:05:00,2025-04-15 10:15:00,BUY,23306.85,23313.52,23303.52,75,6.67,450.0,1,TARGET,70.4,49250.0
2025-04-15 12:45:00,2025-04-15 12:55:00,BUY,23342.1,23348.77,23338.77,75,-3.33,-300.0,1,STOP_LOSS,75.3,48950.0
2025-04-16 14:50:00,2025-04-16 15:00:00,BUY,23431.55,23438.22,23428.22,75,-3.33,-300.0,1,STOP_LOSS,90.0,48650.0
2025-04-16 15:00:00,2025-04-16 15:10:00,BUY,23437.55,23444.22,23434.22,75,-3.33,-300.0,1,STOP_LOSS,90.0,48350.0
2025-04-17 12:55:00,2025-04-17 13:05:00,SELL,23738.35,23731.68,23741.68,75,-3.33,-300.0,1,STOP_LOSS,90.0,48050.0
2025-04-17 13:15:00,2025-04-17 13:25:00,SELL,23788.5,23781.83,23791.83,75,6.67,450.0,1,TARGET,90.0,48500.0
2025-04-17 13:25:00,2025-04-17 13:35:00,SELL,23775.3,23768.63,23778.63,75,-3.33,-300.0,1,STOP_LOSS,90.0,48200.0
2025-04-21 09:20:00,2025-04-21 09:30:00,SELL,23968.35,23961.68,23971.68,75,6.67,450.0,1,TARGET,85.2,48650.0
2025-04-21 10:25:00,2025-04-21 10:35:00,BUY,24045.65,24052.32,24042.32,75,6.67,450.0,1,TARGET,90.0,49100.0
2025-04-21 10:40:00,2025-04-21 10:50:00,BUY,24067.65,24074.32,24064.32,75,6.67,450.0,1,TARGET,90.0,49550.0
2025-04-21 10:50:00,2025-04-21 11:00:00,BUY,24095.0,24101.67,24091.67,75,6.67,450.0,1,TARGET,78.9,50000.0
2025-04-21 11:05:00,2025-04-21 11:15:00,BUY,24102.1,24108.77,24098.77,75,6.67,450.0,1,TARGET,79.5,50450.0
2025-04-21 11:35:00,2025-04-21 11:45:00,BUY,24113.8,24120.47,24110.47,75,-3.33,-300.0,1,STOP_LOSS,90.0,50150.0
2025-04-21 11:45:00,2025-04-21 11:55:00,BUY,24111.45,24118.12,24108.12,75,6.67,450.0,1,TARGET,90.0,50600.0
2025-04-21 11:55:00,2025-04-21 12:05:00,BUY,24135.2,24141.87,24131.87,75,6.67,450.0,1,TARGET,85.5,51050.0
2025-04-21 12:05:00,2025-04-21 12:15:00,BUY,24139.85,24146.52,24136.52,75,6.67,450.0,1,TARGET,81.1,51500.0
2025-04-21 13:05:00,2025-04-21 13:15:00,BUY,24188.45,24195.12,24185.12,75,-3.33,-300.0,1,STOP_LOSS,80.5,51200.0
2025-04-22 10:15:00,2025-04-22 10:25:00,BUY,24198.0,24204.67,24194.67,75,6.67,450.0,1,TARGET,90.0,51650.0
2025-04-22 10:30:00,2025-04-22 10:40:00,BUY,24207.8,24214.47,24204.47,75,6.67,450.0,1,TARGET,90.0,52100.0
2025-04-22 10:40:00,2025-04-22 10:50:00,BUY,24223.85,24230.52,24220.52,75,-3.33,-300.0,1,STOP_LOSS,90.0,51800.0
2025-04-22 10:50:00,2025-04-22 11:00:00,BUY,24226.35,24233.02,24223.02,75,6.67,450.0,1,TARGET,90.0,52250.0
2025-04-22 11:00:00,2025-04-22 11:10:00,BUY,24233.35,24240.02,24230.02,75,-3.33,-300.0,1,STOP_LOSS,90.0,51950.0
2025-04-23 09:45:00,2025-04-23 09:55:00,BUY,24340.45,24347.12,24337.12,75,-3.33,-300.0,1,STOP_LOSS,90.0,51650.0
2025-04-23 14:20:00,2025-04-23 14:30:00,BUY,24308.15,24314.82,24304.82,75,6.67,450.0,1,TARGET,90.0,52100.0
2025-04-23 14:45:00,2025-04-23 14:55:00,BUY,24299.1,24305.77,24295.77,75,6.67,450.0,1,TARGET,84.1,52550.0
2025-04-23 14:55:00,2025-04-23 15:05:00,BUY,24317.9,24324.57,24314.57,75,6.67,450.0,1,TARGET,90.0,53000.0
2025-04-23 15:05:00,2025-04-23 15:15:00,BUY,24334.85,24341.52,24331.52,75,-3.33,-300.0,1,STOP_LOSS,79.1,52700.0
2025-04-25 10:20:00,2025-04-25 10:30:00,SELL,24024.0,24017.33,24027.33,75,6.67,450.0,1,TARGET,90.0,53150.0
2025-04-25 10:50:00,2025-04-25 11:00:00,SELL,23942.9,23936.23,23946.23,75,6.67,450.0,1,TARGET,90.0,53600.0
2025-04-25 11:00:00,2025-04-25 11:10:00,SELL,23904.5,23897.83,23907.83,75,-3.33,-300.0,1,STOP_LOSS,86.5,53300.0
2025-04-25 11:15:00,2025-04-25 11:25:00,SELL,23898.8,23892.13,23902.13,75,6.67,450.0,1,TARGET,90.0,53750.0
2025-04-25 11:30:00,2025-04-25 11:40:00,SELL,23890.7,23884.03,23894.03,75,-3.33,-300.0,1,STOP_LOSS,90.0,53450.0
2025-04-28 09:55:00,2025-04-28 10:05:00,BUY,24229.3,24235.97,24225.97,75,6.67,450.0,1,TARGET,90.0,53900.0
2025-04-28 10:05:00,2025-04-28 10:15:00,BUY,24265.25,24271.92,24261.92,75,6.67,450.0,1,TARGET,90.0,54350.0
2025-04-28 10:30:00,2025-04-28 10:40:00,BUY,24254.6,24261.27,24251.27,75,-3.33,-300.0,1,STOP_LOSS,90.0,54050.0
2025-04-28 10:45:00,2025-04-28 10:55:00,BUY,24258.95,24265.62,24255.62,75,6.67,450.0,1,TARGET,90.0,54500.0
2025-04-28 10:55:00,2025-04-28 11:05:00,BUY,24276.9,24283.57,24273.57,75,-3.33,-300.0,1,STOP_LOSS,90.0,54200.0
2025-05-02 09:50:00,2025-05-02 10:00:00,BUY,24556.6,24563.27,24553.27,75,6.67,450.0,1,TARGET,84.7,54650.0
2025-05-02 10:05:00,2025-05-02 10:15:00,BUY,24578.4,24585.07,24575.07,75,6.67,450.0,1,TARGET,70.6,55100.0
2025-05-02 11:15:00,2025-05-02 11:25:00,SELL,24408.75,24402.08,24412.08,75,6.67,450.0,1,TARGET,90.0,55550.0
2025-05-02 11:30:00,2025-05-02 11:40:00,SELL,24324.5,24317.83,24327.83,75,-3.33,-300.0,1,STOP_LOSS,90.0,55250.0
2025-05-02 11:40:00,2025-05-02 11:50:00,SELL,24336.1,24329.43,24339.43,75,6.67,450.0,1,TARGET,90.0,55700.0
2025-05-02 12:00:00,2025-05-02 12:10:00,SELL,24334.55,24327.88,24337.88,75,6.67,450.0,1,TARGET,90.0,56150.0
2025-05-02 12:10:00,2025-05-02 12:20:00,SELL,24315.0,24308.33,24318.33,75,6.67,450.0,1,TARGET,90.0,56600.0
2025-05-02 12:25:00,2025-05-02 12:35:00,SELL,24242.75,24236.08,24246.08,75,-3.33,-300.0,1,STOP_LOSS,75.1,56300.0
2025-05-05 10:15:00,2025-05-05 10:25:00,BUY,24485.85,24492.52,24482.52,75,6.67,450.0,1,TARGET,90.0,56750.0
2025-05-05 10:25:00,2025-05-05 10:35:00,BUY,24479.55,24486.22,24476.22,75,6.67,450.0,1,TARGET,90.0,57200.0
2025-05-05 10:35:00,2025-05-05 10:45:00,BUY,24509.85,24516.52,24506.52,75,6.67,450.0,1,TARGET,90.0,57650.0
2025-05-08 13:20:00,2025-05-08 13:30:00,BUY,24355.55,24362.22,24352.22,75,6.67,450.0,1,TARGET,90.0,58100.0
2025-05-08 13:50:00,2025-05-08 14:00:00,SELL,24340.1,24333.43,24343.43,75,6.67,450.0,1,TARGET,90.0,58550.0
2025-05-08 14:05:00,2025-05-08 14:15:00,SELL,24331.45,24324.78,24334.78,75,6.67,450.0,1,TARGET,90.0,59000.0
2025-05-08 14:30:00,2025-05-08 14:40:00,SELL,24340.55,24333.88,24343.88,75,6.67,450.0,1,TARGET,90.0,59450.0
2025-05-08 14:40:00,2025-05-08 14:50:00,SELL,24338.2,24331.53,24341.53,75,6.67,450.0,1,TARGET,80.6,59900.0
2025-05-09 10:15:00,2025-05-09 10:25:00,SELL,24048.9,24042.23,24052.23,75,6.67,450.0,1,TARGET,90.0,60350.0
2025-05-09 10:25:00,2025-05-09 10:35:00,SELL,24046.7,24040.03,24050.03,75,6.67,450.0,1,TARGET,90.0,60800.0
2025-05-09 10:35:00,2025-05-09 10:45:00,SELL,24018.3,24011.63,24021.63,75,6.67,450.0,1,TARGET,90.0,61250.0
2025-05-12 09:20:00,2025-05-12 09:30:00,SELL,24579.95,24573.28,24583.28,75,-3.33,-300.0,1,STOP_LOSS,90.0,60950.0
2025-05-12 09:35:00,2025-05-12 09:45:00,SELL,24607.15,24600.48,24610.48,75,6.67,450.0,1,TARGET,90.0,61400.0
2025-05-12 10:00:00,2025-05-12 10:10:00,SELL,24698.8,24692.13,24702.13,75,6.67,450.0,1,TARGET,90.0,61850.0
2025-05-12 10:10:00,2025-05-12 10:20:00,SELL,24682.65,24675.98,24685.98,75,-3.33,-300.0,1,STOP_LOSS,90.0,61550.0
2025-05-13 09:55:00,2025-05-13 10:05:00,SELL,24711.95,24705.28,24715.28,75,6.67,450.0,1,TARGET,90.0,62000.0
2025-05-13 10:10:00,2025-05-13 10:20:00,SELL,24770.85,24764.18,24774.18,75,6.67,450.0,1,TARGET,90.0,62450.0
2025-05-13 10:20:00,2025-05-13 10:30:00,SELL,24748.35,24741.68,24751.68,75,6.67,450.0,1,TARGET,90.0,62900.0
2025-05-13 13:25:00,2025-05-13 13:35:00,SELL,24592.1,24585.43,24595.43,75,-3.33,-300.0,1,STOP_LOSS,90.0,62600.0
2025-05-13 13:45:00,2025-05-13 13:55:00,SELL,24608.95,24602.28,24612.28,75,6.67,450.0,1,TARGET,90.0,63050.0
2025-05-13 13:55:00,2025-05-13 14:05:00,SELL,24585.75,24579.08,24589.08,75,-3.33,-300.0,1,STOP_LOSS,90.0,62750.0
2025-05-14 10:05:00,2025-05-14 10:15:00,BUY,24743.5,24750.17,24740.17,75,6.67,450.0,1,TARGET,90.0,63200.0
2025-05-14 12:50:00,2025-05-14 13:00:00,SELL,24573.95,24567.28,24577.28,75,-3.33,-300.0,1,STOP_LOSS,79.0,62900.0
2025-05-15 10:00:00,2025-05-15 10:10:00,SELL,24542.55,24535.88,24545.88,75,6.67,450.0,1,TARGET,90.0,63350.0
2025-05-15 10:15:00,2025-05-15 10:25:00,SELL,24546.6,24539.93,24549.93,75,-3.33,-300.0,1,STOP_LOSS,90.0,63050.0
2025-05-15 10:25:00,2025-05-15 10:35:00,SELL,24564.95,24558.28,24568.28,75,-3.33,-300.0,1,STOP_LOSS,90.0,62750.0
2025-05-16 09:30:00,2025-05-16 09:40:00,SELL,25009.3,25002.63,25012.63,75,6.67,450.0,1,TARGET,90.0,63200.0
2025-05-16 09:45:00,2025-05-16 09:55:00,SELL,25013.5,25006.83,25016.83,75,6.67,450.0,1,TARGET,90.0,63650.0
2025-05-19 14:20:00,2025-05-19 14:30:00,SELL,24947.0,24940.33,24950.33,75,6.67,450.0,1,TARGET,90.0,64100.0
2025-05-19 14:40:00,2025-05-19 14:50:00,SELL,24940.2,24933.53,24943.53,75,6.67,450.0,1,TARGET,90.0,64550.0
2025-05-19 14:50:00,2025-05-19 15:00:00,SELL,24922.15,24915.48,24925.48,75,-3.33,-300.0,1,STOP_LOSS,90.0,64250.0
2025-05-19 15:05:00,2025-05-19 15:25:00,SELL,24945.25,24938.58,24948.58,75,6.67,450.0,3,TARGET,90.0,64700.0
2025-05-20 10:20:00,2025-05-20 10:30:00,SELL,24890.9,24884.23,24894.23,75,-3.33,-300.0,1,STOP_LOSS,90.0,64400.0
2025-05-20 13:05:00,2025-05-20 13:15:00,BUY,24788.2,24794.87,24784.87,75,-3.33,-300.0,1,STOP_LOSS,90.0,64100.0
2025-05-21 09:45:00,2025-05-21 09:55:00,BUY,24829.25,24835.92,24825.92,75,6.67,450.0,1,TARGET,90.0,64550.0
2025-05-21 10:00:00,2025-05-21 10:10:00,BUY,24832.35,24839.02,24829.02,75,6.67,450.0,1,TARGET,90.0,65000.0
2025-05-21 10:10:00,2025-05-21 10:20:00,BUY,24869.2,24875.87,24865.87,75,6.67,450.0,1,TARGET,90.0,65450.0
2025-05-21 10:30:00,2025-05-21 10:40:00,BUY,24904.25,24910.92,24900.92,75,6.67,450.0,1,TARGET,86.5,65900.0
2025-05-21 10:45:00,2025-05-21 10:55:00,BUY,24923.15,24929.82,24919.82,75,-3.33,-300.0,1,STOP_LOSS,90.0,65600.0
2025-05-21 11:05:00,2025-05-21 11:15:00,BUY,24902.6,24909.27,24899.27,75,6.67,450.0,1,TARGET,90.0,66050.0
2025-05-21 11:15:00,2025-05-21 11:25:00,BUY,24909.4,24916.07,24906.07,75,-3.33,-300.0,1,STOP_LOSS,90.0,65750.0
2025-05-22 09:20:00,2025-05-22 09:30:00,BUY,24580.55,24587.22,24577.22,75,6.67,450.0,1,TARGET,90.0,66200.0
2025-05-22 09:30:00,2025-05-22 09:40:00,BUY,24548.95,24555.62,24545.62,75,6.67,450.0,1,TARGET,90.0,66650.0
2025-05-22 09:45:00,2025-05-22 09:55:00,SELL,24576.4,24569.73,24579.73,75,-3.33,-300.0,1,STOP_LOSS,90.0,66350.0
2025-05-22 10:00:00,2025-05-22 10:10:00,SELL,24609.05,24602.38,24612.38,75,6.67,450.0,1,TARGET,90.0,66800.0
2025-05-22 12:20:00,2025-05-22 12:30:00,SELL,24552.25,24545.58,24555.58,75,-3.33,-300.0,1,STOP_LOSS,90.0,66500.0
2025-05-23 09:45:00,2025-05-23 09:55:00,SELL,24780.75,24774.08,24784.08,75,-3.33,-300.0,1,STOP_LOSS,90.0,66200.0
2025-05-23 10:35:00,2025-05-23 10:45:00,BUY,24786.95,24793.62,24783.62,75,6.67,450.0,1,TARGET,90.0,66650.0
2025-05-23 11:25:00,2025-05-23 11:35:00,BUY,24882.0,24888.67,24878.67,75,6.67,450.0,1,TARGET,90.0,67100.0
2025-05-23 13:20:00,2025-05-23 13:30:00,BUY,24891.95,24898.62,24888.62,75,-3.33,-300.0,1,STOP_LOSS,90.0,66800.0
2025-05-26 09:25:00,2025-05-26 09:35:00,SELL,25040.5,25033.83,25043.83,75,6.67,450.0,1,TARGET,90.0,67250.0
2025-05-26 09:35:00,2025-05-26 09:45:00,SELL,25050.45,25043.78,25053.78,75,6.67,450.0,1,TARGET,90.0,67700.0
2025-05-26 09:55:00,2025-05-26 10:05:00,SELL,25061.95,25055.28,25065.28,75,6.67,450.0,1,TARGET,90.0,68150.0
2025-05-26 10:20:00,2025-05-26 10:30:00,BUY,25021.1,25027.77,25017.77,75,-3.33,-300.0,1,STOP_LOSS,83.3,67850.0
2025-05-27 09:25:00,2025-05-27 09:35:00,BUY,24790.45,24797.12,24787.12,75,6.67,450.0,1,TARGET,90.0,68300.0
2025-05-27 10:10:00,2025-05-27 10:20:00,SELL,24777.1,24770.43,24780.43,75,6.67,450.0,1,TARGET,83.9,68750.0
2025-05-27 10:20:00,2025-05-27 10:30:00,SELL,24760.65,24753.98,24763.98,75,6.67,450.0,1,TARGET,73.6,69200.0
2025-05-27 10:40:00,2025-05-27 10:50:00,SELL,24761.3,24754.63,24764.63,75,-3.33,-300.0,1,STOP_LOSS,90.0,68900.0
2025-05-27 11:20:00,2025-05-27 11:30:00,BUY,24946.25,24952.92,24942.92,75,6.67,450.0,1,TARGET,90.0,69350.0
2025-05-27 11:50:00,2025-05-27 12:00:00,BUY,24946.55,24953.22,24943.22,75,6.67,450.0,1,TARGET,90.0,69800.0
2025-05-27 12:00:00,2025-05-27 12:10:00,BUY,24953.95,24960.62,24950.62,75,6.67,450.0,1,TARGET,90.0,70250.0
2025-05-27 12:10:00,2025-05-27 12:20:00,BUY,24957.45,24964.12,24954.12,75,-3.33,-300.0,1,STOP_LOSS,90.0,69950.0
2025-05-29 15:10:00,2025-05-29 15:20:00,SELL,24850.75,24844.08,24854.08,75,6.67,450.0,1,TARGET,90.0,70400.0
2025-05-30 09:20:00,2025-05-30 09:30:00,BUY,24857.85,24864.52,24854.52,75,-3.33,-300.0,1,STOP_LOSS,90.0,70100.0
2025-06-02 09:20:00,2025-06-02 09:30:00,BUY,24549.75,24556.42,24546.42,75,6.67,450.0,1,TARGET,90.0,70550.0
2025-06-02 09:50:00,2025-06-02 10:00:00,SELL,24586.15,24579.48,24589.48,75,6.67,450.0,1,TARGET,90.0,71000.0
2025-06-02 10:00:00,2025-06-02 10:10:00,SELL,24580.9,24574.23,24584.23,75,-3.33,-300.0,1,STOP_LOSS,90.0,70700.0
2025-06-02 10:10:00,2025-06-02 10:20:00,SELL,24581.75,24575.08,24585.08,75,6.67,450.0,1,TARGET,90.0,71150.0
2025-06-02 11:00:00,2025-06-02 11:10:00,BUY,24626.15,24632.82,24622.82,75,-3.33,-300.0,1,STOP_LOSS,90.0,70850.0
2025-06-05 09:25:00,2025-06-05 09:35:00,SELL,24715.5,24708.83,24718.83,75,-3.33,-300.0,1,STOP_LOSS,90.0,70550.0
2025-06-05 09:35:00,2025-06-05 09:45:00,SELL,24737.1,24730.43,24740.43,75,-3.33,-300.0,1,STOP_LOSS,90.0,70250.0
2025-06-06 11:30:00,2025-06-06 11:40:00,BUY,24979.25,24985.92,24975.92,75,6.67,450.0,1,TARGET,75.2,70700.0
2025-06-06 12:05:00,2025-06-06 12:15:00,BUY,25013.7,25020.37,25010.37,75,-3.33,-300.0,1,STOP_LOSS,72.9,70400.0
2025-06-09 09:55:00,2025-06-09 10:05:00,BUY,25100.9,25107.57,25097.57,75,6.67,450.0,1,TARGET,90.0,70850.0
2025-06-09 10:10:00,2025-06-09 10:20:00,BUY,25119.15,25125.82,25115.82,75,-3.33,-300.0,1,STOP_LOSS,90.0,70550.0
2025-06-09 10:20:00,2025-06-09 10:30:00,BUY,25121.65,25128.32,25118.32,75,6.67,450.0,1,TARGET,90.0,71000.0
2025-06-09 10:30:00,2025-06-09 10:40:00,BUY,25128.65,25135.32,25125.32,75,-3.33,-300.0,1,STOP_LOSS,83.8,70700.0
2025-06-10 15:00:00,2025-06-10 15:10:00,BUY,25093.75,25100.42,25090.42,75,6.67,450.0,1,TARGET,90.0,71150.0
2025-06-11 11:05:00,2025-06-11 11:15:00,BUY,25176.65,25183.32,25173.32,75,6.67,450.0,1,TARGET,90.0,71600.0
2025-06-11 11:15:00,2025-06-11 11:25:00,BUY,25193.05,25199.72,25189.72,75,-3.33,-300.0,1,STOP_LOSS,90.0,71300.0
2025-06-11 11:45:00,2025-06-11 11:55:00,BUY,25193.4,25200.07,25190.07,75,6.67,450.0,1,TARGET,90.0,71750.0
2025-06-11 12:00:00,2025-06-11 12:10:00,BUY,25211.9,25218.57,25208.57,75,-3.33,-300.0,1,STOP_LOSS,90.0,71450.0
2025-06-12 10:40:00,2025-06-12 10:50:00,SELL,25044.65,25037.98,25047.98,75,-3.33,-300.0,1,STOP_LOSS,90.0,71150.0
2025-06-12 10:50:00,2025-06-12 11:00:00,SELL,25055.65,25048.98,25058.98,75,-3.33,-300.0,1,STOP_LOSS,90.0,70850.0
2025-06-13 09:40:00,2025-06-13 09:50:00,SELL,24621.2,24614.53,24624.53,75,6.67,450.0,1,TARGET,90.0,71300.0
2025-06-13 10:00:00,2025-06-13 10:10:00,SELL,24623.2,24616.53,24626.53,75,-3.33,-300.0,1,STOP_LOSS,90.0,71000.0
2025-06-13 10:15:00,2025-06-13 10:25:00,SELL,24630.55,24623.88,24633.88,75,-3.33,-300.0,1,STOP_LOSS,88.7,70700.0
2025-06-16 11:25:00,2025-06-16 11:35:00,BUY,24884.15,24890.82,24880.82,75,6.67,450.0,1,TARGET,90.0,71150.0
2025-06-16 11:35:00,2025-06-16 11:45:00,BUY,24903.2,24909.87,24899.87,75,6.67,450.0,1,TARGET,90.0,71600.0
2025-06-16 11:45:00,2025-06-16 11:55:00,BUY,24917.1,24923.77,24913.77,75,-3.33,-300.0,1,STOP_LOSS,90.0,71300.0
2025-06-16 13:25:00,2025-06-16 13:35:00,BUY,24941.3,24947.97,24937.97,75,6.67,450.0,1,TARGET,90.0,71750.0
2025-06-16 13:35:00,2025-06-16 13:45:00,BUY,24952.1,24958.77,24948.77,75,-3.33,-300.0,1,STOP_LOSS,90.0,71450.0
2025-06-17 09:40:00,2025-06-17 09:50:00,SELL,24880.4,24873.73,24883.73,75,6.67,450.0,1,TARGET,90.0,71900.0
2025-06-17 09:50:00,2025-06-17 10:00:00,SELL,24858.0,24851.33,24861.33,75,6.67,450.0,1,TARGET,84.5,72350.0
2025-06-17 10:00:00,2025-06-17 10:10:00,SELL,24859.9,24853.23,24863.23,75,6.67,450.0,1,TARGET,90.0,72800.0
2025-06-17 10:10:00,2025-06-17 10:20:00,SELL,24851.7,24845.03,24855.03,75,-3.33,-300.0,1,STOP_LOSS,90.0,72500.0
2025-06-17 10:20:00,2025-06-17 10:30:00,SELL,24877.65,24870.98,24880.98,75,6.67,450.0,1,TARGET,90.0,72950.0
2025-06-17 13:00:00,2025-06-17 13:10:00,SELL,24826.5,24819.83,24829.83,75,-3.33,-300.0,1,STOP_LOSS,90.0,72650.0
2025-06-18 11:15:00,2025-06-18 11:25:00,SELL,24823.55,24816.88,24826.88,75,6.67,450.0,1,TARGET,90.0,73100.0
2025-06-18 11:25:00,2025-06-18 11:35:00,SELL,24807.8,24801.13,24811.13,75,6.67,450.0,1,TARGET,90.0,73550.0
2025-06-18 11:45:00,2025-06-18 11:55:00,SELL,24802.3,24795.63,24805.63,75,6.67,450.0,1,TARGET,90.0,74000.0
2025-06-18 11:55:00,2025-06-18 12:05:00,SELL,24779.45,24772.78,24782.78,75,-3.33,-300.0,1,STOP_LOSS,90.0,73700.0
2025-06-18 12:10:00,2025-06-18 12:20:00,SELL,24816.35,24809.68,24819.68,75,6.67,450.0,1,TARGET,83.4,74150.0
2025-06-20 10:15:00,2025-06-20 10:25:00,BUY,24958.6,24965.27,24955.27,75,6.67,450.0,1,TARGET,75.4,74600.0
2025-06-20 10:45:00,2025-06-20 10:55:00,BUY,25003.35,25010.02,25000.02,75,6.67,450.0,1,TARGET,82.2,75050.0
2025-06-20 11:00:00,2025-06-20 11:10:00,BUY,25009.65,25016.32,25006.32,75,6.67,450.0,1,TARGET,90.0,75500.0
2025-06-20 11:10:00,2025-06-20 11:20:00,BUY,25016.55,25023.22,25013.22,75,-3.33,-300.0,1,STOP_LOSS,90.0,75200.0
2025-06-20 11:20:00,2025-06-20 11:30:00,BUY,25010.6,25017.27,25007.27,75,6.67,450.0,1,TARGET,85.2,75650.0
2025-06-20 11:30:00,2025-06-20 11:40:00,BUY,25016.35,25023.02,25013.02,75,6.67,450.0,1,TARGET,90.0,76100.0
2025-06-20 12:10:00,2025-06-20 12:20:00,BUY,25040.1,25046.77,25036.77,75,-3.33,-300.0,1,STOP_LOSS,90.0,75800.0
2025-06-23 09:55:00,2025-06-23 10:05:00,SELL,24853.65,24846.98,24856.98,75,6.67,450.0,1,TARGET,87.5,76250.0
2025-06-23 11:20:00,2025-06-23 11:30:00,BUY,24943.5,24950.17,24940.17,75,6.67,450.0,1,TARGET,90.0,76700.0
2025-06-23 13:50:00,2025-06-23 14:00:00,BUY,25018.45,25025.12,25015.12,75,6.67,450.0,1,TARGET,90.0,77150.0
2025-06-24 09:20:00,2025-06-24 09:30:00,SELL,25228.5,25221.83,25231.83,75,6.67,450.0,1,TARGET,90.0,77600.0
2025-06-24 10:15:00,2025-06-24 10:25:00,BUY,25236.8,25243.47,25233.47,75,-3.33,-300.0,1,STOP_LOSS,90.0,77300.0
2025-06-24 11:25:00,2025-06-24 11:35:00,BUY,25283.5,25290.17,25280.17,75,-3.33,-300.0,1,STOP_LOSS,88.5,77000.0
2025-06-25 09:30:00,2025-06-25 09:40:00,BUY,25179.4,25186.07,25176.07,75,6.67,450.0,1,TARGET,90.0,77450.0
2025-06-25 09:40:00,2025-06-25 09:50:00,BUY,25188.25,25194.92,25184.92,75,6.67,450.0,1,TARGET,90.0,77900.0
2025-06-25 09:50:00,2025-06-25 10:00:00,BUY,25187.35,25194.02,25184.02,75,6.67,450.0,1,TARGET,90.0,78350.0
2025-06-25 10:15:00,2025-06-25 10:25:00,BUY,25191.0,25197.67,25187.67,75,6.67,450.0,1,TARGET,90.0,78800.0
2025-06-25 10:25:00,2025-06-25 10:35:00,BUY,25207.7,25214.37,25204.37,75,6.67,450.0,1,TARGET,90.0,79250.0
2025-06-25 10:35:00,2025-06-25 10:45:00,BUY,25214.05,25220.72,25210.72,75,-3.33,-300.0,1,STOP_LOSS,90.0,78950.0
2025-06-25 10:50:00,2025-06-25 11:00:00,BUY,25212.6,25219.27,25209.27,75,-3.33,-300.0,1,STOP_LOSS,90.0,78650.0
2025-06-26 09:30:00,2025-06-26 09:40:00,SELL,25370.75,25364.08,25374.08,75,6.67,450.0,1,TARGET,90.0,79100.0
2025-06-26 10:00:00,2025-06-26 10:10:00,SELL,25418.35,25411.68,25421.68,75,6.67,450.0,1,TARGET,90.0,79550.0
2025-06-26 14:10:00,2025-06-26 14:20:00,BUY,25515.95,25522.62,25512.62,75,6.67,450.0,1,TARGET,90.0,80000.0
2025-06-26 14:40:00,2025-06-26 14:50:00,BUY,25505.6,25512.27,25502.27,75,6.67,450.0,1,TARGET,90.0,80450.0
2025-06-26 14:50:00,2025-06-26 15:00:00,BUY,25513.25,25519.92,25509.92,75,6.67,450.0,1,TARGET,90.0,80900.0
2025-06-26 15:00:00,2025-06-26 15:10:00,BUY,25560.25,25566.92,25556.92,75,-3.33,-300.0,1,STOP_LOSS,90.0,80600.0
2025-06-27 09:15:00,2025-06-27 09:25:00,BUY,25597.1,25603.77,25593.77,75,-3.33,-300.0,1,STOP_LOSS,90.0,80300.0
2025-06-27 09:30:00,2025-06-27 09:40:00,BUY,25563.8,25570.47,25560.47,75,-3.33,-300.0,1,STOP_LOSS,81.6,80000.0
2025-06-30 09:55:00,2025-06-30 10:05:00,SELL,25558.45,25551.78,25561.78,75,-3.33,-300.0,1,STOP_LOSS,90.0,79700.0
2025-06-30 10:05:00,2025-06-30 10:15:00,SELL,25567.85,25561.18,25571.18,75,-3.33,-300.0,1,STOP_LOSS,90.0,79400.0
2025-07-01 09:30:00,2025-07-01 09:40:00,BUY,25580.65,25587.32,25577.32,75,6.67,450.0,1,TARGET,89.1,79850.0
2025-07-01 09:45:00,2025-07-01 09:55:00,BUY,25590.0,25596.67,25586.67,75,-3.33,-300.0,1,STOP_LOSS,85.0,79550.0
2025-07-01 09:55:00,2025-07-01 10:05:00,BUY,25569.6,25576.27,25566.27,75,-3.33,-300.0,1,STOP_LOSS,90.0,79250.0
2025-07-02 13:25:00,2025-07-02 13:35:00,BUY,25405.35,25412.02,25402.02,75,6.67,450.0,1,TARGET,90.0,79700.0
2025-07-02 14:00:00,2025-07-02 14:10:00,SELL,25403.4,25396.73,25406.73,75,-3.33,-300.0,1,STOP_LOSS,90.0,79400.0
2025-07-03 10:05:00,2025-07-03 10:15:00,BUY,25545.1,25551.77,25541.77,75,6.67,450.0,1,TARGET,90.0,79850.0
2025-07-03 10:30:00,2025-07-03 10:40:00,BUY,25557.1,25563.77,25553.77,75,-3.33,-300.0,1,STOP_LOSS,90.0,79550.0
2025-07-03 12:15:00,2025-07-03 12:25:00,SELL,25489.9,25483.23,25493.23,75,-3.33,-300.0,1,STOP_LOSS,90.0,79250.0
2025-07-04 12:20:00,2025-07-04 12:30:00,SELL,25352.6,25345.93,25355.93,75,-3.33,-300.0,1,STOP_LOSS,90.0,78950.0
2025-07-04 14:35:00,2025-07-04 14:45:00,SELL,25433.45,25426.78,25436.78,75,-3.33,-300.0,1,STOP_LOSS,90.0,78650.0
2025-07-07 09:20:00,2025-07-07 09:30:00,BUY,25449.95,25456.62,25446.62,75,6.67,450.0,1,TARGET,90.0,79100.0
2025-07-07 09:30:00,2025-07-07 09:40:00,BUY,25478.0,25484.67,25474.67,75,-3.33,-300.0,1,STOP_LOSS,90.0,78800.0
2025-07-08 15:05:00,2025-07-08 15:15:00,SELL,25528.0,25521.33,25531.33,75,6.67,450.0,1,TARGET,90.0,79250.0
2025-07-09 14:50:00,2025-07-09 15:00:00,SELL,25446.4,25439.73,25449.73,75,-3.33,-300.0,1,STOP_LOSS,83.9,78950.0
2025-07-10 10:00:00,2025-07-10 10:10:00,SELL,25420.25,25413.58,25423.58,75,6.67,450.0,1,TARGET,90.0,79400.0
2025-07-10 10:10:00,2025-07-10 10:20:00,SELL,25413.05,25406.38,25416.38,75,-3.33,-300.0,1,STOP_LOSS,90.0,79100.0
2025-07-10 10:40:00,2025-07-10 10:50:00,SELL,25412.1,25405.43,25415.43,75,6.67,450.0,1,TARGET,90.0,79550.0
2025-07-10 11:05:00,2025-07-10 11:15:00,BUY,25379.95,25386.62,25376.62,75,6.67,450.0,1,TARGET,80.3,80000.0
2025-07-11 09:30:00,2025-07-11 09:40:00,SELL,25286.85,25280.18,25290.18,75,-3.33,-300.0,1,STOP_LOSS,90.0,79700.0
2025-07-11 09:45:00,2025-07-11 09:55:00,SELL,25297.55,25290.88,25300.88,75,6.67,450.0,1,TARGET,90.0,80150.0
2025-07-11 09:55:00,2025-07-11 10:05:00,SELL,25286.9,25280.23,25290.23,75,6.67,450.0,1,TARGET,90.0,80600.0
2025-07-11 10:10:00,2025-07-11 10:20:00,SELL,25256.75,25250.08,25260.08,75,6.67,450.0,1,TARGET,90.0,81050.0
2025-07-11 10:40:00,2025-07-11 10:50:00,SELL,25210.6,25203.93,25213.93,75,6.67,450.0,1,TARGET,75.8,81500.0
2025-07-11 11:15:00,2025-07-11 11:25:00,SELL,25169.7,25163.03,25173.03,75,6.67,450.0,1,TARGET,90.0,81950.0
2025-07-11 11:40:00,2025-07-11 11:50:00,SELL,25166.5,25159.83,25169.83,75,-3.33,-300.0,1,STOP_LOSS,90.0,81650.0
2025-07-14 09:20:00,2025-07-14 09:30:00,BUY,25056.1,25062.77,25052.77,75,6.67,450.0,1,TARGET,90.0,82100.0
2025-07-14 09:45:00,2025-07-14 09:55:00,SELL,25087.95,25081.28,25091.28,75,-3.33,-300.0,1,STOP_LOSS,90.0,81800.0
2025-07-14 11:15:00,2025-07-14 11:25:00,SELL,25060.1,25053.43,25063.43,75,6.67,450.0,1,TARGET,90.0,82250.0
2025-07-14 11:25:00,2025-07-14 11:35:00,SELL,25036.35,25029.68,25039.68,75,6.67,450.0,1,TARGET,83.2,82700.0
2025-07-14 11:35:00,2025-07-14 11:45:00,SELL,25034.05,25027.38,25037.38,75,-3.33,-300.0,1,STOP_LOSS,81.4,82400.0
2025-07-15 11:20:00,2025-07-15 11:30:00,BUY,25217.4,25224.07,25214.07,75,6.67,450.0,1,TARGET,90.0,82850.0
2025-07-15 11:30:00,2025-07-15 11:40:00,BUY,25224.2,25230.87,25220.87,75,-3.33,-300.0,1,STOP_LOSS,90.0,82550.0
2025-07-15 11:40:00,2025-07-15 11:50:00,BUY,25223.25,25229.92,25219.92,75,-3.33,-300.0,1,STOP_LOSS,90.0,82250.0
2025-07-16 12:45:00,2025-07-16 12:55:00,BUY,25218.75,25225.42,25215.42,75,-3.33,-300.0,1,STOP_LOSS,90.0,81950.0
2025-07-18 09:15:00,2025-07-18 09:25:00,SELL,25086.7,25080.03,25090.03,75,6.67,450.0,1,TARGET,76.4,82400.0
2025-07-18 09:35:00,2025-07-18 09:45:00,SELL,25075.95,25069.28,25079.28,75,6.67,450.0,1,TARGET,79.8,82850.0
2025-07-18 10:20:00,2025-07-18 10:30:00,BUY,24965.25,24971.92,24961.92,75,-3.33,-300.0,1,STOP_LOSS,90.0,82550.0
2025-07-18 10:35:00,2025-07-18 10:45:00,BUY,24952.95,24959.62,24949.62,75,-3.33,-300.0,1,STOP_LOSS,90.0,82250.0
2025-07-21 10:30:00,2025-07-21 10:40:00,BUY,25057.85,25064.52,25054.52,75,-3.33,-300.0,1,STOP_LOSS,90.0,81950.0
2025-07-21 10:55:00,2025-07-21 11:05:00,BUY,25060.2,25066.87,25056.87,75,6.67,450.0,1,TARGET,90.0,82400.0
2025-07-21 11:05:00,2025-07-21 11:15:00,BUY,25074.95,25081.62,25071.62,75,-3.33,-300.0,1,STOP_LOSS,90.0,82100.0
2025-07-22 09:45:00,2025-07-22 09:55:00,BUY,25117.9,25124.57,25114.57,75,-3.33,-300.0,1,STOP_LOSS,90.0,81800.0
2025-07-23 15:00:00,2025-07-23 15:10:00,BUY,25224.9,25231.57,25221.57,75,6.67,450.0,1,TARGET,90.0,82250.0
2025-07-24 11:20:00,2025-07-24 11:30:00,BUY,25114.1,25120.77,25110.77,75,-3.33,-300.0,1,STOP_LOSS,90.0,81950.0
2025-07-24 11:30:00,2025-07-24 11:40:00,BUY,25098.7,25105.37,25095.37,75,-3.33,-300.0,1,STOP_LOSS,90.0,81650.0
2025-07-25 09:30:00,2025-07-25 09:40:00,SELL,24950.0,24943.33,24953.33,75,6.67,450.0,1,TARGET,90.0,82100.0
2025-07-25 09:40:00,2025-07-25 09:50:00,SELL,24926.35,24919.68,24929.68,75,-3.33,-300.0,1,STOP_LOSS,90.0,81800.0
2025-07-25 10:05:00,2025-07-25 10:15:00,SELL,24911.9,24905.23,24915.23,75,6.67,450.0,1,TARGET,90.0,82250.0
2025-07-25 10:25:00,2025-07-25 10:35:00,SELL,24870.65,24863.98,24873.98,75,6.67,450.0,1,TARGET,86.6,82700.0
2025-07-25 10:35:00,2025-07-25 10:45:00,SELL,24852.05,24845.38,24855.38,75,-3.33,-300.0,1,STOP_LOSS,74.4,82400.0
2025-07-28 12:55:00,2025-07-28 13:05:00,SELL,24733.45,24726.78,24736.78,75,6.67,450.0,1,TARGET,89.5,82850.0
2025-07-28 13:10:00,2025-07-28 13:20:00,SELL,24707.6,24700.93,24710.93,75,6.67,450.0,1,TARGET,84.3,83300.0
2025-07-28 13:55:00,2025-07-28 14:05:00,SELL,24676.65,24669.98,24679.98,75,6.67,450.0,1,TARGET,90.0,83750.0
2025-07-28 14:10:00,2025-07-28 14:20:00,SELL,24675.05,24668.38,24678.38,75,-3.33,-300.0,1,STOP_LOSS,90.0,83450.0
2025-07-28 14:25:00,2025-07-28 14:35:00,SELL,24672.7,24666.03,24676.03,75,-3.33,-300.0,1,STOP_LOSS,90.0,83150.0
2025-07-29 14:40:00,2025-07-29 14:50:00,BUY,24791.8,24798.47,24788.47,75,-3.33,-300.0,1,STOP_LOSS,85.8,82850.0
2025-07-30 09:30:00,2025-07-30 09:40:00,BUY,24867.45,24874.12,24864.12,75,6.67,450.0,1,TARGET,90.0,83300.0
2025-07-30 09:40:00,2025-07-30 09:50:00,BUY,24877.2,24883.87,24873.87,75,-3.33,-300.0,1,STOP_LOSS,90.0,83000.0
2025-07-31 09:55:00,2025-07-31 10:05:00,SELL,24694.1,24687.43,24697.43,75,6.67,450.0,1,TARGET,90.0,83450.0
2025-07-31 10:10:00,2025-07-31 10:20:00,SELL,24673.6,24666.93,24676.93,75,6.67,450.0,1,TARGET,90.0,83900.0
2025-07-31 10:25:00,2025-07-31 10:35:00,SELL,24678.4,24671.73,24681.73,75,6.67,450.0,1,TARGET,90.0,84350.0
2025-07-31 11:20:00,2025-07-31 11:30:00,BUY,24787.7,24794.37,24784.37,75,6.67,450.0,1,TARGET,90.0,84800.0
2025-07-31 11:30:00,2025-07-31 11:40:00,BUY,24807.4,24814.07,24804.07,75,6.67,450.0,1,TARGET,90.0,85250.0
2025-07-31 11:40:00,2025-07-31 11:50:00,BUY,24813.9,24820.57,24810.57,75,-3.33,-300.0,1,STOP_LOSS,90.0,84950.0
2025-07-31 12:10:00,2025-07-31 12:20:00,BUY,24819.35,24826.02,24816.02,75,6.67,450.0,1,TARGET,90.0,85400.0
2025-07-31 12:20:00,2025-07-31 12:30:00,BUY,24846.55,24853.22,24843.22,75,6.67,450.0,1,TARGET,90.0,85850.0
2025-07-31 12:30:00,2025-07-31 12:40:00,BUY,24857.0,24863.67,24853.67,75,6.67,450.0,1,TARGET,90.0,86300.0
2025-07-31 12:45:00,2025-07-31 12:55:00,BUY,24868.8,24875.47,24865.47,75,6.67,450.0,1,TARGET,90.0,86750.0
2025-07-31 12:55:00,2025-07-31 13:05:00,BUY,24897.15,24903.82,24893.82,75,-3.33,-300.0,1,STOP_LOSS,90.0,86450.0
2025-08-01 09:35:00,2025-08-01 09:45:00,SELL,24697.8,24691.13,24701.13,75,-3.33,-300.0,1,STOP_LOSS,90.0,86150.0
2025-08-01 09:50:00,2025-08-01 10:00:00,SELL,24697.25,24690.58,24700.58,75,6.67,450.0,1,TARGET,90.0,86600.0
2025-08-01 11:40:00,2025-08-01 11:50:00,SELL,24646.85,24640.18,24650.18,75,-3.33,-300.0,1,STOP_LOSS,89.7,86300.0
2025-08-05 09:40:00,2025-08-05 09:50:00,SELL,24631.9,24625.23,24635.23,75,6.67,450.0,1,TARGET,80.9,86750.0
2025-08-05 10:10:00,2025-08-05 10:20:00,SELL,24618.75,24612.08,24622.08,75,-3.33,-300.0,1,STOP_LOSS,90.0,86450.0
2025-08-05 10:25:00,2025-08-05 10:35:00,SELL,24625.8,24619.13,24629.13,75,6.67,450.0,1,TARGET,90.0,86900.0
2025-08-05 10:40:00,2025-08-05 10:50:00,SELL,24615.85,24609.18,24619.18,75,-3.33,-300.0,1,STOP_LOSS,90.0,86600.0
2025-08-06 10:55:00,2025-08-06 11:05:00,SELL,24556.45,24549.78,24559.78,75,6.67,450.0,1,TARGET,90.0,87050.0
2025-08-06 11:05:00,2025-08-06 11:15:00,SELL,24550.0,24543.33,24553.33,75,-3.33,-300.0,1,STOP_LOSS,90.0,86750.0
2025-08-06 11:15:00,2025-08-06 11:25:00,SELL,24551.25,24544.58,24554.58,75,-3.33,-300.0,1,STOP_LOSS,90.0,86450.0
2025-08-07 09:35:00,2025-08-07 09:45:00,SELL,24517.4,24510.73,24520.73,75,6.67,450.0,1,TARGET,90.0,86900.0
2025-08-07 09:45:00,2025-08-07 09:55:00,SELL,24502.25,24495.58,24505.58,75,6.67,450.0,1,TARGET,90.0,87350.0
2025-08-07 09:55:00,2025-08-07 10:05:00,SELL,24481.35,24474.68,24484.68,75,6.67,450.0,1,TARGET,79.0,87800.0
2025-08-07 10:20:00,2025-08-07 10:30:00,SELL,24479.25,24472.58,24482.58,75,6.67,450.0,1,TARGET,90.0,88250.0
2025-08-07 11:25:00,2025-08-07 11:35:00,SELL,24424.15,24417.48,24427.48,75,-3.33,-300.0,1,STOP_LOSS,87.1,87950.0
2025-08-07 11:40:00,2025-08-07 11:50:00,SELL,24423.7,24417.03,24427.03,75,6.67,450.0,1,TARGET,90.0,88400.0
2025-08-07 13:45:00,2025-08-07 13:55:00,SELL,24377.05,24370.38,24380.38,75,-3.33,-300.0,1,STOP_LOSS,90.0,88100.0
2025-08-08 10:10:00,2025-08-08 10:20:00,SELL,24449.3,24442.63,24452.63,75,-3.33,-300.0,1,STOP_LOSS,90.0,87800.0
2025-08-11 13:40:00,2025-08-11 13:50:00,BUY,24505.65,24512.32,24502.32,75,6.67,450.0,1,TARGET,90.0,88250.0
2025-08-11 13:55:00,2025-08-11 14:05:00,BUY,24520.65,24527.32,24517.32,75,6.67,450.0,1,TARGET,88.5,88700.0
2025-08-12 09:15:00,2025-08-12 09:25:00,BUY,24574.0,24580.67,24570.67,75,6.67,450.0,1,TARGET,90.0,89150.0
2025-08-12 09:25:00,2025-08-12 09:35:00,BUY,24619.25,24625.92,24615.92,75,6.67,450.0,1,TARGET,77.2,89600.0
2025-08-12 10:05:00,2025-08-12 10:15:00,SELL,24689.9,24683.23,24693.23,75,6.67,450.0,1,TARGET,90.0,90050.0
2025-08-12 10:20:00,2025-08-12 10:30:00,BUY,24657.75,24664.42,24654.42,75,-3.33,-300.0,1,STOP_LOSS,90.0,89750.0
2025-08-12 11:05:00,2025-08-12 11:15:00,SELL,24540.25,24533.58,24543.58,75,-3.33,-300.0,1,STOP_LOSS,90.0,89450.0
2025-08-13 09:55:00,2025-08-13 10:05:00,BUY,24598.6,24605.27,24595.27,75,-3.33,-300.0,1,STOP_LOSS,90.0,89150.0
2025-08-13 10:25:00,2025-08-13 10:35:00,BUY,24592.0,24598.67,24588.67,75,-3.33,-300.0,1,STOP_LOSS,90.0,88850.0
2025-08-18 09:20:00,2025-08-18 09:30:00,SELL,24942.2,24935.53,24945.53,75,-3.33,-300.0,1,STOP_LOSS,90.0,88550.0
2025-08-18 09:30:00,2025-08-18 09:40:00,SELL,24988.55,24981.88,24991.88,75,-3.33,-300.0,1,STOP_LOSS,90.0,88250.0
2025-08-19 12:05:00,2025-08-19 12:15:00,BUY,24966.15,24972.82,24962.82,75,6.67,450.0,1,TARGET,90.0,88700.0
2025-08-19 12:35:00,2025-08-19 12:45:00,SELL,25001.8,24995.13,25005.13,75,6.67,450.0,1,TARGET,90.0,89150.0
2025-08-19 14:05:00,2025-08-19 14:15:00,SELL,24939.65,24932.98,24942.98,75,6.67,450.0,1,TARGET,90.0,89600.0
2025-08-20 12:50:00,2025-08-20 13:00:00,BUY,25056.4,25063.07,25053.07,75,-3.33,-300.0,1,STOP_LOSS,86.1,89300.0
2025-08-20 13:10:00,2025-08-20 13:20:00,BUY,25053.3,25059.97,25049.97,75,6.67,450.0,1,TARGET,90.0,89750.0
2025-08-21 10:15:00,2025-08-21 10:25:00,BUY,25123.65,25130.32,25120.32,75,6.67,450.0,1,TARGET,90.0,90200.0
2025-08-21 10:25:00,2025-08-21 10:35:00,BUY,25132.3,25138.97,25128.97,75,6.67,450.0,1,TARGET,90.0,90650.0
2025-08-22 09:15:00,2025-08-22 09:25:00,BUY,25022.5,25029.17,25019.17,75,-3.33,-300.0,1,STOP_LOSS,90.0,90350.0
2025-08-22 09:35:00,2025-08-22 09:45:00,BUY,24964.05,24970.72,24960.72,75,6.67,450.0,1,TARGET,90.0,90800.0
2025-08-22 09:50:00,2025-08-22 10:00:00,BUY,24972.6,24979.27,24969.27,75,-3.33,-300.0,1,STOP_LOSS,90.0,90500.0
2025-08-25 12:40:00,2025-08-25 12:50:00,BUY,24981.35,24988.02,24978.02,75,6.67,450.0,1,TARGET,90.0,90950.0
2025-08-25 13:00:00,2025-08-25 13:10:00,BUY,24993.5,25000.17,24990.17,75,6.67,450.0,1,TARGET,90.0,91400.0
2025-08-25 13:50:00,2025-08-25 14:00:00,BUY,25008.25,25014.92,25004.92,75,-3.33,-300.0,1,STOP_LOSS,75.0,91100.0
2025-08-26 09:20:00,2025-08-26 09:30:00,BUY,24806.05,24812.72,24802.72,75,-3.33,-300.0,1,STOP_LOSS,90.0,90800.0
2025-08-26 09:45:00,2025-08-26 09:55:00,BUY,24775.8,24782.47,24772.47,75,6.67,450.0,1,TARGET,90.0,91250.0
2025-08-26 10:10:00,2025-08-26 10:20:00,SELL,24797.45,24790.78,24800.78,75,-3.33,-300.0,1,STOP_LOSS,90.0,90950.0
2025-08-28 09:25:00,2025-08-28 09:35:00,BUY,24529.05,24535.72,24525.72,75,6.67,450.0,1,TARGET,90.0,91400.0
2025-08-28 09:45:00,2025-08-28 09:55:00,SELL,24559.3,24552.63,24562.63,75,-3.33,-300.0,1,STOP_LOSS,90.0,91100.0
2025-08-28 09:55:00,2025-08-28 10:05:00,SELL,24592.45,24585.78,24595.78,75,-3.33,-300.0,1,STOP_LOSS,90.0,90800.0
2025-09-01 13:00:00,2025-09-01 13:10:00,BUY,24577.9,24584.57,24574.57,75,6.67,450.0,1,TARGET,90.0,91250.0
2025-09-01 13:45:00,2025-09-01 14:00:00,BUY,24596.65,24603.32,24593.32,75,6.67,450.0,2,TARGET,90.0,91700.0
2025-09-01 14:30:00,2025-09-01 14:40:00,BUY,24616.05,24622.72,24612.72,75,6.67,450.0,1,TARGET,90.0,92150.0
2025-09-01 15:05:00,2025-09-01 15:15:00,BUY,24628.85,24635.52,24625.52,75,-3.33,-300.0,1,STOP_LOSS,90.0,91850.0
2025-09-02 09:25:00,2025-09-02 09:35:00,BUY,24653.55,24660.22,24650.22,75,6.67,450.0,1,TARGET,90.0,92300.0
2025-09-02 10:05:00,2025-09-02 10:15:00,SELL,24740.95,24734.28,24744.28,75,6.67,450.0,1,TARGET,90.0,92750.0
2025-09-02 10:25:00,2025-09-02 10:35:00,BUY,24735.7,24742.37,24732.37,75,-3.33,-300.0,1,STOP_LOSS,85.4,92450.0
2025-09-02 10:35:00,2025-09-02 10:45:00,BUY,24721.4,24728.07,24718.07,75,6.67,450.0,1,TARGET,90.0,92900.0
2025-09-02 10:50:00,2025-09-02 11:00:00,BUY,24735.1,24741.77,24731.77,75,6.67,450.0,1,TARGET,90.0,93350.0
2025-09-02 11:05:00,2025-09-02 11:15:00,BUY,24738.7,24745.37,24735.37,75,-3.33,-300.0,1,STOP_LOSS,90.0,93050.0
2025-09-03 14:25:00,2025-09-03 14:35:00,BUY,24667.15,24673.82,24663.82,75,6.67,450.0,1,TARGET,90.0,93500.0
2025-09-03 14:45:00,2025-09-03 14:55:00,BUY,24665.8,24672.47,24662.47,75,6.67,450.0,1,TARGET,90.0,93950.0
2025-09-04 09:35:00,2025-09-04 09:45:00,SELL,24901.15,24894.48,24904.48,75,6.67,450.0,1,TARGET,90.0,94400.0
2025-09-04 10:15:00,2025-09-04 10:25:00,BUY,24857.8,24864.47,24854.47,75,6.67,450.0,1,TARGET,90.0,94850.0
2025-09-04 10:55:00,2025-09-04 11:05:00,SELL,24831.9,24825.23,24835.23,75,6.67,450.0,1,TARGET,90.0,95300.0
2025-09-04 11:05:00,2025-09-04 11:15:00,SELL,24819.05,24812.38,24822.38,75,-3.33,-300.0,1,STOP_LOSS,90.0,95000.0
2025-09-04 11:20:00,2025-09-04 11:30:00,SELL,24802.8,24796.13,24806.13,75,-3.33,-300.0,1,STOP_LOSS,90.0,94700.0
2025-09-05 12:45:00,2025-09-05 12:55:00,SELL,24628.25,24621.58,24631.58,75,-3.33,-300.0,1,STOP_LOSS,90.0,94400.0
2025-09-05 13:00:00,2025-09-05 13:10:00,SELL,24639.05,24632.38,24642.38,75,-3.33,-300.0,1,STOP_LOSS,90.0,94100.0
2025-09-08 10:00:00,2025-09-08 10:10:00,BUY,24826.1,24832.77,24822.77,75,-3.33,-300.0,1,STOP_LOSS,90.0,93800.0
2025-09-08 13:05:00,2025-09-08 13:15:00,BUY,24864.1,24870.77,24860.77,75,6.67,450.0,1,TARGET,90.0,94250.0
2025-09-10 09:25:00,2025-09-10 09:35:00,SELL,24990.65,24983.98,24993.98,75,-3.33,-300.0,1,STOP_LOSS,90.0,93950.0
2025-09-10 09:35:00,2025-09-10 09:45:00,SELL,24994.45,24987.78,24997.78,75,-3.33,-300.0,1,STOP_LOSS,90.0,93650.0
2025-09-12 10:00:00,2025-09-12 10:10:00,BUY,25066.65,25073.32,25063.32,75,6.67,450.0,1,TARGET,90.0,94100.0
2025-09-12 10:20:00,2025-09-12 10:30:00,BUY,25074.3,25080.97,25070.97,75,-3.33,-300.0,1,STOP_LOSS,90.0,93800.0
2025-09-12 11:00:00,2025-09-12 11:10:00,BUY,25088.5,25095.17,25085.17,75,6.67,450.0,1,TARGET,90.0,94250.0
2025-09-12 11:30:00,2025-09-12 11:45:00,SELL,25128.2,25121.53,25131.53,75,6.67,450.0,2,TARGET,90.0,94700.0
2025-09-16 10:25:00,2025-09-16 10:40:00,BUY,25168.3,25174.97,25164.97,75,-3.33,-300.0,2,STOP_LOSS,81.3,94400.0
2025-09-16 12:30:00,2025-09-16 12:40:00,BUY,25195.9,25202.57,25192.57,75,-3.33,-300.0,1,STOP_LOSS,82.9,94100.0
2025-09-17 09:40:00,2025-09-17 09:50:00,SELL,25333.15,25326.48,25336.48,75,6.67,450.0,1,TARGET,90.0,94550.0
2025-09-17 09:55:00,2025-09-17 10:05:00,BUY,25320.05,25326.72,25316.72,75,6.67,450.0,1,TARGET,90.0,95000.0
2025-09-17 10:20:00,2025-09-17 10:30:00,BUY,25326.6,25333.27,25323.27,75,-3.33,-300.0,1,STOP_LOSS,90.0,94700.0
2025-09-17 10:30:00,2025-09-17 10:40:00,BUY,25323.95,25330.62,25320.62,75,-3.33,-300.0,1,STOP_LOSS,90.0,94400.0
2025-09-18 09:25:00,2025-09-18 09:35:00,SELL,25425.1,25418.43,25428.43,75,6.67,450.0,1,TARGET,90.0,94850.0
2025-09-18 10:05:00,2025-09-18 10:15:00,BUY,25423.6,25430.27,25420.27,75,-3.33,-300.0,1,STOP_LOSS,79.5,94550.0
2025-09-18 13:10:00,2025-09-18 13:20:00,SELL,25361.95,25355.28,25365.28,75,6.67,450.0,1,TARGET,90.0,95000.0
2025-09-19 10:15:00,2025-09-19 10:25:00,SELL,25314.7,25308.03,25318.03,75,-3.33,-300.0,1,STOP_LOSS,90.0,94700.0
2025-09-19 10:30:00,2025-09-19 10:40:00,SELL,25319.85,25313.18,25323.18,75,-3.33,-300.0,1,STOP_LOSS,90.0,94400.0
2025-09-22 14:45:00,2025-09-22 14:55:00,BUY,25180.05,25186.72,25176.72,75,6.67,450.0,1,TARGET,90.0,94850.0
2025-09-22 15:05:00,2025-09-22 15:15:00,SELL,25195.2,25188.53,25198.53,75,-3.33,-300.0,1,STOP_LOSS,90.0,94550.0
2025-09-23 10:20:00,2025-09-23 10:30:00,SELL,25118.2,25111.53,25121.53,75,-3.33,-300.0,1,STOP_LOSS,90.0,94250.0
2025-09-23 10:30:00,2025-09-23 10:40:00,SELL,25122.65,25115.98,25125.98,75,-3.33,-300.0,1,STOP_LOSS,90.0,93950.0
2025-09-24 09:30:00,2025-09-24 09:40:00,SELL,25069.1,25062.43,25072.43,75,6.67,450.0,1,TARGET,75.5,94400.0
2025-09-24 09:40:00,2025-09-24 09:50:00,SELL,25060.5,25053.83,25063.83,75,-3.33,-300.0,1,STOP_LOSS,76.4,94100.0
2025-09-24 15:05:00,2025-09-24 15:15:00,SELL,25064.15,25057.48,25067.48,75,6.67,450.0,1,TARGET,90.0,94550.0
2025-09-25 09:15:00,2025-09-25 09:25:00,SELL,25054.4,25047.73,25057.73,75,-3.33,-300.0,1,STOP_LOSS,90.0,94250.0
2025-09-25 10:35:00,2025-09-25 10:45:00,SELL,25013.55,25006.88,25016.88,75,6.67,450.0,1,TARGET,90.0,94700.0
2025-09-25 10:55:00,2025-09-25 11:05:00,SELL,25007.05,25000.38,25010.38,75,-3.33,-300.0,1,STOP_LOSS,90.0,94400.0
2025-09-26 09:35:00,2025-09-26 09:45:00,BUY,24780.15,24786.82,24776.82,75,6.67,450.0,1,TARGET,90.0,94850.0
2025-09-26 09:50:00,2025-09-26 10:00:00,SELL,24806.2,24799.53,24809.53,75,6.67,450.0,1,TARGET,90.0,95300.0
2025-09-26 10:00:00,2025-09-26 10:10:00,SELL,24799.1,24792.43,24802.43,75,6.67,450.0,1,TARGET,90.0,95750.0
2025-09-26 10:10:00,2025-09-26 10:20:00,SELL,24780.5,24773.83,24783.83,75,6.67,450.0,1,TARGET,90.0,96200.0
2025-09-26 11:30:00,2025-09-26 11:40:00,SELL,24752.7,24746.03,24756.03,75,6.67,450.0,1,TARGET,90.0,96650.0
2025-09-26 14:30:00,2025-09-26 14:40:00,SELL,24642.9,24636.23,24646.23,75,-3.33,-300.0,1,STOP_LOSS,90.0,96350.0
2025-09-26 14:50:00,2025-09-26 15:00:00,SELL,24630.35,24623.68,24633.68,75,-3.33,-300.0,1,STOP_LOSS,90.0,96050.0
2025-09-29 09:35:00,2025-09-29 09:45:00,BUY,24736.05,24742.72,24732.72,75,6.67,450.0,1,TARGET,90.0,96500.0
2025-09-29 09:50:00,2025-09-29 10:00:00,BUY,24753.85,24760.52,24750.52,75,6.67,450.0,1,TARGET,90.0,96950.0
2025-09-29 10:10:00,2025-09-29 10:20:00,BUY,24758.4,24765.07,24755.07,75,6.67,450.0,1,TARGET,90.0,97400.0
2025-09-29 10:40:00,2025-09-29 10:50:00,BUY,24763.25,24769.92,24759.92,75,-3.33,-300.0,1,STOP_LOSS,90.0,97100.0
2025-09-29 12:00:00,2025-09-29 12:10:00,SELL,24659.25,24652.58,24662.58,75,6.67,450.0,1,TARGET,90.0,97550.0
2025-09-29 12:10:00,2025-09-29 12:20:00,SELL,24641.7,24635.03,24645.03,75,-3.33,-300.0,1,STOP_LOSS,90.0,97250.0
2025-10-01 12:25:00,2025-10-01 12:35:00,BUY,24777.2,24783.87,24773.87,75,-3.33,-300.0,1,STOP_LOSS,90.0,96950.0
2025-10-01 12:35:00,2025-10-01 12:45:00,BUY,24777.1,24783.77,24773.77,75,-3.33,-300.0,1,STOP_LOSS,90.0,96650.0
2025-10-06 09:15:00,2025-10-06 09:25:00,BUY,24927.05,24933.72,24923.72,75,-3.33,-300.0,1,STOP_LOSS,78.1,96350.0
2025-10-06 09:30:00,2025-10-06 09:40:00,BUY,24910.8,24917.47,24907.47,75,6.67,450.0,1,TARGET,90.0,96800.0
2025-10-06 09:40:00,2025-10-06 09:50:00,BUY,24944.8,24951.47,24941.47,75,6.67,450.0,1,TARGET,90.0,97250.0
2025-10-06 09:55:00,2025-10-06 10:05:00,BUY,24953.6,24960.27,24950.27,75,6.67,450.0,1,TARGET,90.0,97700.0
2025-10-06 10:05:00,2025-10-06 10:15:00,BUY,24959.3,24965.97,24955.97,75,6.67,450.0,1,TARGET,90.0,98150.0
2025-10-06 10:15:00,2025-10-06 10:25:00,BUY,24970.45,24977.12,24967.12,75,6.67,450.0,1,TARGET,86.6,98600.0
2025-10-06 10:30:00,2025-10-06 10:40:00,BUY,24980.3,24986.97,24976.97,75,6.67,450.0,1,TARGET,90.0,99050.0
2025-10-06 10:50:00,2025-10-06 11:00:00,BUY,24981.45,24988.12,24978.12,75,6.67,450.0,1,TARGET,90.0,99500.0
2025-10-06 11:05:00,2025-10-06 11:15:00,BUY,24989.85,24996.52,24986.52,75,6.67,450.0,1,TARGET,90.0,99950.0
2025-10-06 11:20:00,2025-10-06 11:30:00,BUY,24999.2,25005.87,24995.87,75,6.67,450.0,1,TARGET,90.0,100400.0
2025-10-06 13:00:00,2025-10-06 13:10:00,SELL,25048.85,25042.18,25052.18,75,-3.33,-300.0,1,STOP_LOSS,90.0,100100.0
2025-10-07 10:25:00,2025-10-07 10:35:00,BUY,25177.0,25183.67,25173.67,75,6.67,450.0,1,TARGET,90.0,100550.0
2025-10-07 10:35:00,2025-10-07 10:45:00,BUY,25183.45,25190.12,25180.12,75,-3.33,-300.0,1,STOP_LOSS,90.0,100250.0
2025-10-07 11:20:00,2025-10-07 11:30:00,SELL,25102.45,25095.78,25105.78,75,-3.33,-300.0,1,STOP_LOSS,90.0,99950.0
2025-10-08 11:05:00,2025-10-08 11:15:00,SELL,25048.8,25042.13,25052.13,75,6.67,450.0,1,TARGET,78.6,100400.0
2025-10-08 11:25:00,2025-10-08 11:35:00,SELL,25036.4,25029.73,25039.73,75,-3.33,-300.0,1,STOP_LOSS,76.2,100100.0
2025-10-08 11:40:00,2025-10-08 11:50:00,SELL,25038.3,25031.63,25041.63,75,-3.33,-300.0,1,STOP_LOSS,90.0,99800.0
2025-10-10 10:00:00,2025-10-10 10:10:00,BUY,25273.3,25279.97,25269.97,75,-3.33,-300.0,1,STOP_LOSS,90.0,99500.0
2025-10-10 10:10:00,2025-10-10 10:20:00,BUY,25262.45,25269.12,25259.12,75,6.67,450.0,1,TARGET,90.0,99950.0
2025-10-10 10:30:00,2025-10-10 10:40:00,BUY,25282.1,25288.77,25278.77,75,-3.33,-300.0,1,STOP_LOSS,90.0,99650.0
2025-10-13 09:50:00,2025-10-13 10:00:00,SELL,25202.4,25195.73,25205.73,75,6.67,450.0,1,TARGET,90.0,100100.0
2025-10-13 10:00:00,2025-10-13 10:10:00,SELL,25192.2,25185.53,25195.53,75,-3.33,-300.0,1,STOP_LOSS,90.0,99800.0
2025-10-13 10:15:00,2025-10-13 10:25:00,SELL,25187.55,25180.88,25190.88,75,6.67,450.0,1,TARGET,90.0,100250.0
2025-10-14 12:05:00,2025-10-14 12:15:00,SELL,25116.15,25109.48,25119.48,75,-3.33,-300.0,1,STOP_LOSS,90.0,99950.0
2025-10-14 12:25:00,2025-10-14 12:35:00,SELL,25090.35,25083.68,25093.68,75,6.67,450.0,1,TARGET,78.3,100400.0
2025-10-14 12:35:00,2025-10-14 12:45:00,SELL,25077.0,25070.33,25080.33,75,6.67,450.0,1,TARGET,86.6,100850.0
2025-10-14 13:00:00,2025-10-14 13:10:00,SELL,25094.0,25087.33,25097.33,75,6.67,450.0,1,TARGET,90.0,101300.0
2025-10-15 11:20:00,2025-10-15 11:30:00,BUY,25303.65,25310.32,25300.32,75,6.67,450.0,1,TARGET,90.0,101750.0
2025-10-15 13:25:00,2025-10-15 13:35:00,BUY,25349.0,25355.67,25345.67,75,6.67,450.0,1,TARGET,90.0,102200.0
2025-10-15 15:00:00,2025-10-15 15:10:00,SELL,25312.5,25305.83,25315.83,75,-3.33,-300.0,1,STOP_LOSS,90.0,101900.0
2025-10-16 09:30:00,2025-10-16 09:40:00,SELL,25433.35,25426.68,25436.68,75,6.67,450.0,1,TARGET,90.0,102350.0
2025-10-16 10:00:00,2025-10-16 10:10:00,BUY,25443.95,25450.62,25440.62,75,-3.33,-300.0,1,STOP_LOSS,90.0,102050.0
2025-10-16 10:15:00,2025-10-16 10:25:00,BUY,25436.9,25443.57,25433.57,75,6.67,450.0,1,TARGET,90.0,102500.0
2025-10-16 10:25:00,2025-10-16 10:40:00,BUY,25453.25,25459.92,25449.92,75,6.67,450.0,2,TARGET,90.0,102950.0
2025-10-16 10:35:00,2025-10-16 10:45:00,BUY,25456.45,25463.12,25453.12,75,6.67,450.0,1,TARGET,90.0,103400.0
2025-10-16 10:55:00,2025-10-16 11:05:00,BUY,25467.5,25474.17,25464.17,75,-3.33,-300.0,1,STOP_LOSS,90.0,103100.0
2025-10-17 10:30:00,2025-10-17 10:40:00,BUY,25691.1,25697.77,25687.77,75,-3.33,-300.0,1,STOP_LOSS,79.9,102800.0
2025-10-17 10:40:00,2025-10-17 10:50:00,BUY,25689.7,25696.37,25686.37,75,6.67,450.0,1,TARGET,90.0,103250.0
2025-10-17 10:50:00,2025-10-17 11:00:00,BUY,25707.25,25713.92,25703.92,75,6.67,450.0,1,TARGET,75.9,103700.0
2025-10-17 11:35:00,2025-10-17 11:45:00,SELL,25763.3,25756.63,25766.63,75,6.67,450.0,1,TARGET,90.0,104150.0
2025-10-17 11:45:00,2025-10-17 11:55:00,BUY,25753.5,25760.17,25750.17,75,-3.33,-300.0,1,STOP_LOSS,90.0,103850.0
2025-10-23 09:25:00,2025-10-23 09:35:00,SELL,26053.1,26046.43,26056.43,75,-3.33,-300.0,1,STOP_LOSS,90.0,103550.0
2025-10-23 09:35:00,2025-10-23 09:45:00,SELL,26080.25,26073.58,26083.58,75,6.67,450.0,1,TARGET,90.0,104000.0
2025-10-23 09:45:00,2025-10-23 09:55:00,SELL,26072.95,26066.28,26076.28,75,6.67,450.0,1,TARGET,90.0,104450.0
2025-10-23 12:20:00,2025-10-23 12:30:00,BUY,26084.7,26091.37,26081.37,75,6.67,450.0,1,TARGET,90.0,104900.0
2025-10-23 14:00:00,2025-10-23 14:10:00,SELL,25985.2,25978.53,25988.53,75,6.67,450.0,1,TARGET,82.0,105350.0
2025-10-23 14:50:00,2025-10-23 15:00:00,SELL,25967.5,25960.83,25970.83,75,6.67,450.0,1,TARGET,90.0,105800.0
2025-10-24 11:05:00,2025-10-24 11:15:00,SELL,25811.05,25804.38,25814.38,75,-3.33,-300.0,1,STOP_LOSS,90.0,105500.0
2025-10-24 11:15:00,2025-10-24 11:25:00,SELL,25816.35,25809.68,25819.68,75,6.67,450.0,1,TARGET,90.0,105950.0
2025-10-24 11:25:00,2025-10-24 11:35:00,SELL,25801.85,25795.18,25805.18,75,-3.33,-300.0,1,STOP_LOSS,90.0,105650.0
2025-10-27 10:10:00,2025-10-27 10:20:00,SELL,25961.85,25955.18,25965.18,75,-3.33,-300.0,1,STOP_LOSS,90.0,105350.0
2025-10-27 10:40:00,2025-10-27 10:50:00,BUY,25963.5,25970.17,25960.17,75,-3.33,-300.0,1,STOP_LOSS,83.4,105050.0
2025-10-28 10:35:00,2025-10-28 10:45:00,SELL,25870.65,25863.98,25873.98,75,-3.33,-300.0,1,STOP_LOSS,79.1,104750.0
2025-10-28 10:45:00,2025-10-28 10:55:00,SELL,25889.7,25883.03,25893.03,75,6.67,450.0,1,TARGET,90.0,105200.0
2025-10-28 11:30:00,2025-10-28 11:40:00,SELL,25872.5,25865.83,25875.83,75,-3.33,-300.0,1,STOP_LOSS,83.1,104900.0
2025-10-29 09:20:00,2025-10-29 09:30:00,BUY,25988.55,25995.22,25985.22,75,6.67,450.0,1,TARGET,89.8,105350.0
2025-10-29 09:40:00,2025-10-29 09:50:00,BUY,25972.3,25978.97,25968.97,75,6.67,450.0,1,TARGET,90.0,105800.0
2025-10-29 09:50:00,2025-10-29 10:00:00,BUY,25988.2,25994.87,25984.87,75,6.67,450.0,1,TARGET,90.0,106250.0
2025-10-29 10:00:00,2025-10-29 10:10:00,BUY,25995.55,26002.22,25992.22,75,6.67,450.0,1,TARGET,90.0,106700.0
2025-10-29 10:20:00,2025-10-29 10:30:00,BUY,26012.0,26018.67,26008.67,75,6.67,450.0,1,TARGET,90.0,107150.0
2025-10-29 10:40:00,2025-10-29 10:50:00,BUY,26046.15,26052.82,26042.82,75,-3.33,-300.0,1,STOP_LOSS,90.0,106850.0
2025-10-29 10:55:00,2025-10-29 11:05:00,BUY,26041.4,26048.07,26038.07,75,-3.33,-300.0,1,STOP_LOSS,90.0,106550.0
2025-10-30 10:15:00,2025-10-30 10:25:00,SELL,25929.65,25922.98,25932.98,75,-3.33,-300.0,1,STOP_LOSS,90.0,106250.0
2025-10-30 14:00:00,2025-10-30 14:10:00,SELL,25878.35,25871.68,25881.68,75,-3.33,-300.0,1,STOP_LOSS,90.0,105950.0
2025-10-31 10:50:00,2025-10-31 11:00:00,SELL,25805.4,25798.73,25808.73,75,6.67,450.0,1,TARGET,90.0,106400.0
2025-10-31 11:00:00,2025-10-31 11:10:00,SELL,25777.75,25771.08,25781.08,75,6.67,450.0,1,TARGET,90.0,106850.0
2025-10-31 11:10:00,2025-10-31 11:20:00,SELL,25777.2,25770.53,25780.53,75,-3.33,-300.0,1,STOP_LOSS,90.0,106550.0
2025-10-31 11:25:00,2025-10-31 11:35:00,SELL,25777.7,25771.03,25781.03,75,-3.33,-300.0,1,STOP_LOSS,90.0,106250.0
2025-11-03 09:15:00,2025-11-03 09:25:00,SELL,25687.85,25681.18,25691.18,75,6.67,450.0,1,TARGET,90.0,106700.0
2025-11-03 09:30:00,2025-11-03 09:40:00,SELL,25666.95,25660.28,25670.28,75,-3.33,-300.0,1,STOP_LOSS,77.3,106400.0
2025-11-04 14:20:00,2025-11-04 14:30:00,SELL,25613.05,25606.38,25616.38,75,-3.33,-300.0,1,STOP_LOSS,89.0,106100.0
2025-11-04 14:40:00,2025-11-04 14:50:00,SELL,25609.9,25603.23,25613.23,75,6.67,450.0,1,TARGET,90.0,106550.0
2025-11-04 14:50:00,2025-11-04 15:00:00,SELL,25593.25,25586.58,25596.58,75,-3.33,-300.0,1,STOP_LOSS,81.3,106250.0
2025-11-06 10:35:00,2025-11-06 10:45:00,SELL,25524.4,25517.73,25527.73,75,-3.33,-300.0,1,STOP_LOSS,90.0,105950.0
2025-11-07 09:20:00,2025-11-07 09:30:00,BUY,25328.2,25334.87,25324.87,75,6.67,450.0,1,TARGET,90.0,106400.0
2025-11-07 09:50:00,2025-11-07 10:00:00,SELL,25352.45,25345.78,25355.78,75,6.67,450.0,1,TARGET,90.0,106850.0
2025-11-07 10:05:00,2025-11-07 10:15:00,SELL,25334.3,25327.63,25337.63,75,-3.33,-300.0,1,STOP_LOSS,90.0,106550.0
2025-11-07 11:50:00,2025-11-07 12:00:00,BUY,25437.55,25444.22,25434.22,75,6.67,450.0,1,TARGET,90.0,107000.0
2025-11-07 12:00:00,2025-11-07 12:10:00,BUY,25449.55,25456.22,25446.22,75,6.67,450.0,1,TARGET,90.0,107450.0
2025-11-07 12:10:00,2025-11-07 12:20:00,BUY,25454.85,25461.52,25451.52,75,6.67,450.0,1,TARGET,90.0,107900.0
2025-11-07 12:40:00,2025-11-07 12:50:00,BUY,25483.05,25489.72,25479.72,75,6.67,450.0,1,TARGET,90.0,108350.0
2025-11-07 12:55:00,2025-11-07 13:05:00,BUY,25491.5,25498.17,25488.17,75,-3.33,-300.0,1,STOP_LOSS,90.0,108050.0
2025-11-10 09:50:00,2025-11-10 10:00:00,BUY,25592.9,25599.57,25589.57,75,-3.33,-300.0,1,STOP_LOSS,90.0,107750.0
2025-11-10 10:05:00,2025-11-10 10:15:00,BUY,25566.35,25573.02,25563.02,75,6.67,450.0,1,TARGET,90.0,108200.0
2025-11-10 10:15:00,2025-11-10 10:25:00,BUY,25602.45,25609.12,25599.12,75,6.67,450.0,1,TARGET,90.0,108650.0
2025-11-10 10:30:00,2025-11-10 10:40:00,BUY,25618.65,25625.32,25615.32,75,-3.33,-300.0,1,STOP_LOSS,90.0,108350.0
2025-11-11 09:25:00,2025-11-11 09:35:00,BUY,25526.6,25533.27,25523.27,75,-3.33,-300.0,1,STOP_LOSS,90.0,108050.0
2025-11-11 12:25:00,2025-11-11 12:35:00,BUY,25574.3,25580.97,25570.97,75,6.67,450.0,1,TARGET,85.7,108500.0
2025-11-11 12:45:00,2025-11-11 12:55:00,BUY,25581.6,25588.27,25578.27,75,-3.33,-300.0,1,STOP_LOSS,90.0,108200.0
2025-11-12 10:25:00,2025-11-12 10:35:00,BUY,25840.3,25846.97,25836.97,75,6.67,450.0,1,TARGET,90.0,108650.0
2025-11-12 10:35:00,2025-11-12 10:45:00,BUY,25867.2,25873.87,25863.87,75,6.67,450.0,1,TARGET,79.5,109100.0
2025-11-12 10:45:00,2025-11-12 10:55:00,BUY,25874.8,25881.47,25871.47,75,-3.33,-300.0,1,STOP_LOSS,72.1,108800.0
2025-11-12 11:00:00,2025-11-12 11:10:00,BUY,25869.2,25875.87,25865.87,75,6.67,450.0,1,TARGET,90.0,109250.0
2025-11-12 11:45:00,2025-11-12 11:55:00,BUY,25896.3,25902.97,25892.97,75,6.67,450.0,1,TARGET,74.0,109700.0
2025-11-12 12:05:00,2025-11-12 12:15:00,BUY,25899.45,25906.12,25896.12,75,-3.33,-300.0,1,STOP_LOSS,86.6,109400.0
2025-11-13 09:15:00,2025-11-13 09:25:00,SELL,25843.95,25837.28,25847.28,75,-3.33,-300.0,1,STOP_LOSS,90.0,109100.0
2025-11-13 10:40:00,2025-11-13 10:50:00,BUY,25928.45,25935.12,25925.12,75,6.67,450.0,1,TARGET,90.0,109550.0
2025-11-13 10:50:00,2025-11-13 11:00:00,BUY,25943.45,25950.12,25940.12,75,6.67,450.0,1,TARGET,90.0,110000.0
2025-11-13 11:20:00,2025-11-13 11:30:00,BUY,25967.35,25974.02,25964.02,75,-3.33,-300.0,1,STOP_LOSS,81.5,109700.0
2025-11-14 09:50:00,2025-11-14 10:00:00,SELL,25792.35,25785.68,25795.68,75,6.67,450.0,1,TARGET,90.0,110150.0
2025-11-14 10:00:00,2025-11-14 10:10:00,SELL,25774.65,25767.98,25777.98,75,-3.33,-300.0,1,STOP_LOSS,90.0,109850.0
2025-11-14 10:10:00,2025-11-14 10:20:00,SELL,25780.05,25773.38,25783.38,75,-3.33,-300.0,1,STOP_LOSS,90.0,109550.0
2025-11-17 09:25:00,2025-11-17 09:35:00,BUY,25964.55,25971.22,25961.22,75,6.67,450.0,1,TARGET,77.3,110000.0
2025-11-17 09:40:00,2025-11-17 09:50:00,BUY,25971.4,25978.07,25968.07,75,-3.33,-300.0,1,STOP_LOSS,77.5,109700.0
2025-11-17 09:50:00,2025-11-17 10:00:00,BUY,25964.75,25971.42,25961.42,75,-3.33,-300.0,1,STOP_LOSS,90.0,109400.0
2025-11-18 09:50:00,2025-11-18 10:00:00,SELL,25916.45,25909.78,25919.78,75,6.67,450.0,1,TARGET,90.0,109850.0
2025-11-18 10:05:00,2025-11-18 10:15:00,SELL,25902.85,25896.18,25906.18,75,6.67,450.0,1,TARGET,90.0,110300.0
2025-11-18 10:25:00,2025-11-18 10:35:00,SELL,25898.8,25892.13,25902.13,75,6.67,450.0,1,TARGET,90.0,110750.0
2025-11-18 10:50:00,2025-11-18 11:00:00,SELL,25909.05,25902.38,25912.38,75,-3.33,-300.0,1,STOP_LOSS,90.0,110450.0
2025-11-19 09:30:00,2025-11-19 09:40:00,SELL,25886.0,25879.33,25889.33,75,-3.33,-300.0,1,STOP_LOSS,90.0,110150.0
2025-11-19 12:45:00,2025-11-19 12:55:00,BUY,26025.75,26032.42,26022.42,75,-3.33,-300.0,1,STOP_LOSS,75.8,109850.0
2025-11-20 11:05:00,2025-11-20 11:15:00,BUY,26138.05,26144.72,26134.72,75,-3.33,-300.0,1,STOP_LOSS,90.0,109550.0
2025-11-20 11:20:00,2025-11-20 11:30:00,BUY,26137.35,26144.02,26134.02,75,6.67,450.0,1,TARGET,90.0,110000.0
2025-11-20 11:30:00,2025-11-20 11:40:00,BUY,26147.35,26154.02,26144.02,75,-3.33,-300.0,1,STOP_LOSS,90.0,109700.0
2025-11-21 09:15:00,2025-11-21 09:25:00,SELL,26138.75,26132.08,26142.08,75,-3.33,-300.0,1,STOP_LOSS,90.0,109400.0
2025-11-21 09:30:00,2025-11-21 09:40:00,SELL,26151.35,26144.68,26154.68,75,6.67,450.0,1,TARGET,90.0,109850.0
2025-11-21 09:40:00,2025-11-21 09:50:00,SELL,26131.3,26124.63,26134.63,75,6.67,450.0,1,TARGET,90.0,110300.0
2025-11-21 09:50:00,2025-11-21 10:00:00,SELL,26109.15,26102.48,26112.48,75,6.67,450.0,1,TARGET,90.0,110750.0
2025-11-21 10:00:00,2025-11-21 10:10:00,SELL,26094.3,26087.63,26097.63,75,6.67,450.0,1,TARGET,90.0,111200.0
2025-11-21 10:15:00,2025-11-21 10:25:00,SELL,26067.3,26060.63,26070.63,75,-3.33,-300.0,1,STOP_LOSS,75.3,110900.0
2025-11-24 15:00:00,2025-11-24 15:10:00,SELL,25977.2,25970.53,25980.53,75,6.67,450.0,1,TARGET,88.7,111350.0
2025-11-25 09:20:00,2025-11-25 09:30:00,SELL,25955.85,25949.18,25959.18,75,-3.33,-300.0,1,STOP_LOSS,90.0,111050.0
2025-11-25 09:35:00,2025-11-25 09:45:00,SELL,25969.5,25962.83,25972.83,75,6.67,450.0,1,TARGET,84.0,111500.0
2025-11-25 09:45:00,2025-11-25 09:55:00,SELL,25961.15,25954.48,25964.48,75,-3.33,-300.0,1,STOP_LOSS,82.0,111200.0
2025-11-26 10:00:00,2025-11-26 10:10:00,BUY,26087.25,26093.92,26083.92,75,6.67,450.0,1,TARGET,77.0,111650.0
2025-11-26 10:15:00,2025-11-26 10:25:00,BUY,26085.6,26092.27,26082.27,75,-3.33,-300.0,1,STOP_LOSS,90.0,111350.0
2025-11-26 10:30:00,2025-11-26 10:40:00,BUY,26077.95,26084.62,26074.62,75,6.67,450.0,1,TARGET,90.0,111800.0
2025-11-26 10:40:00,2025-11-26 10:50:00,BUY,26091.65,26098.32,26088.32,75,6.67,450.0,1,TARGET,90.0,112250.0
2025-11-26 10:55:00,2025-11-26 11:05:00,BUY,26108.5,26115.17,26105.17,75,6.67,450.0,1,TARGET,90.0,112700.0
2025-11-26 11:15:00,2025-11-26 11:25:00,BUY,26129.95,26136.62,26126.62,75,6.67,450.0,1,TARGET,87.4,113150.0
2025-11-26 11:30:00,2025-11-26 11:40:00,BUY,26135.0,26141.67,26131.67,75,-3.33,-300.0,1,STOP_LOSS,81.8,112850.0
2025-11-27 13:40:00,2025-11-27 13:50:00,SELL,26148.05,26141.38,26151.38,75,-3.33,-300.0,1,STOP_LOSS,85.8,112550.0
2025-12-01 09:45:00,2025-12-01 09:55:00,BUY,26295.8,26302.47,26292.47,75,-3.33,-300.0,1,STOP_LOSS,90.0,112250.0
2025-12-01 10:00:00,2025-12-01 10:10:00,BUY,26279.75,26286.42,26276.42,75,6.67,450.0,1,TARGET,90.0,112700.0
2025-12-01 10:50:00,2025-12-01 11:00:00,SELL,26229.65,26222.98,26232.98,75,-3.33,-300.0,1,STOP_LOSS,90.0,112400.0
2025-12-02 09:25:00,2025-12-02 09:35:00,SELL,26130.2,26123.53,26133.53,75,6.67,450.0,1,TARGET,90.0,112850.0
2025-12-02 09:35:00,2025-12-02 09:45:00,SELL,26108.85,26102.18,26112.18,75,6.67,450.0,1,TARGET,90.0,113300.0
2025-12-02 10:05:00,2025-12-02 10:15:00,SELL,26073.2,26066.53,26076.53,75,6.67,450.0,1,TARGET,74.6,113750.0
2025-12-02 10:35:00,2025-12-02 10:45:00,SELL,26083.1,26076.43,26086.43,75,6.67,450.0,1,TARGET,90.0,114200.0
2025-12-03 10:05:00,2025-12-03 10:15:00,SELL,25908.45,25901.78,25911.78,75,-3.33,-300.0,1,STOP_LOSS,79.1,113900.0
2025-12-03 10:15:00,2025-12-03 10:25:00,SELL,25912.45,25905.78,25915.78,75,-3.33,-300.0,1,STOP_LOSS,90.0,113600.0
2025-12-05 13:00:00,2025-12-05 13:10:00,BUY,26185.65,26192.32,26182.32,75,-3.33,-300.0,1,STOP_LOSS,90.0,113300.0
2025-12-05 13:15:00,2025-12-05 13:25:00,BUY,26189.8,26196.47,26186.47,75,6.67,450.0,1,TARGET,90.0,113750.0
2025-12-05 13:25:00,2025-12-05 13:35:00,BUY,26189.15,26195.82,26185.82,75,6.67,450.0,1,TARGET,77.8,114200.0
2025-12-08 10:15:00,2025-12-08 10:25:00,SELL,26087.3,26080.63,26090.63,75,-3.33,-300.0,1,STOP_LOSS,90.0,113900.0
2025-12-08 10:25:00,2025-12-08 10:35:00,SELL,26097.8,26091.13,26101.13,75,6.67,450.0,1,TARGET,90.0,114350.0
2025-12-08 12:25:00,2025-12-08 12:35:00,SELL,26027.05,26020.38,26030.38,75,6.67,450.0,1,TARGET,90.0,114800.0
2025-12-08 12:40:00,2025-12-08 12:50:00,SELL,26015.75,26009.08,26019.08,75,-3.33,-300.0,1,STOP_LOSS,90.0,114500.0
2025-12-09 09:30:00,2025-12-09 09:40:00,BUY,25772.55,25779.22,25769.22,75,-3.33,-300.0,1,STOP_LOSS,90.0,114200.0
2025-12-09 09:55:00,2025-12-09 10:05:00,BUY,25733.55,25740.22,25730.22,75,6.67,450.0,1,TARGET,90.0,114650.0
