entry_time,exit_time,position,entry_price,exit_price,target_price,stop_loss_price,lot_size,pnl_points,pnl_currency,bars_held,exit_reason,confidence,capital
2024-12-12 10:35:00,2024-12-12 10:40:00,SELL,24611.05,24614.38,24604.38,24614.38,75,-3.33,-300.0,1,STOP_LOSS,90.0,"Rs.24,700"
2024-12-12 10:55:00,2024-12-12 11:00:00,SELL,24602.1,24605.43,24595.43,24605.43,75,-3.33,-300.0,1,STOP_LOSS,90.0,"Rs.24,400"
2024-12-13 09:20:00,2024-12-13 09:25:00,BUY,24419.65,24416.32,24426.32,24416.32,75,-3.33,-300.0,1,STOP_LOSS,90.0,"Rs.24,100"
2024-12-13 09:25:00,2024-12-13 09:30:00,BUY,24419.25,24415.92,24425.92,24415.92,75,-3.33,-300.0,1,STOP_LOSS,90.0,"Rs.23,800"
2024-12-17 10:15:00,2024-12-17 10:55:00,SELL,24504.85,24466.42,24498.18,24508.18,75,38.43,2832.0,8,TRAILING_STOP_7,73.0,"Rs.26,632"
2024-12-17 11:00:00,2024-12-17 11:05:00,SELL,24482.1,24485.43,24475.43,24485.43,75,-3.33,-300.0,1,STOP_LOSS,90.0,"Rs.26,332"
2024-12-17 12:10:00,2024-12-17 12:20:00,SELL,24379.25,24374.54,24372.58,24382.58,75,4.71,303.38,2,TRAILING_STOP_1,90.0,"Rs.26,635"
2024-12-19 09:20:00,2024-12-19 09:25:00,BUY,23909.55,23906.22,23916.22,23906.22,75,-3.33,-300.0,1,STOP_LOSS,90.0,"Rs.26,335"
2024-12-19 09:25:00,2024-12-19 10:10:00,BUY,23885.7,23936.25,23892.37,23882.37,75,50.55,3741.13,9,TRAILING_STOP_8,90.0,"Rs.30,077"
2024-12-19 10:10:00,2024-12-19 10:15:00,SELL,23929.75,23933.08,23923.08,23933.08,75,-3.33,-300.0,1,STOP_LOSS,90.0,"Rs.29,777"
2024-12-20 13:35:00,2024-12-20 13:50:00,SELL,23729.6,23716.43,23722.93,23732.93,75,13.17,938.0,3,TRAILING_STOP_2,90.0,"Rs.30,715"
2024-12-20 14:00:00,2024-12-20 14:15:00,SELL,23700.15,23697.97,23693.48,23703.48,75,2.18,113.25,3,TRAILING_STOP_1,90.0,"Rs.30,828"
2024-12-20 14:30:00,2024-12-20 14:40:00,SELL,23690.6,23686.46,23683.93,23693.93,75,4.14,260.63,2,TRAILING_STOP_1,90.0,"Rs.31,088"
2024-12-20 14:45:00,2024-12-20 15:25:00,SELL,23673.85,23628.43,23667.18,23677.18,75,45.42,3356.25,8,TRAILING_STOP_7,90.0,"Rs.34,445"
2024-12-23 10:05:00,2024-12-23 10:10:00,BUY,23795.95,23792.62,23802.62,23792.62,75,-3.33,-300.0,1,STOP_LOSS,90.0,"Rs.34,145"
2024-12-23 12:35:00,2024-12-23 12:40:00,SELL,23716.65,23719.98,23709.98,23719.98,75,-3.33,-300.0,1,STOP_LOSS,90.0,"Rs.33,845"
2024-12-24 09:15:00,2024-12-24 09:20:00,BUY,23767.95,23764.62,23774.62,23764.62,75,-3.33,-300.0,1,STOP_LOSS,90.0,"Rs.33,545"
2024-12-24 10:25:00,2024-12-24 10:40:00,BUY,23852.8,23849.94,23859.47,23849.47,75,-2.86,-264.75,3,TRAILING_STOP_1,90.0,"Rs.33,280"
2024-12-27 09:25:00,2024-12-27 09:40:00,SELL,23856.1,23848.69,23849.43,23859.43,75,7.41,506.0,3,TRAILING_STOP_2,90.0,"Rs.33,786"
2024-12-27 10:05:00,2024-12-27 10:10:00,SELL,23917.6,23920.93,23910.93,23920.93,75,-3.33,-300.0,1,STOP_LOSS,90.0,"Rs.33,486"
2024-12-27 10:50:00,2024-12-27 11:00:00,BUY,23902.3,23898.97,23908.97,23898.97,75,-3.33,-300.0,2,STOP_LOSS,90.0,"Rs.33,186"
2024-12-30 09:40:00,2024-12-30 10:55:00,BUY,23725.05,23804.65,23731.72,23721.72,75,79.6,5919.63,15,TRAILING_STOP_12,90.0,"Rs.39,106"
2024-12-30 13:00:00,2024-12-30 13:05:00,SELL,23767.2,23770.53,23760.53,23770.53,75,-3.33,-300.0,1,STOP_LOSS,90.0,"Rs.38,806"
2024-12-30 13:05:00,2024-12-30 13:10:00,SELL,23764.9,23768.23,23758.23,23768.23,75,-3.33,-300.0,1,STOP_LOSS,90.0,"Rs.38,506"
2024-12-31 09:40:00,2024-12-31 09:50:00,SELL,23523.4,23517.98,23516.73,23526.73,75,5.42,356.25,2,TRAILING_STOP_1,90.0,"Rs.38,862"
2024-12-31 10:00:00,2024-12-31 10:15:00,SELL,23521.0,23511.91,23514.33,23524.33,75,9.09,632.0,3,TRAILING_STOP_2,90.0,"Rs.39,494"
2024-12-31 10:25:00,2024-12-31 10:30:00,SELL,23507.55,23510.88,23500.88,23510.88,75,-3.33,-300.0,1,STOP_LOSS,87.0,"Rs.39,194"
2024-12-31 14:05:00,2024-12-31 14:10:00,BUY,23687.1,23683.77,23693.77,23683.77,75,-3.33,-300.0,1,STOP_LOSS,80.5,"Rs.38,894"
2025-01-01 11:00:00,2025-01-01 11:25:00,BUY,23741.55,23751.29,23748.22,23738.22,75,9.74,680.38,5,TRAILING_STOP_2,89.3,"Rs.39,574"
2025-01-02 10:20:00,2025-01-02 10:25:00,BUY,23877.85,23874.52,23884.52,23874.52,75,-3.33,-300.0,1,STOP_LOSS,76.5,"Rs.39,274"
2025-01-02 10:35:00,2025-01-02 11:45:00,BUY,23870.95,23951.28,23877.62,23867.62,75,80.33,5974.88,14,TRAILING_STOP_13,90.0,"Rs.45,249"
2025-01-02 11:55:00,2025-01-02 12:10:00,BUY,23937.4,23947.65,23944.07,23934.07,75,10.25,718.63,3,TRAILING_STOP_2,90.0,"Rs.45,968"
2025-01-02 12:30:00,2025-01-02 12:35:00,SELL,24046.75,24050.08,24040.08,24050.08,75,-3.33,-300.0,1,STOP_LOSS,80.8,"Rs.45,668"
2025-01-03 09:45:00,2025-01-03 09:50:00,SELL,24076.25,24079.58,24069.58,24079.58,75,-3.33,-300.0,1,STOP_LOSS,90.0,"Rs.45,368"
2025-01-03 09:50:00,2025-01-03 10:00:00,SELL,24072.75,24076.78,24066.08,24076.08,75,-4.03,-352.5,2,TRAILING_STOP_1,90.0,"Rs.45,015"
2025-01-06 10:50:00,2025-01-06 10:55:00,SELL,23834.85,23838.18,23828.18,23838.18,75,-3.33,-300.0,1,STOP_LOSS,82.3,"Rs.44,715"
2025-01-06 10:55:00,2025-01-06 12:30:00,SELL,23831.5,23711.83,23824.83,23834.83,75,119.67,8925.25,19,TRAILING_STOP_18,82.1,"Rs.53,640"
2025-01-06 14:10:00,2025-01-06 14:15:00,SELL,23623.85,23627.18,23617.18,23627.18,150,-3.33,-550.0,1,STOP_LOSS,90.0,"Rs.53,090"
2025-01-07 09:35:00,2025-01-07 09:45:00,BUY,23780.0,23776.67,23786.67,23776.67,150,-3.33,-550.0,2,STOP_LOSS,90.0,"Rs.52,540"
2025-01-07 09:50:00,2025-01-07 09:55:00,BUY,23687.05,23683.72,23693.72,23683.72,150,-3.33,-550.0,1,STOP_LOSS,90.0,"Rs.51,990"
2025-01-08 12:30:00,2025-01-08 12:35:00,SELL,23510.15,23513.48,23503.48,23513.48,150,-3.33,-550.0,1,STOP_LOSS,90.0,"Rs.51,440"
2025-01-08 12:45:00,2025-01-08 12:50:00,SELL,23519.7,23523.03,23513.03,23523.03,150,-3.33,-550.0,1,STOP_LOSS,90.0,"Rs.50,890"
2025-01-09 11:30:00,2025-01-09 11:35:00,SELL,23553.1,23556.43,23546.43,23556.43,150,-3.33,-550.0,1,STOP_LOSS,90.0,"Rs.50,340"
2025-01-10 11:25:00,2025-01-10 11:40:00,BUY,23554.95,23545.94,23561.62,23551.62,150,-9.01,-1402.0,3,TRAILING_STOP_1,90.0,"Rs.48,938"
2025-01-10 11:45:00,2025-01-10 11:50:00,BUY,23529.05,23525.72,23535.72,23525.72,75,-3.33,-300.0,1,STOP_LOSS,90.0,"Rs.48,638"
2025-01-13 09:35:00,2025-01-13 09:40:00,SELL,23219.75,23223.08,23213.08,23223.08,75,-3.33,-300.0,1,STOP_LOSS,76.2,"Rs.48,338"
2025-01-13 10:05:00,2025-01-13 10:10:00,SELL,23249.85,23253.18,23243.18,23253.18,75,-3.33,-300.0,1,STOP_LOSS,90.0,"Rs.48,038"
2025-01-14 09:45:00,2025-01-14 09:50:00,BUY,23198.35,23195.02,23205.02,23195.02,75,-3.33,-300.0,1,STOP_LOSS,90.0,"Rs.47,738"
2025-01-15 11:05:00,2025-01-15 11:25:00,BUY,23250.95,23254.52,23257.62,23247.62,75,3.57,217.88,4,TRAILING_STOP_1,90.0,"Rs.47,956"
2025-01-16 09:55:00,2025-01-16 10:00:00,BUY,23310.85,23307.52,23317.52,23307.52,75,-3.33,-300.0,1,STOP_LOSS,90.0,"Rs.47,656"
2025-01-20 10:30:00,2025-01-20 10:40:00,BUY,23259.45,23256.12,23266.12,23256.12,75,-3.33,-300.0,2,STOP_LOSS,90.0,"Rs.47,356"
2025-01-20 10:50:00,2025-01-20 10:55:00,BUY,23265.4,23262.07,23272.07,23262.07,75,-3.33,-300.0,1,STOP_LOSS,90.0,"Rs.47,056"
2025-01-21 10:40:00,2025-01-21 10:45:00,SELL,23186.6,23189.93,23179.93,23189.93,75,-3.33,-300.0,1,STOP_LOSS,90.0,"Rs.46,756"
2025-01-21 10:50:00,2025-01-21 11:15:00,SELL,23196.85,23170.71,23190.18,23200.18,75,26.14,1910.25,5,TRAILING_STOP_4,90.0,"Rs.48,667"
2025-01-21 11:20:00,2025-01-21 11:30:00,SELL,23160.25,23156.72,23153.58,23163.58,75,3.53,214.5,2,TRAILING_STOP_1,90.0,"Rs.48,881"
2025-01-21 15:00:00,2025-01-21 15:05:00,SELL,23017.9,23021.23,23011.23,23021.23,75,-3.33,-300.0,1,STOP_LOSS,90.0,"Rs.48,581"
2025-01-22 14:55:00,2025-01-22 15:00:00,BUY,23159.4,23156.07,23166.07,23156.07,75,-3.33,-300.0,1,STOP_LOSS,90.0,"Rs.48,281"
2025-01-22 15:10:00,2025-01-22 15:15:00,BUY,23164.25,23160.92,23170.92,23160.92,75,-3.33,-300.0,1,STOP_LOSS,90.0,"Rs.47,981"
2025-01-23 09:20:00,2025-01-23 09:25:00,BUY,23119.05,23115.72,23125.72,23115.72,75,-3.33,-300.0,1,STOP_LOSS,80.3,"Rs.47,681"
2025-01-23 10:20:00,2025-01-23 10:25:00,BUY,23235.9,23232.57,23242.57,23232.57,75,-3.33,-300.0,1,STOP_LOSS,88.4,"Rs.47,381"
2025-01-24 11:45:00,2025-01-24 11:50:00,BUY,23333.85,23330.52,23340.52,23330.52,75,-3.33,-300.0,1,STOP_LOSS,81.6,"Rs.47,081"
2025-01-24 11:50:00,2025-01-24 11:55:00,BUY,23335.2,23331.87,23341.87,23331.87,75,-3.33,-300.0,1,STOP_LOSS,80.8,"Rs.46,781"
2025-01-27 09:40:00,2025-01-27 09:45:00,SELL,22994.0,22997.33,22987.33,22997.33,75,-3.33,-300.0,1,STOP_LOSS,90.0,"Rs.46,481"
2025-01-27 09:45:00,2025-01-27 10:00:00,SELL,22992.1,22978.85,22985.43,22995.43,75,13.25,943.63,3,TRAILING_STOP_2,90.0,"Rs.47,425"
2025-01-27 10:05:00,2025-01-27 10:10:00,SELL,22973.7,22977.03,22967.03,22977.03,75,-3.33,-300.0,1,STOP_LOSS,90.0,"Rs.47,125"
2025-01-28 11:25:00,2025-01-28 11:30:00,BUY,22971.2,22967.87,22977.87,22967.87,75,-3.33,-300.0,1,STOP_LOSS,90.0,"Rs.46,825"
2025-01-28 11:35:00,2025-01-28 11:55:00,BUY,22995.5,23004.73,23002.17,22992.17,75,9.23,642.12,4,TRAILING_STOP_2,90.0,"Rs.47,467"
2025-01-28 12:00:00,2025-01-28 12:05:00,BUY,23031.9,23028.57,23038.57,23028.57,75,-3.33,-300.0,1,STOP_LOSS,90.0,"Rs.47,167"
2025-01-30 10:40:00,2025-01-30 10:45:00,BUY,23295.65,23292.32,23302.32,23292.32,75,-3.33,-300.0,1,STOP_LOSS,75.5,"Rs.46,867"
2025-01-30 14:25:00,2025-01-30 14:35:00,SELL,23164.85,23158.89,23158.18,23168.18,75,5.96,396.75,2,TRAILING_STOP_1,86.1,"Rs.47,264"
2025-01-30 14:50:00,2025-01-30 14:55:00,SELL,23162.5,23165.83,23155.83,23165.83,75,-3.33,-300.0,1,STOP_LOSS,90.0,"Rs.46,964"
2025-01-31 09:15:00,2025-01-31 10:05:00,BUY,23301.25,23349.65,23307.92,23297.92,75,48.4,3580.25,10,TRAILING_STOP_8,85.0,"Rs.50,544"
2025-01-31 10:10:00,2025-01-31 11:20:00,BUY,23340.2,23426.86,23346.87,23336.87,150,86.66,12949.25,14,TRAILING_STOP_13,90.0,"Rs.63,493"
2025-01-31 12:45:00,2025-01-31 12:50:00,BUY,23468.7,23465.37,23475.37,23465.37,150,-3.33,-550.0,1,STOP_LOSS,90.0,"Rs.62,943"
2025-01-31 12:55:00,2025-01-31 13:00:00,BUY,23480.85,23477.52,23487.52,23477.52,150,-3.33,-550.0,1,STOP_LOSS,88.9,"Rs.62,393"
2025-02-01 09:25:00,2025-02-01 10:30:00,BUY,23506.7,23565.79,23513.37,23503.37,150,59.09,8812.75,13,TRAILING_STOP_9,90.0,"Rs.71,206"
2025-02-01 10:50:00,2025-02-01 10:55:00,BUY,23586.65,23583.32,23593.32,23583.32,150,-3.33,-550.0,1,STOP_LOSS,90.0,"Rs.70,656"
2025-02-01 10:55:00,2025-02-01 11:00:00,BUY,23590.5,23587.17,23597.17,23587.17,150,-3.33,-550.0,1,STOP_LOSS,90.0,"Rs.70,106"
2025-02-03 10:00:00,2025-02-03 10:05:00,SELL,23243.8,23247.13,23237.13,23247.13,150,-3.33,-550.0,1,STOP_LOSS,90.0,"Rs.69,556"
2025-02-03 10:15:00,2025-02-03 10:20:00,SELL,23245.5,23248.83,23238.83,23248.83,150,-3.33,-550.0,1,STOP_LOSS,90.0,"Rs.69,006"
2025-02-04 09:20:00,2025-02-04 09:35:00,SELL,23522.3,23526.14,23515.63,23525.63,150,-3.84,-625.75,3,TRAILING_STOP_1,90.0,"Rs.68,380"
2025-02-04 09:45:00,2025-02-04 11:00:00,SELL,23569.45,23484.39,23562.78,23572.78,150,85.06,12708.5,15,TRAILING_STOP_13,90.0,"Rs.81,089"
2025-02-04 12:10:00,2025-02-04 13:00:00,BUY,23565.4,23604.28,23572.07,23562.07,150,38.88,5781.25,10,TRAILING_STOP_6,90.0,"Rs.86,870"
2025-02-04 13:05:00,2025-02-04 14:00:00,BUY,23626.5,23678.02,23633.17,23623.17,150,51.52,7678.5,11,TRAILING_STOP_8,90.0,"Rs.94,548"
2025-02-04 14:05:00,2025-02-04 14:10:00,BUY,23690.05,23686.72,23696.72,23686.72,150,-3.33,-550.0,1,STOP_LOSS,90.0,"Rs.93,998"
2025-02-05 09:15:00,2025-02-05 09:20:00,BUY,23769.25,23765.92,23775.92,23765.92,150,-3.33,-550.0,1,STOP_LOSS,90.0,"Rs.93,448"
2025-02-05 09:35:00,2025-02-05 09:45:00,BUY,23788.7,23789.12,23795.37,23785.37,150,0.42,13.25,2,TRAILING_STOP_1,90.0,"Rs.93,462"
2025-02-06 11:15:00,2025-02-06 11:20:00,SELL,23600.05,23603.38,23593.38,23603.38,150,-3.33,-550.0,1,STOP_LOSS,90.0,"Rs.92,912"
2025-02-07 11:40:00,2025-02-07 11:45:00,BUY,23683.6,23680.27,23690.27,23680.27,150,-3.33,-550.0,1,STOP_LOSS,90.0,"Rs.92,362"
2025-02-07 14:15:00,2025-02-07 14:20:00,SELL,23449.25,23452.58,23442.58,23452.58,150,-3.33,-550.0,1,STOP_LOSS,81.8,"Rs.91,812"
2025-02-10 10:10:00,2025-02-10 10:20:00,SELL,23373.1,23376.43,23366.43,23376.43,150,-3.33,-550.0,2,STOP_LOSS,90.0,"Rs.91,262"
2025-02-10 10:30:00,2025-02-10 10:35:00,SELL,23371.65,23374.98,23364.98,23374.98,150,-3.33,-550.0,1,STOP_LOSS,90.0,"Rs.90,712"
2025-02-11 10:30:00,2025-02-11 10:35:00,SELL,23272.95,23276.28,23266.28,23276.28,150,-3.33,-550.0,1,STOP_LOSS,90.0,"Rs.90,162"
2025-02-11 10:40:00,2025-02-11 10:45:00,SELL,23259.3,23262.63,23252.63,23262.63,150,-3.33,-550.0,1,STOP_LOSS,90.0,"Rs.89,612"
2025-02-12 09:55:00,2025-02-12 10:05:00,SELL,22840.75,22837.19,22834.08,22844.08,150,3.56,483.5,2,TRAILING_STOP_1,76.3,"Rs.90,095"
2025-02-12 10:40:00,2025-02-12 10:45:00,SELL,22866.65,22869.98,22859.98,22869.98,150,-3.33,-550.0,1,STOP_LOSS,90.0,"Rs.89,545"
2025-02-12 11:20:00,2025-02-12 11:25:00,BUY,22938.55,22935.22,22945.22,22935.22,150,-3.33,-550.0,1,STOP_LOSS,90.0,"Rs.88,995"
2025-02-13 09:50:00,2025-02-13 09:55:00,BUY,23173.3,23169.97,23179.97,23169.97,150,-3.33,-550.0,1,STOP_LOSS,90.0,"Rs.88,445"
2025-02-13 10:00:00,2025-02-13 10:05:00,BUY,23186.65,23183.32,23193.32,23183.32,150,-3.33,-550.0,1,STOP_LOSS,90.0,"Rs.87,895"
2025-02-14 11:00:00,2025-02-14 11:10:00,SELL,22874.1,22875.39,22867.43,22877.43,150,-1.29,-243.25,2,TRAILING_STOP_1,90.0,"Rs.87,652"
2025-02-14 11:15:00,2025-02-14 11:20:00,SELL,22863.25,22866.58,22856.58,22866.58,150,-3.33,-550.0,1,STOP_LOSS,90.0,"Rs.87,102"
2025-02-17 09:50:00,2025-02-17 09:55:00,SELL,22750.15,22753.48,22743.48,22753.48,150,-3.33,-550.0,1,STOP_LOSS,90.0,"Rs.86,552"
2025-02-17 10:00:00,2025-02-17 10:05:00,SELL,22749.85,22753.18,22743.18,22753.18,150,-3.33,-550.0,1,STOP_LOSS,90.0,"Rs.86,002"
2025-02-18 14:35:00,2025-02-18 14:50:00,BUY,22938.65,22951.97,22945.32,22935.32,150,13.32,1948.5,3,TRAILING_STOP_2,90.0,"Rs.87,950"
2025-02-18 15:00:00,2025-02-18 15:15:00,BUY,22951.3,22947.97,22957.97,22947.97,150,-3.33,-550.0,3,STOP_LOSS,90.0,"Rs.87,400"
2025-02-21 09:45:00,2025-02-21 09:50:00,BUY,22827.35,22824.02,22834.02,22824.02,150,-3.33,-550.0,1,STOP_LOSS,90.0,"Rs.86,850"
2025-02-21 09:55:00,2025-02-21 10:00:00,BUY,22813.65,22810.32,22820.32,22810.32,150,-3.33,-550.0,1,STOP_LOSS,90.0,"Rs.86,300"
2025-02-24 10:35:00,2025-02-24 10:40:00,SELL,22558.55,22561.88,22551.88,22561.88,150,-3.33,-550.0,1,STOP_LOSS,83.6,"Rs.85,750"
2025-02-24 10:50:00,2025-02-24 11:05:00,SELL,22571.05,22567.63,22564.38,22574.38,150,3.42,463.25,3,TRAILING_STOP_1,90.0,"Rs.86,214"
2025-02-24 14:05:00,2025-02-24 14:10:00,SELL,22533.55,22536.88,22526.88,22536.88,150,-3.33,-550.0,1,STOP_LOSS,90.0,"Rs.85,664"
2025-02-28 09:20:00,2025-02-28 09:30:00,BUY,22319.75,22312.39,22326.42,22316.42,150,-7.36,-1154.5,2,TRAILING_STOP_1,90.0,"Rs.84,509"
2025-02-28 09:50:00,2025-02-28 09:55:00,BUY,22272.6,22269.27,22279.27,22269.27,150,-3.33,-550.0,1,STOP_LOSS,90.0,"Rs.83,959"
2025-03-03 13:00:00,2025-03-03 13:25:00,BUY,22119.15,22132.55,22125.82,22115.82,150,13.4,1960.0,5,TRAILING_STOP_3,90.0,"Rs.85,919"
2025-03-05 09:25:00,2025-03-05 09:30:00,SELL,22193.3,22196.63,22186.63,22196.63,150,-3.33,-550.0,1,STOP_LOSS,90.0,"Rs.85,369"
2025-03-05 09:30:00,2025-03-05 09:35:00,SELL,22208.95,22212.28,22202.28,22212.28,150,-3.33,-550.0,1,STOP_LOSS,90.0,"Rs.84,819"
2025-03-06 12:50:00,2025-03-06 12:55:00,BUY,22468.8,22465.47,22475.47,22465.47,150,-3.33,-550.0,1,STOP_LOSS,90.0,"Rs.84,269"
2025-03-06 13:00:00,2025-03-06 13:10:00,BUY,22463.8,22469.17,22470.47,22460.47,150,5.37,755.75,2,TRAILING_STOP_1,90.0,"Rs.85,025"
2025-03-06 13:15:00,2025-03-06 13:20:00,BUY,22471.2,22467.87,22477.87,22467.87,150,-3.33,-550.0,1,STOP_LOSS,90.0,"Rs.84,475"
2025-03-07 09:15:00,2025-03-07 09:20:00,BUY,22560.55,22557.22,22567.22,22557.22,150,-3.33,-550.0,1,STOP_LOSS,90.0,"Rs.83,925"
2025-03-10 14:00:00,2025-03-10 14:05:00,SELL,22542.45,22545.78,22535.78,22545.78,150,-3.33,-550.0,1,STOP_LOSS,90.0,"Rs.83,375"
2025-03-10 14:30:00,2025-03-10 14:35:00,BUY,22466.8,22463.47,22473.47,22463.47,150,-3.33,-550.0,1,STOP_LOSS,90.0,"Rs.82,825"
2025-03-11 09:20:00,2025-03-11 09:30:00,BUY,22354.25,22360.67,22360.92,22350.92,150,6.42,913.25,2,TRAILING_STOP_1,90.0,"Rs.83,738"
2025-03-11 09:40:00,2025-03-11 09:45:00,SELL,22362.65,22365.98,22355.98,22365.98,150,-3.33,-550.0,1,STOP_LOSS,90.0,"Rs.83,188"
2025-03-11 09:50:00,2025-03-11 09:55:00,SELL,22382.7,22386.03,22376.03,22386.03,150,-3.33,-550.0,1,STOP_LOSS,90.0,"Rs.82,638"
2025-03-12 11:30:00,2025-03-12 12:05:00,SELL,22379.8,22350.81,22373.13,22383.13,150,28.99,4298.25,7,TRAILING_STOP_5,90.0,"Rs.86,936"
2025-03-12 12:15:00,2025-03-12 12:20:00,SELL,22355.85,22359.18,22349.18,22359.18,150,-3.33,-550.0,1,STOP_LOSS,90.0,"Rs.86,386"
2025-03-12 15:05:00,2025-03-12 15:10:00,BUY,22490.75,22487.42,22497.42,22487.42,150,-3.33,-550.0,1,STOP_LOSS,90.0,"Rs.85,836"
2025-03-13 09:45:00,2025-03-13 10:20:00,BUY,22498.95,22537.06,22505.62,22495.62,150,38.11,5666.5,7,TRAILING_STOP_6,90.0,"Rs.91,503"
2025-03-13 10:25:00,2025-03-13 10:35:00,BUY,22538.5,22535.17,22545.17,22535.17,150,-3.33,-550.0,2,STOP_LOSS,90.0,"Rs.90,953"
2025-03-13 10:40:00,2025-03-13 10:45:00,BUY,22523.8,22520.47,22530.47,22520.47,150,-3.33,-550.0,1,STOP_LOSS,85.4,"Rs.90,403"
2025-03-17 09:30:00,2025-03-17 09:55:00,SELL,22566.1,22546.1,22559.43,22569.43,150,20.0,2950.0,5,TRAILING_STOP_3,90.0,"Rs.93,353"
2025-03-17 09:55:00,2025-03-17 10:00:00,BUY,22546.1,22542.77,22552.77,22542.77,150,-3.33,-550.0,1,STOP_LOSS,90.0,"Rs.92,803"
2025-03-17 10:05:00,2025-03-17 10:10:00,BUY,22538.85,22535.52,22545.52,22535.52,150,-3.33,-550.0,1,STOP_LOSS,90.0,"Rs.92,253"
2025-03-18 09:20:00,2025-03-18 09:30:00,SELL,22653.15,22656.15,22646.48,22656.48,150,-3.0,-499.75,2,TRAILING_STOP_1,90.0,"Rs.91,753"
2025-03-18 09:30:00,2025-03-18 09:35:00,SELL,22678.7,22682.03,22672.03,22682.03,150,-3.33,-550.0,1,STOP_LOSS,90.0,"Rs.91,203"
2025-03-19 09:25:00,2025-03-19 09:30:00,BUY,22848.95,22845.62,22855.62,22845.62,150,-3.33,-550.0,1,STOP_LOSS,90.0,"Rs.90,653"
2025-03-19 09:45:00,2025-03-19 09:50:00,BUY,22872.85,22869.52,22879.52,22869.52,150,-3.33,-550.0,1,STOP_LOSS,90.0,"Rs.90,103"
2025-03-20 09:20:00,2025-03-20 09:25:00,SELL,23058.45,23061.78,23051.78,23061.78,150,-3.33,-550.0,1,STOP_LOSS,90.0,"Rs.89,553"
2025-03-20 09:25:00,2025-03-20 09:30:00,SELL,23065.2,23068.53,23058.53,23068.53,150,-3.33,-550.0,1,STOP_LOSS,90.0,"Rs.89,003"
2025-03-21 10:05:00,2025-03-21 10:10:00,BUY,23269.95,23266.62,23276.62,23266.62,150,-3.33,-550.0,1,STOP_LOSS,90.0,"Rs.88,453"
2025-03-21 10:15:00,2025-03-21 11:40:00,BUY,23259.25,23347.68,23265.92,23255.92,150,88.43,13215.0,17,TRAILING_STOP_14,90.0,Rs.1.02 L
2025-03-21 11:45:00,2025-03-21 11:55:00,BUY,23340.0,23346.32,23346.67,23336.67,300,6.32,1845.0,2,TRAILING_STOP_1,90.0,Rs.1.04 L
2025-03-21 12:00:00,2025-03-21 12:05:00,BUY,23359.65,23356.32,23366.32,23356.32,300,-3.33,-1050.0,1,STOP_LOSS,90.0,Rs.1.02 L
2025-03-24 09:20:00,2025-03-24 09:45:00,SELL,23518.4,23495.01,23511.73,23521.73,300,23.39,6967.5,5,TRAILING_STOP_4,90.0,Rs.1.09 L
2025-03-24 09:45:00,2025-03-24 09:50:00,BUY,23502.65,23499.32,23509.32,23499.32,300,-3.33,-1050.0,1,STOP_LOSS,90.0,Rs.1.08 L
2025-03-24 09:50:00,2025-03-24 11:15:00,BUY,23507.5,23605.93,23514.17,23504.17,300,98.43,29477.5,17,TRAILING_STOP_15,90.0,Rs.1.38 L
2025-03-24 11:20:00,2025-03-24 11:35:00,BUY,23619.5,23618.59,23626.17,23616.17,300,-0.91,-324.0,3,TRAILING_STOP_1,90.0,Rs.1.38 L
2025-03-25 10:15:00,2025-03-25 10:30:00,BUY,23798.2,23802.39,23804.87,23794.87,300,4.19,1206.5,3,TRAILING_STOP_2,90.0,Rs.1.39 L
2025-03-25 11:05:00,2025-03-25 11:10:00,SELL,23686.1,23689.43,23679.43,23689.43,300,-3.33,-1050.0,1,STOP_LOSS,90.0,Rs.1.38 L
2025-03-25 11:20:00,2025-03-25 11:30:00,SELL,23671.75,23670.71,23665.08,23675.08,300,1.04,261.0,2,TRAILING_STOP_1,90.0,Rs.1.38 L
2025-03-25 11:35:00,2025-03-25 11:40:00,SELL,23645.7,23649.03,23639.03,23649.03,300,-3.33,-1050.0,1,STOP_LOSS,90.0,Rs.1.37 L
2025-03-26 14:05:00,2025-03-26 14:10:00,SELL,23550.55,23553.88,23543.88,23553.88,300,-3.33,-1050.0,1,STOP_LOSS,90.0,Rs.1.36 L
2025-03-27 10:05:00,2025-03-27 10:10:00,BUY,23611.9,23608.57,23618.57,23608.57,300,-3.33,-1050.0,1,STOP_LOSS,90.0,Rs.1.35 L
2025-03-27 10:20:00,2025-03-27 10:25:00,BUY,23613.65,23610.32,23620.32,23610.32,300,-3.33,-1050.0,1,STOP_LOSS,90.0,Rs.1.34 L
2025-03-28 13:15:00,2025-03-28 13:20:00,SELL,23485.9,23489.23,23479.23,23489.23,300,-3.33,-1050.0,1,STOP_LOSS,90.0,Rs.1.33 L
2025-03-28 13:25:00,2025-03-28 13:30:00,SELL,23493.95,23497.28,23487.28,23497.28,300,-3.33,-1050.0,1,STOP_LOSS,90.0,Rs.1.32 L
2025-04-01 10:45:00,2025-04-01 10:50:00,SELL,23307.4,23310.73,23300.73,23310.73,300,-3.33,-1050.0,1,STOP_LOSS,90.0,Rs.1.31 L
2025-04-01 10:50:00,2025-04-01 12:10:00,SELL,23305.3,23206.68,23298.63,23308.63,300,98.62,29536.0,16,TRAILING_STOP_15,90.0,Rs.1.60 L
2025-04-01 13:45:00,2025-04-01 13:50:00,SELL,23161.35,23164.68,23154.68,23164.68,300,-3.33,-1050.0,1,STOP_LOSS,90.0,Rs.1.59 L
2025-04-02 11:10:00,2025-04-02 11:15:00,BUY,23287.5,23284.17,23294.17,23284.17,300,-3.33,-1050.0,1,STOP_LOSS,90.0,Rs.1.58 L
2025-04-02 11:20:00,2025-04-02 11:25:00,BUY,23274.45,23271.12,23281.12,23271.12,300,-3.33,-1050.0,1,STOP_LOSS,90.0,Rs.1.57 L
2025-04-04 09:20:00,2025-04-04 09:45:00,BUY,23035.05,23057.39,23041.72,23031.72,300,22.34,6652.5,5,TRAILING_STOP_4,90.0,Rs.1.64 L
2025-04-04 09:45:00,2025-04-04 10:50:00,SELL,23047.3,22969.32,23040.63,23050.63,300,77.98,23342.5,13,TRAILING_STOP_12,79.7,Rs.1.87 L
2025-04-04 13:40:00,2025-04-04 13:50:00,SELL,22903.05,22906.38,22896.38,22906.38,300,-3.33,-1050.0,2,STOP_LOSS,90.0,Rs.1.86 L
2025-04-04 13:55:00,2025-04-04 14:05:00,SELL,22893.6,22890.78,22886.93,22896.93,300,2.82,796.5,2,TRAILING_STOP_1,90.0,Rs.1.87 L
2025-04-04 14:20:00,2025-04-04 15:00:00,SELL,22903.8,22880.0,22897.13,22907.13,300,23.8,7089.5,8,TRAILING_STOP_5,90.0,Rs.1.94 L
2025-04-07 09:25:00,2025-04-07 09:35:00,BUY,22041.85,22044.78,22048.52,22038.52,300,2.93,828.0,2,TRAILING_STOP_1,90.0,Rs.1.95 L
2025-04-07 09:55:00,2025-04-07 10:00:00,SELL,21963.25,21966.58,21956.58,21966.58,300,-3.33,-1050.0,1,STOP_LOSS,71.7,Rs.1.94 L
2025-04-07 10:10:00,2025-04-07 10:15:00,SELL,21918.15,21921.48,21911.48,21921.48,300,-3.33,-1050.0,1,STOP_LOSS,72.6,Rs.1.93 L
2025-04-08 09:20:00,2025-04-08 09:25:00,SELL,22515.15,22518.48,22508.48,22518.48,300,-3.33,-1050.0,1,STOP_LOSS,90.0,Rs.1.91 L
2025-04-08 09:30:00,2025-04-08 11:05:00,SELL,22518.9,22423.57,22512.23,22522.23,300,95.33,28547.5,19,TRAILING_STOP_18,90.0,Rs.2.20 L
2025-04-08 12:10:00,2025-04-08 12:15:00,BUY,22552.3,22548.97,22558.97,22548.97,600,-3.33,-2050.0,1,STOP_LOSS,90.0,Rs.2.18 L
2025-04-09 09:35:00,2025-04-09 09:40:00,SELL,22391.35,22394.68,22384.68,22394.68,600,-3.33,-2050.0,1,STOP_LOSS,90.0,Rs.2.16 L
2025-04-09 09:55:00,2025-04-09 10:00:00,SELL,22387.85,22391.18,22381.18,22391.18,600,-3.33,-2050.0,1,STOP_LOSS,90.0,Rs.2.14 L
2025-04-11 09:20:00,2025-04-11 09:35:00,SELL,22812.1,22812.46,22805.43,22815.43,600,-0.36,-264.0,3,TRAILING_STOP_2,90.0,Rs.2.14 L
2025-04-11 09:50:00,2025-04-11 10:30:00,SELL,22859.7,22813.38,22853.03,22863.03,600,46.32,27740.0,8,TRAILING_STOP_7,90.0,Rs.2.41 L
2025-04-11 11:45:00,2025-04-11 11:50:00,BUY,22878.3,22874.97,22884.97,22874.97,600,-3.33,-2050.0,1,STOP_LOSS,90.0,Rs.2.39 L
2025-04-15 09:20:00,2025-04-15 09:25:00,SELL,23299.9,23303.23,23293.23,23303.23,600,-3.33,-2050.0,1,STOP_LOSS,90.0,Rs.2.37 L
2025-04-15 09:25:00,2025-04-15 09:35:00,SELL,23297.65,23293.85,23290.98,23300.98,600,3.8,2228.0,2,TRAILING_STOP_1,90.0,Rs.2.39 L
2025-04-15 10:05:00,2025-04-15 10:15:00,BUY,23306.85,23303.52,23313.52,23303.52,600,-3.33,-2050.0,2,STOP_LOSS,70.4,Rs.2.37 L
2025-04-16 14:50:00,2025-04-16 14:55:00,BUY,23431.55,23428.22,23438.22,23428.22,600,-3.33,-2050.0,1,STOP_LOSS,90.0,Rs.2.35 L
2025-04-16 15:00:00,2025-04-16 15:05:00,BUY,23437.55,23434.22,23444.22,23434.22,600,-3.33,-2050.0,1,STOP_LOSS,90.0,Rs.2.33 L
2025-04-17 12:55:00,2025-04-17 13:00:00,SELL,23738.35,23741.68,23731.68,23741.68,600,-3.33,-2050.0,1,STOP_LOSS,90.0,Rs.2.31 L
2025-04-17 13:15:00,2025-04-17 13:35:00,SELL,23788.5,23789.41,23781.83,23791.83,600,-0.91,-598.0,4,TRAILING_STOP_1,90.0,Rs.2.31 L
2025-04-21 09:20:00,2025-04-21 09:30:00,SELL,23968.35,23968.12,23961.68,23971.68,600,0.23,86.0,2,TRAILING_STOP_1,85.2,Rs.2.31 L
2025-04-21 10:25:00,2025-04-21 10:35:00,BUY,24045.65,24049.6,24052.32,24042.32,600,3.95,2318.0,2,TRAILING_STOP_1,90.0,Rs.2.33 L
2025-04-21 10:40:00,2025-04-21 10:45:00,BUY,24067.65,24064.32,24074.32,24064.32,600,-3.33,-2050.0,1,STOP_LOSS,90.0,Rs.2.31 L
2025-04-21 10:45:00,2025-04-21 11:30:00,BUY,24071.35,24120.2,24078.02,24068.02,600,48.85,29262.0,9,TRAILING_STOP_8,90.0,Rs.2.60 L
2025-04-21 11:35:00,2025-04-21 11:40:00,BUY,24113.8,24110.47,24120.47,24110.47,600,-3.33,-2050.0,1,STOP_LOSS,90.0,Rs.2.58 L
2025-04-22 10:15:00,2025-04-22 10:20:00,BUY,24198.0,24194.67,24204.67,24194.67,600,-3.33,-2050.0,1,STOP_LOSS,90.0,Rs.2.56 L
2025-04-22 10:20:00,2025-04-22 10:25:00,BUY,24203.35,24200.02,24210.02,24200.02,600,-3.33,-2050.0,1,STOP_LOSS,90.0,Rs.2.54 L
2025-04-23 09:45:00,2025-04-23 09:50:00,BUY,24340.45,24337.12,24347.12,24337.12,600,-3.33,-2050.0,1,STOP_LOSS,90.0,Rs.2.52 L
2025-04-23 14:20:00,2025-04-23 14:25:00,BUY,24308.15,24304.82,24314.82,24304.82,600,-3.33,-2050.0,1,STOP_LOSS,90.0,Rs.2.50 L
2025-04-25 10:20:00,2025-04-25 12:05:00,SELL,24024.0,23891.86,24017.33,24027.33,600,132.14,79233.0,21,TRAILING_STOP_20,90.0,Rs.3.29 L
2025-04-25 12:55:00,2025-04-25 13:00:00,BUY,24026.45,24023.12,24033.12,24023.12,600,-3.33,-2050.0,1,STOP_LOSS,90.0,Rs.3.27 L
2025-04-25 13:05:00,2025-04-25 13:10:00,BUY,24042.0,24038.67,24048.67,24038.67,600,-3.33,-2050.0,1,STOP_LOSS,90.0,Rs.3.25 L
2025-04-28 09:55:00,2025-04-28 10:00:00,BUY,24229.3,24225.97,24235.97,24225.97,600,-3.33,-2050.0,1,STOP_LOSS,90.0,Rs.3.23 L
2025-04-28 10:05:00,2025-04-28 10:20:00,BUY,24265.25,24264.01,24271.92,24261.92,600,-1.24,-796.0,3,TRAILING_STOP_1,90.0,Rs.3.22 L
2025-05-02 09:50:00,2025-05-02 10:15:00,BUY,24556.6,24570.51,24563.27,24553.27,600,13.91,8296.0,5,TRAILING_STOP_3,84.7,Rs.3.31 L
2025-05-02 11:15:00,2025-05-02 12:45:00,SELL,24408.75,24295.55,24402.08,24412.08,600,113.2,67872.0,18,TRAILING_STOP_17,90.0,Rs.3.99 L
2025-05-02 12:50:00,2025-05-02 12:55:00,SELL,24286.65,24289.98,24279.98,24289.98,600,-3.33,-2050.0,1,STOP_LOSS,90.0,Rs.3.96 L
2025-05-02 12:55:00,2025-05-02 13:00:00,SELL,24282.95,24286.28,24276.28,24286.28,600,-3.33,-2050.0,1,STOP_LOSS,90.0,Rs.3.94 L
2025-05-05 10:15:00,2025-05-05 10:20:00,BUY,24485.85,24482.52,24492.52,24482.52,600,-3.33,-2050.0,1,STOP_LOSS,90.0,Rs.3.92 L
2025-05-05 10:25:00,2025-05-05 10:50:00,BUY,24479.55,24502.4,24486.22,24476.22,600,22.85,13661.0,5,TRAILING_STOP_4,90.0,Rs.4.06 L
2025-05-08 13:20:00,2025-05-08 13:35:00,BUY,24355.55,24360.65,24362.22,24352.22,1200,5.1,6074.0,3,TRAILING_STOP_2,90.0,Rs.4.12 L
2025-05-08 13:50:00,2025-05-08 14:00:00,SELL,24340.1,24334.77,24333.43,24343.43,1200,5.33,6342.0,2,TRAILING_STOP_1,90.0,Rs.4.18 L
2025-05-08 14:05:00,2025-05-08 14:15:00,SELL,24331.45,24325.33,24324.78,24334.78,1200,6.12,7296.0,2,TRAILING_STOP_1,90.0,Rs.4.26 L
2025-05-08 14:30:00,2025-05-08 14:35:00,SELL,24340.55,24343.88,24333.88,24343.88,1200,-3.33,-4050.0,1,STOP_LOSS,90.0,Rs.4.22 L
2025-05-08 14:40:00,2025-05-08 15:05:00,SELL,24338.2,24313.61,24331.53,24341.53,1200,24.59,29460.0,5,TRAILING_STOP_4,80.6,Rs.4.51 L
2025-05-09 10:15:00,2025-05-09 10:20:00,SELL,24048.9,24052.23,24042.23,24052.23,1200,-3.33,-4050.0,1,STOP_LOSS,90.0,Rs.4.47 L
2025-05-09 10:25:00,2025-05-09 11:00:00,SELL,24046.7,24007.25,24040.03,24050.03,1200,39.45,47284.0,7,TRAILING_STOP_6,90.0,Rs.4.94 L
2025-05-12 09:20:00,2025-05-12 09:25:00,SELL,24579.95,24583.28,24573.28,24583.28,1200,-3.33,-4050.0,1,STOP_LOSS,90.0,Rs.4.90 L
2025-05-12 09:25:00,2025-05-12 09:30:00,SELL,24595.2,24598.53,24588.53,24598.53,1200,-3.33,-4050.0,1,STOP_LOSS,90.0,Rs.4.86 L
2025-05-13 09:55:00,2025-05-13 10:05:00,SELL,24711.95,24726.56,24705.28,24715.28,1200,-14.61,-17580.0,2,TRAILING_STOP_1,90.0,Rs.4.69 L
2025-05-13 10:10:00,2025-05-13 10:50:00,SELL,24770.85,24726.83,24764.18,24774.18,1200,44.02,52776.0,8,TRAILING_STOP_7,90.0,Rs.5.21 L
2025-05-13 13:25:00,2025-05-13 13:30:00,SELL,24592.1,24595.43,24585.43,24595.43,1200,-3.33,-4050.0,1,STOP_LOSS,90.0,Rs.5.17 L
2025-05-14 10:05:00,2025-05-14 10:25:00,BUY,24743.5,24757.84,24750.17,24740.17,1200,14.35,17164.0,4,TRAILING_STOP_3,90.0,Rs.5.35 L
2025-05-14 12:50:00,2025-05-14 12:55:00,SELL,24573.95,24577.28,24567.28,24577.28,1200,-3.33,-4050.0,1,STOP_LOSS,79.0,Rs.5.31 L
2025-05-15 10:00:00,2025-05-15 10:10:00,SELL,24542.55,24543.63,24535.88,24545.88,1200,-1.08,-1344.0,2,TRAILING_STOP_1,90.0,Rs.5.29 L
2025-05-15 10:15:00,2025-05-15 10:20:00,SELL,24546.6,24549.93,24539.93,24549.93,1200,-3.33,-4050.0,1,STOP_LOSS,90.0,Rs.5.25 L
2025-05-16 09:30:00,2025-05-16 09:35:00,SELL,25009.3,25012.63,25002.63,25012.63,1200,-3.33,-4050.0,1,STOP_LOSS,90.0,Rs.5.21 L
2025-05-16 09:35:00,2025-05-16 09:40:00,SELL,25003.15,25006.48,24996.48,25006.48,1200,-3.33,-4050.0,1,STOP_LOSS,90.0,Rs.5.17 L
2025-05-19 14:20:00,2025-05-19 14:30:00,SELL,24947.0,24941.22,24940.33,24950.33,1200,5.78,6882.0,2,TRAILING_STOP_1,90.0,Rs.5.24 L
2025-05-19 14:40:00,2025-05-19 15:00:00,SELL,24940.2,24933.4,24933.53,24943.53,1200,6.8,8108.0,4,TRAILING_STOP_2,90.0,Rs.5.32 L
2025-05-19 15:05:00,2025-05-19 15:10:00,SELL,24945.25,24948.58,24938.58,24948.58,1200,-3.33,-4050.0,1,STOP_LOSS,90.0,Rs.5.28 L
2025-05-20 10:20:00,2025-05-20 10:25:00,SELL,24890.9,24894.23,24884.23,24894.23,1200,-3.33,-4050.0,1,STOP_LOSS,90.0,Rs.5.24 L
2025-05-20 13:05:00,2025-05-20 13:10:00,BUY,24788.2,24784.87,24794.87,24784.87,1200,-3.33,-4050.0,1,STOP_LOSS,90.0,Rs.5.20 L
2025-05-21 09:45:00,2025-05-21 09:55:00,BUY,24829.25,24829.91,24835.92,24825.92,1200,0.66,744.0,2,TRAILING_STOP_1,90.0,Rs.5.21 L
2025-05-21 10:00:00,2025-05-21 11:00:00,BUY,24832.35,24897.62,24839.02,24829.02,1200,65.27,78272.0,12,TRAILING_STOP_11,90.0,Rs.5.99 L
2025-05-21 11:05:00,2025-05-21 11:10:00,BUY,24902.6,24899.27,24909.27,24899.27,1200,-3.33,-4050.0,1,STOP_LOSS,90.0,Rs.5.95 L
2025-05-21 11:15:00,2025-05-21 11:20:00,BUY,24909.4,24906.07,24916.07,24906.07,1200,-3.33,-4050.0,1,STOP_LOSS,90.0,Rs.5.91 L
2025-05-22 09:20:00,2025-05-22 09:30:00,BUY,24580.55,24575.74,24587.22,24577.22,1200,-4.81,-5826.0,2,TRAILING_STOP_1,90.0,Rs.5.85 L
2025-05-22 09:30:00,2025-05-22 10:25:00,BUY,24548.95,24600.34,24555.62,24545.62,1200,51.39,61618.0,11,TRAILING_STOP_9,90.0,Rs.6.47 L
2025-05-22 12:20:00,2025-05-22 12:25:00,SELL,24552.25,24555.58,24545.58,24555.58,1200,-3.33,-4050.0,1,STOP_LOSS,90.0,Rs.6.43 L
2025-05-23 09:45:00,2025-05-23 09:50:00,SELL,24780.75,24784.08,24774.08,24784.08,1200,-3.33,-4050.0,1,STOP_LOSS,90.0,Rs.6.39 L
2025-05-23 10:35:00,2025-05-23 11:45:00,BUY,24786.95,24848.16,24793.62,24783.62,1200,61.21,73396.0,14,TRAILING_STOP_12,90.0,Rs.7.12 L
2025-05-23 13:20:00,2025-05-23 13:25:00,BUY,24891.95,24888.62,24898.62,24888.62,1200,-3.33,-4050.0,1,STOP_LOSS,90.0,Rs.7.08 L
2025-05-26 09:25:00,2025-05-26 09:30:00,SELL,25040.5,25043.83,25033.83,25043.83,1200,-3.33,-4050.0,1,STOP_LOSS,90.0,Rs.7.04 L
2025-05-26 09:30:00,2025-05-26 09:35:00,SELL,25044.9,25048.23,25038.23,25048.23,1200,-3.33,-4050.0,1,STOP_LOSS,90.0,Rs.7.00 L
2025-05-27 09:25:00,2025-05-27 09:45:00,BUY,24790.45,24802.0,24797.12,24787.12,1200,11.56,13816.0,4,TRAILING_STOP_3,90.0,Rs.7.14 L
2025-05-27 10:10:00,2025-05-27 10:30:00,SELL,24777.1,24762.59,24770.43,24780.43,1200,14.51,17362.0,4,TRAILING_STOP_3,83.9,Rs.7.31 L
2025-05-27 10:40:00,2025-05-27 10:45:00,SELL,24761.3,24764.63,24754.63,24764.63,1200,-3.33,-4050.0,1,STOP_LOSS,90.0,Rs.7.27 L
2025-05-27 11:20:00,2025-05-27 11:45:00,BUY,24946.25,24955.46,24952.92,24942.92,1200,9.22,11008.0,5,TRAILING_STOP_3,90.0,Rs.7.38 L
2025-05-27 11:50:00,2025-05-27 11:55:00,BUY,24946.55,24943.22,24953.22,24943.22,1200,-3.33,-4050.0,1,STOP_LOSS,90.0,Rs.7.34 L
2025-05-29 15:10:00,2025-05-29 15:15:00,SELL,24850.75,24854.08,24844.08,24854.08,1200,-3.33,-4050.0,1,STOP_LOSS,90.0,Rs.7.30 L
2025-05-30 09:20:00,2025-05-30 09:25:00,BUY,24857.85,24854.52,24864.52,24854.52,1200,-3.33,-4050.0,1,STOP_LOSS,90.0,Rs.7.26 L
2025-06-02 09:20:00,2025-06-02 09:30:00,BUY,24549.75,24551.64,24556.42,24546.42,1200,1.89,2220.0,2,TRAILING_STOP_1,90.0,Rs.7.28 L
2025-06-02 09:50:00,2025-06-02 09:55:00,SELL,24586.15,24589.48,24579.48,24589.48,1200,-3.33,-4050.0,1,STOP_LOSS,90.0,Rs.7.24 L
2025-06-02 10:00:00,2025-06-02 10:05:00,SELL,24580.9,24584.23,24574.23,24584.23,1200,-3.33,-4050.0,1,STOP_LOSS,90.0,Rs.7.20 L
2025-06-05 09:25:00,2025-06-05 09:30:00,SELL,24715.5,24718.83,24708.83,24718.83,1200,-3.33,-4050.0,1,STOP_LOSS,90.0,Rs.7.16 L
2025-06-05 09:30:00,2025-06-05 09:35:00,SELL,24737.3,24740.63,24730.63,24740.63,1200,-3.33,-4050.0,1,STOP_LOSS,90.0,Rs.7.12 L
2025-06-06 11:30:00,2025-06-06 11:35:00,BUY,24979.25,24975.92,24985.92,24975.92,1200,-3.33,-4050.0,1,STOP_LOSS,75.2,Rs.7.08 L
2025-06-06 12:05:00,2025-06-06 12:10:00,BUY,25013.7,25010.37,25020.37,25010.37,1200,-3.33,-4050.0,1,STOP_LOSS,72.9,Rs.7.04 L
2025-06-09 09:55:00,2025-06-09 10:05:00,BUY,25100.9,25107.56,25107.57,25097.57,1200,6.66,7944.0,2,TRAILING_STOP_1,90.0,Rs.7.12 L
2025-06-09 10:10:00,2025-06-09 10:15:00,BUY,25119.15,25115.82,25125.82,25115.82,1200,-3.33,-4050.0,1,STOP_LOSS,90.0,Rs.7.08 L
2025-06-09 10:20:00,2025-06-09 10:25:00,BUY,25121.65,25118.32,25128.32,25118.32,1200,-3.33,-4050.0,1,STOP_LOSS,90.0,Rs.7.03 L
2025-06-10 15:00:00,2025-06-10 15:20:00,BUY,25093.75,25105.2,25100.42,25090.42,1200,11.45,13688.0,4,TRAILING_STOP_2,90.0,Rs.7.17 L
2025-06-11 11:05:00,2025-06-11 11:25:00,BUY,25176.65,25188.85,25183.32,25173.32,1200,12.2,14588.0,4,TRAILING_STOP_2,90.0,Rs.7.32 L
2025-06-11 11:45:00,2025-06-11 12:10:00,BUY,25193.4,25206.5,25200.07,25190.07,1200,13.1,15668.0,5,TRAILING_STOP_2,90.0,Rs.7.47 L
2025-06-11 12:20:00,2025-06-11 12:25:00,BUY,25214.8,25211.47,25221.47,25211.47,1200,-3.33,-4050.0,1,STOP_LOSS,90.0,Rs.7.43 L
2025-06-11 14:00:00,2025-06-11 14:10:00,SELL,25133.1,25126.86,25126.43,25136.43,1200,6.24,7440.0,2,TRAILING_STOP_1,90.0,Rs.7.51 L
2025-06-11 14:25:00,2025-06-11 14:30:00,SELL,25142.6,25145.93,25135.93,25145.93,1200,-3.33,-4050.0,1,STOP_LOSS,90.0,Rs.7.47 L
2025-06-12 10:40:00,2025-06-12 10:45:00,SELL,25044.65,25047.98,25037.98,25047.98,1200,-3.33,-4050.0,1,STOP_LOSS,90.0,Rs.7.43 L
2025-06-12 10:50:00,2025-06-12 10:55:00,SELL,25055.65,25058.98,25048.98,25058.98,1200,-3.33,-4050.0,1,STOP_LOSS,90.0,Rs.7.39 L
2025-06-13 09:40:00,2025-06-13 09:50:00,SELL,24621.2,24622.16,24614.53,24624.53,1200,-0.96,-1200.0,2,TRAILING_STOP_1,90.0,Rs.7.37 L
2025-06-13 10:00:00,2025-06-13 10:05:00,SELL,24623.2,24626.53,24616.53,24626.53,1200,-3.33,-4050.0,1,STOP_LOSS,90.0,Rs.7.33 L
2025-06-16 11:25:00,2025-06-16 11:50:00,BUY,24884.15,24908.22,24890.82,24880.82,1200,24.07,28830.0,5,TRAILING_STOP_4,90.0,Rs.7.62 L
2025-06-16 13:25:00,2025-06-16 13:30:00,BUY,24941.3,24937.97,24947.97,24937.97,1200,-3.33,-4050.0,1,STOP_LOSS,90.0,Rs.7.58 L
2025-06-16 13:35:00,2025-06-16 13:40:00,BUY,24952.1,24948.77,24958.77,24948.77,1200,-3.33,-4050.0,1,STOP_LOSS,90.0,Rs.7.54 L
2025-06-17 09:40:00,2025-06-17 09:55:00,SELL,24880.4,24869.27,24873.73,24883.73,1200,11.13,13310.0,3,TRAILING_STOP_2,90.0,Rs.7.67 L
2025-06-17 10:00:00,2025-06-17 10:05:00,SELL,24859.9,24863.23,24853.23,24863.23,1200,-3.33,-4050.0,1,STOP_LOSS,90.0,Rs.7.63 L
2025-06-17 10:05:00,2025-06-17 10:15:00,SELL,24856.55,24859.88,24849.88,24859.88,1200,-3.33,-4050.0,2,STOP_LOSS,90.0,Rs.7.59 L
2025-06-18 11:15:00,2025-06-18 11:40:00,SELL,24823.55,24803.91,24816.88,24826.88,1200,19.64,23518.0,5,TRAILING_STOP_3,90.0,Rs.7.83 L
2025-06-18 11:45:00,2025-06-18 12:00:00,SELL,24802.3,24792.37,24795.63,24805.63,1200,9.93,11870.0,3,TRAILING_STOP_2,90.0,Rs.7.95 L
2025-06-18 12:10:00,2025-06-18 13:00:00,SELL,24816.35,24779.39,24809.68,24819.68,1200,36.96,44296.0,10,TRAILING_STOP_6,83.4,Rs.8.39 L
2025-06-20 10:15:00,2025-06-20 10:55:00,BUY,24958.6,25002.17,24965.27,24955.27,2400,43.57,104522.0,8,TRAILING_STOP_7,75.4,Rs.9.44 L
2025-06-20 11:00:00,2025-06-20 11:15:00,BUY,25009.65,25013.28,25016.32,25006.32,2400,3.63,8666.0,3,TRAILING_STOP_1,90.0,Rs.9.52 L
2025-06-20 11:20:00,2025-06-20 11:25:00,BUY,25010.6,25007.27,25017.27,25007.27,2400,-3.33,-8050.0,1,STOP_LOSS,85.2,Rs.9.44 L
2025-06-20 11:30:00,2025-06-20 11:40:00,BUY,25016.35,25021.93,25023.02,25013.02,2400,5.58,13346.0,2,TRAILING_STOP_1,90.0,Rs.9.58 L
2025-06-20 12:10:00,2025-06-20 12:15:00,BUY,25040.1,25036.77,25046.77,25036.77,2400,-3.33,-8050.0,1,STOP_LOSS,90.0,Rs.9.49 L
2025-06-23 09:55:00,2025-06-23 10:05:00,SELL,24853.65,24848.91,24846.98,24856.98,2400,4.74,11330.0,2,TRAILING_STOP_1,87.5,Rs.9.61 L
2025-06-23 11:20:00,2025-06-23 11:25:00,BUY,24943.5,24940.17,24950.17,24940.17,2400,-3.33,-8050.0,1,STOP_LOSS,90.0,Rs.9.53 L
2025-06-23 13:50:00,2025-06-23 13:55:00,BUY,25018.45,25015.12,25025.12,25015.12,2400,-3.33,-8050.0,1,STOP_LOSS,90.0,Rs.9.45 L
2025-06-24 09:20:00,2025-06-24 09:55:00,SELL,25228.5,25189.85,25221.83,25231.83,2400,38.65,92710.0,7,TRAILING_STOP_6,90.0,Rs.10.37 L
2025-06-24 10:15:00,2025-06-24 10:20:00,BUY,25236.8,25233.47,25243.47,25233.47,2400,-3.33,-8050.0,1,STOP_LOSS,90.0,Rs.10.29 L
2025-06-24 11:25:00,2025-06-24 11:30:00,BUY,25283.5,25280.17,25290.17,25280.17,2400,-3.33,-8050.0,1,STOP_LOSS,88.5,Rs.10.21 L
2025-06-25 09:30:00,2025-06-25 09:35:00,BUY,25179.4,25176.07,25186.07,25176.07,2400,-3.33,-8050.0,1,STOP_LOSS,90.0,Rs.10.13 L
2025-06-25 09:40:00,2025-06-25 09:45:00,BUY,25188.25,25184.92,25194.92,25184.92,2400,-3.33,-8050.0,1,STOP_LOSS,90.0,Rs.10.05 L
2025-06-26 09:30:00,2025-06-26 09:45:00,SELL,25370.75,25365.45,25364.08,25374.08,2400,5.3,12666.0,3,TRAILING_STOP_2,90.0,Rs.10.18 L
2025-06-26 10:00:00,2025-06-26 11:00:00,SELL,25418.35,25345.1,25411.68,25421.68,2400,73.25,175746.0,12,TRAILING_STOP_11,90.0,Rs.11.94 L
2025-06-26 14:10:00,2025-06-26 14:20:00,BUY,25515.95,25519.6,25522.62,25512.62,2400,3.65,8702.0,2,TRAILING_STOP_1,90.0,Rs.12.02 L
2025-06-26 14:40:00,2025-06-26 14:45:00,BUY,25505.6,25502.27,25512.27,25502.27,2400,-3.33,-8050.0,1,STOP_LOSS,90.0,Rs.11.94 L
2025-06-26 14:50:00,2025-06-26 15:25:00,BUY,25513.25,25541.73,25519.92,25509.92,2400,28.48,68298.0,7,TRAILING_STOP_5,90.0,Rs.12.63 L
2025-06-27 09:15:00,2025-06-27 09:20:00,BUY,25597.1,25593.77,25603.77,25593.77,2400,-3.33,-8050.0,1,STOP_LOSS,90.0,Rs.12.55 L
2025-06-27 09:30:00,2025-06-27 09:35:00,BUY,25563.8,25560.47,25570.47,25560.47,2400,-3.33,-8050.0,1,STOP_LOSS,81.6,Rs.12.46 L
2025-06-30 09:55:00,2025-06-30 10:00:00,SELL,25558.45,25561.78,25551.78,25561.78,2400,-3.33,-8050.0,1,STOP_LOSS,90.0,Rs.12.38 L
2025-06-30 10:05:00,2025-06-30 10:10:00,SELL,25567.85,25571.18,25561.18,25571.18,2400,-3.33,-8050.0,1,STOP_LOSS,90.0,Rs.12.30 L
2025-07-01 09:30:00,2025-07-01 09:35:00,BUY,25580.65,25577.32,25587.32,25577.32,2400,-3.33,-8050.0,1,STOP_LOSS,89.1,Rs.12.22 L
2025-07-01 09:35:00,2025-07-01 09:40:00,BUY,25584.2,25580.87,25590.87,25580.87,2400,-3.33,-8050.0,1,STOP_LOSS,84.4,Rs.12.14 L
2025-07-02 13:25:00,2025-07-02 13:30:00,BUY,25405.35,25402.02,25412.02,25402.02,2400,-3.33,-8050.0,1,STOP_LOSS,90.0,Rs.12.06 L
2025-07-02 13:30:00,2025-07-02 13:40:00,BUY,25408.95,25405.62,25415.62,25405.62,2400,-3.33,-8050.0,2,STOP_LOSS,90.0,Rs.11.98 L
2025-07-03 10:05:00,2025-07-03 10:10:00,BUY,25545.1,25541.77,25551.77,25541.77,2400,-3.33,-8050.0,1,STOP_LOSS,90.0,Rs.11.90 L
2025-07-03 10:30:00,2025-07-03 10:35:00,BUY,25557.1,25553.77,25563.77,25553.77,2400,-3.33,-8050.0,1,STOP_LOSS,90.0,Rs.11.82 L
2025-07-04 12:20:00,2025-07-04 12:30:00,SELL,25352.6,25355.93,25345.93,25355.93,2400,-3.33,-8050.0,2,STOP_LOSS,90.0,Rs.11.74 L
2025-07-04 14:35:00,2025-07-04 14:40:00,SELL,25433.45,25436.78,25426.78,25436.78,2400,-3.33,-8050.0,1,STOP_LOSS,90.0,Rs.11.66 L
2025-07-07 09:20:00,2025-07-07 09:25:00,BUY,25449.95,25446.62,25456.62,25446.62,2400,-3.33,-8050.0,1,STOP_LOSS,90.0,Rs.11.58 L
2025-07-07 09:30:00,2025-07-07 09:35:00,BUY,25478.0,25474.67,25484.67,25474.67,2400,-3.33,-8050.0,1,STOP_LOSS,90.0,Rs.11.50 L
2025-07-08 15:05:00,2025-07-08 15:10:00,SELL,25528.0,25531.33,25521.33,25531.33,2400,-3.33,-8050.0,1,STOP_LOSS,90.0,Rs.11.42 L
2025-07-08 15:10:00,2025-07-08 15:25:00,SELL,25536.0,25522.8,25529.33,25539.33,2400,13.2,31638.0,3,TRAILING_STOP_2,90.0,Rs.11.73 L
2025-07-09 14:50:00,2025-07-09 14:55:00,SELL,25446.4,25449.73,25439.73,25449.73,2400,-3.33,-8050.0,1,STOP_LOSS,83.9,Rs.11.65 L
2025-07-10 10:00:00,2025-07-10 10:05:00,SELL,25420.25,25423.58,25413.58,25423.58,2400,-3.33,-8050.0,1,STOP_LOSS,90.0,Rs.11.57 L
2025-07-10 10:10:00,2025-07-10 10:15:00,SELL,25413.05,25416.38,25406.38,25416.38,2400,-3.33,-8050.0,1,STOP_LOSS,90.0,Rs.11.49 L
2025-07-11 09:30:00,2025-07-11 09:35:00,SELL,25286.85,25290.18,25280.18,25290.18,2400,-3.33,-8050.0,1,STOP_LOSS,90.0,Rs.11.41 L
2025-07-11 09:45:00,2025-07-11 09:50:00,SELL,25297.55,25300.88,25290.88,25300.88,2400,-3.33,-8050.0,1,STOP_LOSS,90.0,Rs.11.33 L
2025-07-14 09:20:00,2025-07-14 09:30:00,BUY,25056.1,25060.54,25062.77,25052.77,2400,4.44,10610.0,2,TRAILING_STOP_1,90.0,Rs.11.44 L
2025-07-14 09:45:00,2025-07-14 09:50:00,SELL,25087.95,25091.28,25081.28,25091.28,2400,-3.33,-8050.0,1,STOP_LOSS,90.0,Rs.11.36 L
2025-07-14 11:15:00,2025-07-14 11:45:00,SELL,25060.1,25035.01,25053.43,25063.43,2400,25.09,60158.0,6,TRAILING_STOP_4,90.0,Rs.11.96 L
2025-07-14 11:55:00,2025-07-14 12:00:00,SELL,25034.55,25037.88,25027.88,25037.88,2400,-3.33,-8050.0,1,STOP_LOSS,90.0,Rs.11.88 L
2025-07-15 11:20:00,2025-07-15 11:25:00,BUY,25217.4,25214.07,25224.07,25214.07,2400,-3.33,-8050.0,1,STOP_LOSS,90.0,Rs.11.80 L
2025-07-15 11:30:00,2025-07-15 11:35:00,BUY,25224.2,25220.87,25230.87,25220.87,2400,-3.33,-8050.0,1,STOP_LOSS,90.0,Rs.11.72 L
2025-07-16 12:45:00,2025-07-16 12:50:00,BUY,25218.75,25215.42,25225.42,25215.42,2400,-3.33,-8050.0,1,STOP_LOSS,90.0,Rs.11.64 L
2025-07-18 09:15:00,2025-07-18 09:20:00,SELL,25086.7,25090.03,25080.03,25090.03,2400,-3.33,-8050.0,1,STOP_LOSS,76.4,Rs.11.56 L
2025-07-18 09:35:00,2025-07-18 11:10:00,SELL,25075.95,24956.68,25069.28,25079.28,2400,119.27,286186.0,19,TRAILING_STOP_18,79.8,Rs.14.42 L
2025-07-21 10:30:00,2025-07-21 10:35:00,BUY,25057.85,25054.52,25064.52,25054.52,2400,-3.33,-8050.0,1,STOP_LOSS,90.0,Rs.14.34 L
2025-07-21 10:55:00,2025-07-21 11:00:00,BUY,25060.2,25056.87,25066.87,25056.87,2400,-3.33,-8050.0,1,STOP_LOSS,90.0,Rs.14.26 L
2025-07-22 09:45:00,2025-07-22 09:50:00,BUY,25117.9,25114.57,25124.57,25114.57,2400,-3.33,-8050.0,1,STOP_LOSS,90.0,Rs.14.18 L
2025-07-23 15:00:00,2025-07-23 15:15:00,BUY,25224.9,25221.57,25231.57,25221.57,2400,-3.33,-8050.0,3,STOP_LOSS,90.0,Rs.14.10 L
2025-07-24 11:20:00,2025-07-24 11:25:00,BUY,25114.1,25110.77,25120.77,25110.77,2400,-3.33,-8050.0,1,STOP_LOSS,90.0,Rs.14.02 L
2025-07-24 11:25:00,2025-07-24 11:30:00,BUY,25112.65,25109.32,25119.32,25109.32,2400,-3.33,-8050.0,1,STOP_LOSS,90.0,Rs.13.94 L
2025-07-25 09:30:00,2025-07-25 09:35:00,SELL,24950.0,24953.33,24943.33,24953.33,2400,-3.33,-8050.0,1,STOP_LOSS,90.0,Rs.13.86 L
2025-07-25 09:40:00,2025-07-25 09:45:00,SELL,24926.35,24929.68,24919.68,24929.68,2400,-3.33,-8050.0,1,STOP_LOSS,90.0,Rs.13.77 L
2025-07-28 12:55:00,2025-07-28 13:45:00,SELL,24733.45,24680.92,24726.78,24736.78,2400,52.53,126018.0,10,TRAILING_STOP_8,89.5,Rs.15.04 L
2025-07-28 13:55:00,2025-07-28 14:00:00,SELL,24676.65,24679.98,24669.98,24679.98,2400,-3.33,-8050.0,1,STOP_LOSS,90.0,Rs.14.95 L
2025-07-28 14:00:00,2025-07-28 14:05:00,SELL,24670.75,24674.08,24664.08,24674.08,2400,-3.33,-8050.0,1,STOP_LOSS,90.0,Rs.14.87 L
2025-07-29 14:40:00,2025-07-29 14:45:00,BUY,24791.8,24788.47,24798.47,24788.47,2400,-3.33,-8050.0,1,STOP_LOSS,85.8,Rs.14.79 L
2025-07-30 09:30:00,2025-07-30 09:35:00,BUY,24867.45,24864.12,24874.12,24864.12,2400,-3.33,-8050.0,1,STOP_LOSS,90.0,Rs.14.71 L
2025-07-30 09:40:00,2025-07-30 09:45:00,BUY,24877.2,24873.87,24883.87,24873.87,2400,-3.33,-8050.0,1,STOP_LOSS,90.0,Rs.14.63 L
2025-07-31 09:55:00,2025-07-31 10:15:00,SELL,24694.1,24674.46,24687.43,24697.43,2400,19.64,47086.0,4,TRAILING_STOP_3,90.0,Rs.15.10 L
2025-07-31 10:25:00,2025-07-31 10:35:00,SELL,24678.4,24674.44,24671.73,24681.73,2400,3.96,9458.0,2,TRAILING_STOP_1,90.0,Rs.15.20 L
2025-07-31 11:20:00,2025-07-31 11:25:00,BUY,24787.7,24784.37,24794.37,24784.37,2400,-3.33,-8050.0,1,STOP_LOSS,90.0,Rs.15.12 L
2025-07-31 11:30:00,2025-07-31 11:35:00,BUY,24807.4,24804.07,24814.07,24804.07,2400,-3.33,-8050.0,1,STOP_LOSS,90.0,Rs.15.04 L
2025-08-01 09:35:00,2025-08-01 09:40:00,SELL,24697.8,24701.13,24691.13,24701.13,2400,-3.33,-8050.0,1,STOP_LOSS,90.0,Rs.14.96 L
2025-08-01 09:50:00,2025-08-01 09:55:00,SELL,24697.25,24700.58,24690.58,24700.58,2400,-3.33,-8050.0,1,STOP_LOSS,90.0,Rs.14.88 L
2025-08-05 09:40:00,2025-08-05 10:00:00,SELL,24631.9,24612.68,24625.23,24635.23,2400,19.22,46078.0,4,TRAILING_STOP_3,80.9,Rs.15.34 L
2025-08-05 10:10:00,2025-08-05 10:15:00,SELL,24618.75,24622.08,24612.08,24622.08,2400,-3.33,-8050.0,1,STOP_LOSS,90.0,Rs.15.26 L
2025-08-05 10:25:00,2025-08-05 10:35:00,SELL,24625.8,24622.53,24619.13,24629.13,2400,3.27,7802.0,2,TRAILING_STOP_1,90.0,Rs.15.33 L
2025-08-05 10:40:00,2025-08-05 10:50:00,SELL,24615.85,24619.18,24609.18,24619.18,2400,-3.33,-8050.0,2,STOP_LOSS,90.0,Rs.15.25 L
2025-08-06 10:55:00,2025-08-06 11:00:00,SELL,24556.45,24559.78,24549.78,24559.78,2400,-3.33,-8050.0,1,STOP_LOSS,90.0,Rs.15.17 L
2025-08-06 11:05:00,2025-08-06 11:10:00,SELL,24550.0,24553.33,24543.33,24553.33,2400,-3.33,-8050.0,1,STOP_LOSS,90.0,Rs.15.09 L
2025-08-07 09:35:00,2025-08-07 09:50:00,SELL,24517.4,24504.69,24510.73,24520.73,2400,12.71,30450.0,3,TRAILING_STOP_2,90.0,Rs.15.40 L
2025-08-07 09:55:00,2025-08-07 10:00:00,SELL,24481.35,24484.68,24474.68,24484.68,2400,-3.33,-8050.0,1,STOP_LOSS,79.0,Rs.15.32 L
2025-08-07 10:00:00,2025-08-07 10:05:00,SELL,24476.1,24479.43,24469.43,24479.43,2400,-3.33,-8050.0,1,STOP_LOSS,75.4,Rs.15.24 L
2025-08-08 10:10:00,2025-08-08 10:15:00,SELL,24449.3,24452.63,24442.63,24452.63,2400,-3.33,-8050.0,1,STOP_LOSS,90.0,Rs.15.16 L
2025-08-11 13:40:00,2025-08-11 13:50:00,BUY,24505.65,24510.45,24512.32,24502.32,2400,4.8,11474.0,2,TRAILING_STOP_1,90.0,Rs.15.27 L
2025-08-11 13:55:00,2025-08-11 15:10:00,BUY,24520.65,24586.91,24527.32,24517.32,2400,66.26,158966.0,15,TRAILING_STOP_10,88.5,Rs.16.86 L
2025-08-12 09:15:00,2025-08-12 10:25:00,BUY,24574.0,24641.9,24580.67,24570.67,4800,67.9,325846.0,14,TRAILING_STOP_12,90.0,Rs.20.12 L
2025-08-12 11:05:00,2025-08-12 11:10:00,SELL,24540.25,24543.58,24533.58,24543.58,4800,-3.33,-16050.0,1,STOP_LOSS,90.0,Rs.19.96 L
2025-08-12 11:20:00,2025-08-12 11:35:00,SELL,24573.55,24560.45,24566.88,24576.88,4800,13.1,62822.0,3,TRAILING_STOP_2,90.0,Rs.20.59 L
2025-08-13 09:55:00,2025-08-13 10:00:00,BUY,24598.6,24595.27,24605.27,24595.27,4800,-3.33,-16050.0,1,STOP_LOSS,90.0,Rs.20.43 L
2025-08-13 10:00:00,2025-08-13 10:05:00,BUY,24600.8,24597.47,24607.47,24597.47,4800,-3.33,-16050.0,1,STOP_LOSS,90.0,Rs.20.27 L
2025-08-18 09:20:00,2025-08-18 09:25:00,SELL,24942.2,24945.53,24935.53,24945.53,4800,-3.33,-16050.0,1,STOP_LOSS,90.0,Rs.20.10 L
2025-08-18 09:25:00,2025-08-18 09:30:00,SELL,24963.75,24967.08,24957.08,24967.08,4800,-3.33,-16050.0,1,STOP_LOSS,90.0,Rs.19.94 L
2025-08-19 12:05:00,2025-08-19 12:40:00,BUY,24966.15,24994.99,24972.82,24962.82,4800,28.84,138374.0,7,TRAILING_STOP_5,90.0,Rs.21.33 L
2025-08-19 14:05:00,2025-08-19 14:10:00,SELL,24939.65,24942.98,24932.98,24942.98,4800,-3.33,-16050.0,1,STOP_LOSS,90.0,Rs.21.17 L
2025-08-20 12:50:00,2025-08-20 12:55:00,BUY,25056.4,25053.07,25063.07,25053.07,4800,-3.33,-16050.0,1,STOP_LOSS,86.1,Rs.21.01 L
2025-08-20 12:55:00,2025-08-20 13:00:00,BUY,25058.6,25055.27,25065.27,25055.27,4800,-3.33,-16050.0,1,STOP_LOSS,77.5,Rs.20.85 L
2025-08-21 10:15:00,2025-08-21 10:20:00,BUY,25123.65,25120.32,25130.32,25120.32,4800,-3.33,-16050.0,1,STOP_LOSS,90.0,Rs.20.69 L
2025-08-21 10:25:00,2025-08-21 10:35:00,BUY,25132.3,25138.62,25138.97,25128.97,4800,6.32,30270.0,2,TRAILING_STOP_1,90.0,Rs.20.99 L
2025-08-22 09:15:00,2025-08-22 09:20:00,BUY,25022.5,25019.17,25029.17,25019.17,4800,-3.33,-16050.0,1,STOP_LOSS,90.0,Rs.20.83 L
2025-08-22 09:35:00,2025-08-22 09:55:00,BUY,24964.05,24967.8,24970.72,24960.72,4800,3.75,17958.0,4,TRAILING_STOP_1,90.0,Rs.21.01 L
2025-08-22 11:00:00,2025-08-22 11:10:00,BUY,24912.6,24916.2,24919.27,24909.27,4800,3.6,17238.0,2,TRAILING_STOP_1,90.0,Rs.21.18 L
2025-08-22 11:10:00,2025-08-22 11:20:00,SELL,24909.05,24912.38,24902.38,24912.38,4800,-3.33,-16050.0,2,STOP_LOSS,79.2,Rs.21.02 L
2025-08-25 12:40:00,2025-08-25 13:20:00,BUY,24981.35,24993.19,24988.02,24978.02,4800,11.84,56774.0,8,TRAILING_STOP_2,90.0,Rs.21.59 L
2025-08-25 13:50:00,2025-08-25 13:55:00,BUY,25008.25,25004.92,25014.92,25004.92,4800,-3.33,-16050.0,1,STOP_LOSS,75.0,Rs.21.43 L
2025-08-26 09:20:00,2025-08-26 09:25:00,BUY,24806.05,24802.72,24812.72,24802.72,4800,-3.33,-16050.0,1,STOP_LOSS,90.0,Rs.21.27 L
2025-08-26 09:45:00,2025-08-26 09:50:00,BUY,24775.8,24772.47,24782.47,24772.47,4800,-3.33,-16050.0,1,STOP_LOSS,90.0,Rs.21.11 L
2025-08-28 09:25:00,2025-08-28 09:30:00,BUY,24529.05,24525.72,24535.72,24525.72,4800,-3.33,-16050.0,1,STOP_LOSS,90.0,Rs.20.95 L
2025-08-28 09:45:00,2025-08-28 09:50:00,SELL,24559.3,24562.63,24552.63,24562.63,4800,-3.33,-16050.0,1,STOP_LOSS,90.0,Rs.20.78 L
2025-09-01 13:00:00,2025-09-01 13:20:00,BUY,24577.9,24590.26,24584.57,24574.57,4800,12.36,59294.0,4,TRAILING_STOP_2,90.0,Rs.21.38 L
2025-09-01 13:45:00,2025-09-01 13:50:00,BUY,24596.65,24593.32,24603.32,24593.32,4800,-3.33,-16050.0,1,STOP_LOSS,90.0,Rs.21.22 L
2025-09-01 14:30:00,2025-09-01 14:35:00,BUY,24616.05,24612.72,24622.72,24612.72,4800,-3.33,-16050.0,1,STOP_LOSS,90.0,Rs.21.06 L
2025-09-02 09:25:00,2025-09-02 10:30:00,BUY,24653.55,24724.35,24660.22,24650.22,4800,70.8,339806.0,13,TRAILING_STOP_11,90.0,Rs.24.45 L
2025-09-02 10:35:00,2025-09-02 11:00:00,BUY,24721.4,24733.87,24728.07,24718.07,4800,12.47,59798.0,5,TRAILING_STOP_2,90.0,Rs.25.05 L
2025-09-02 11:05:00,2025-09-02 11:10:00,BUY,24738.7,24735.37,24745.37,24735.37,4800,-3.33,-16050.0,1,STOP_LOSS,90.0,Rs.24.89 L
2025-09-02 14:05:00,2025-09-02 14:10:00,BUY,24564.6,24561.27,24571.27,24561.27,4800,-3.33,-16050.0,1,STOP_LOSS,90.0,Rs.24.73 L
2025-09-03 14:25:00,2025-09-03 14:35:00,BUY,24667.15,24673.75,24673.82,24663.82,4800,6.6,31638.0,2,TRAILING_STOP_1,90.0,Rs.25.05 L
2025-09-03 14:45:00,2025-09-04 10:40:00,BUY,24665.8,24823.01,24672.47,24662.47,4800,157.21,754558.0,26,TRAILING_STOP_24,90.0,Rs.32.59 L
2025-09-04 10:55:00,2025-09-04 11:00:00,SELL,24831.9,24835.23,24825.23,24835.23,9600,-3.33,-32050.0,1,STOP_LOSS,90.0,Rs.32.27 L
2025-09-04 11:00:00,2025-09-04 11:25:00,SELL,24827.25,24816.9,24820.58,24830.58,9600,10.35,99342.0,5,TRAILING_STOP_2,90.0,Rs.33.27 L
2025-09-05 12:45:00,2025-09-05 12:50:00,SELL,24628.25,24631.58,24621.58,24631.58,9600,-3.33,-32050.0,1,STOP_LOSS,90.0,Rs.32.95 L
2025-09-05 13:00:00,2025-09-05 13:05:00,SELL,24639.05,24642.38,24632.38,24642.38,9600,-3.33,-32050.0,1,STOP_LOSS,90.0,Rs.32.63 L
2025-09-08 10:00:00,2025-09-08 10:05:00,BUY,24826.1,24822.77,24832.77,24822.77,9600,-3.33,-32050.0,1,STOP_LOSS,90.0,Rs.32.31 L
2025-09-08 13:05:00,2025-09-08 13:10:00,BUY,24864.1,24860.77,24870.77,24860.77,9600,-3.33,-32050.0,1,STOP_LOSS,90.0,Rs.31.98 L
2025-09-10 09:25:00,2025-09-10 09:35:00,SELL,24990.65,24993.98,24983.98,24993.98,4800,-3.33,-16050.0,2,STOP_LOSS,90.0,Rs.31.82 L
2025-09-10 09:35:00,2025-09-10 09:40:00,SELL,24994.45,24997.78,24987.78,24997.78,4800,-3.33,-16050.0,1,STOP_LOSS,90.0,Rs.31.66 L
2025-09-12 10:00:00,2025-09-12 10:15:00,BUY,25066.65,25071.68,25073.32,25063.32,4800,5.03,24078.0,3,TRAILING_STOP_1,90.0,Rs.31.90 L
2025-09-12 10:20:00,2025-09-12 10:25:00,BUY,25074.3,25070.97,25080.97,25070.97,4800,-3.33,-16050.0,1,STOP_LOSS,90.0,Rs.31.74 L
2025-09-12 11:00:00,2025-09-12 11:40:00,BUY,25088.5,25127.8,25095.17,25085.17,4800,39.3,188566.0,8,TRAILING_STOP_6,90.0,Rs.33.63 L
2025-09-16 10:25:00,2025-09-16 10:30:00,BUY,25168.3,25164.97,25174.97,25164.97,9600,-3.33,-32050.0,1,STOP_LOSS,81.3,Rs.33.31 L
2025-09-16 10:30:00,2025-09-16 10:40:00,BUY,25170.7,25167.37,25177.37,25167.37,9600,-3.33,-32050.0,2,STOP_LOSS,75.0,Rs.32.99 L
2025-09-17 09:40:00,2025-09-17 09:55:00,SELL,25333.15,25319.89,25326.48,25336.48,9600,13.26,127278.0,3,TRAILING_STOP_2,90.0,Rs.34.26 L
2025-09-17 09:55:00,2025-09-17 10:00:00,BUY,25320.05,25316.72,25326.72,25316.72,9600,-3.33,-32050.0,1,STOP_LOSS,90.0,Rs.33.94 L
2025-09-17 10:00:00,2025-09-17 10:05:00,BUY,25326.45,25323.12,25333.12,25323.12,9600,-3.33,-32050.0,1,STOP_LOSS,90.0,Rs.33.62 L
2025-09-18 09:25:00,2025-09-18 09:40:00,SELL,25425.1,25420.36,25418.43,25428.43,9600,4.74,45470.0,3,TRAILING_STOP_1,90.0,Rs.34.08 L
2025-09-18 10:05:00,2025-09-18 10:10:00,BUY,25423.6,25420.27,25430.27,25420.27,9600,-3.33,-32050.0,1,STOP_LOSS,79.5,Rs.33.75 L
2025-09-18 13:10:00,2025-09-18 13:20:00,SELL,25361.95,25365.28,25355.28,25365.28,9600,-3.33,-32050.0,2,STOP_LOSS,90.0,Rs.33.43 L
2025-09-19 10:15:00,2025-09-19 10:20:00,SELL,25314.7,25318.03,25308.03,25318.03,9600,-3.33,-32050.0,1,STOP_LOSS,90.0,Rs.33.11 L
2025-09-19 10:30:00,2025-09-19 10:35:00,SELL,25319.85,25323.18,25313.18,25323.18,9600,-3.33,-32050.0,1,STOP_LOSS,90.0,Rs.32.79 L
2025-09-22 14:45:00,2025-09-22 15:05:00,BUY,25180.05,25198.6,25186.72,25176.72,9600,18.55,177982.0,4,TRAILING_STOP_3,90.0,Rs.34.57 L
2025-09-22 15:05:00,2025-09-22 15:10:00,SELL,25195.2,25198.53,25188.53,25198.53,9600,-3.33,-32050.0,1,STOP_LOSS,90.0,Rs.34.25 L
2025-09-23 10:20:00,2025-09-23 10:25:00,SELL,25118.2,25121.53,25111.53,25121.53,9600,-3.33,-32050.0,1,STOP_LOSS,90.0,Rs.33.93 L
2025-09-23 10:30:00,2025-09-23 10:35:00,SELL,25122.65,25125.98,25115.98,25125.98,9600,-3.33,-32050.0,1,STOP_LOSS,90.0,Rs.33.61 L
2025-09-24 09:30:00,2025-09-24 09:35:00,SELL,25069.1,25072.43,25062.43,25072.43,9600,-3.33,-32050.0,1,STOP_LOSS,75.5,Rs.33.29 L
2025-09-24 09:40:00,2025-09-24 09:45:00,SELL,25060.5,25063.83,25053.83,25063.83,9600,-3.33,-32050.0,1,STOP_LOSS,76.4,Rs.32.97 L
2025-09-25 09:15:00,2025-09-25 09:20:00,SELL,25054.4,25057.73,25047.73,25057.73,9600,-3.33,-32050.0,1,STOP_LOSS,90.0,Rs.32.65 L
2025-09-25 10:35:00,2025-09-25 10:40:00,SELL,25013.55,25016.88,25006.88,25016.88,9600,-3.33,-32050.0,1,STOP_LOSS,90.0,Rs.32.33 L
2025-09-26 09:35:00,2025-09-26 09:40:00,BUY,24780.15,24776.82,24786.82,24776.82,9600,-3.33,-32050.0,1,STOP_LOSS,90.0,Rs.32.01 L
2025-09-26 09:40:00,2025-09-26 10:00:00,BUY,24781.9,24801.06,24788.57,24778.57,9600,19.16,183886.0,4,TRAILING_STOP_3,90.0,Rs.33.85 L
2025-09-26 10:00:00,2025-09-26 10:20:00,SELL,24799.1,24782.1,24792.43,24802.43,9600,17.0,163150.0,4,TRAILING_STOP_3,90.0,Rs.35.48 L
2025-09-26 11:30:00,2025-09-26 11:40:00,SELL,24752.7,24747.6,24746.03,24756.03,9600,5.1,48926.0,2,TRAILING_STOP_1,90.0,Rs.35.97 L
2025-09-26 14:30:00,2025-09-26 14:35:00,SELL,24642.9,24646.23,24636.23,24646.23,9600,-3.33,-32050.0,1,STOP_LOSS,90.0,Rs.35.65 L
2025-09-29 09:35:00,2025-09-29 10:00:00,BUY,24736.05,24755.18,24742.72,24732.72,9600,19.13,183598.0,5,TRAILING_STOP_3,90.0,Rs.37.48 L
2025-09-29 10:10:00,2025-09-29 10:25:00,BUY,24758.4,24771.66,24765.07,24755.07,9600,13.26,127278.0,3,TRAILING_STOP_2,90.0,Rs.38.76 L
2025-09-29 10:40:00,2025-09-29 10:45:00,BUY,24763.25,24759.92,24769.92,24759.92,9600,-3.33,-32050.0,1,STOP_LOSS,90.0,Rs.38.44 L
2025-09-29 12:00:00,2025-09-29 12:20:00,SELL,24659.25,24648.19,24652.58,24662.58,9600,11.06,106110.0,4,TRAILING_STOP_2,90.0,Rs.39.50 L
2025-09-29 12:30:00,2025-09-29 12:55:00,SELL,24652.45,24634.73,24645.78,24655.78,9600,17.72,170062.0,5,TRAILING_STOP_3,90.0,Rs.41.20 L
2025-10-01 12:25:00,2025-10-01 12:30:00,BUY,24777.2,24773.87,24783.87,24773.87,9600,-3.33,-32050.0,1,STOP_LOSS,90.0,Rs.40.88 L
2025-10-01 12:35:00,2025-10-01 12:40:00,BUY,24777.1,24773.77,24783.77,24773.77,9600,-3.33,-32050.0,1,STOP_LOSS,90.0,Rs.40.56 L
2025-10-06 09:15:00,2025-10-06 09:20:00,BUY,24927.05,24923.72,24933.72,24923.72,9600,-3.33,-32050.0,1,STOP_LOSS,78.1,Rs.40.24 L
2025-10-06 09:30:00,2025-10-06 10:25:00,BUY,24910.8,24969.45,24917.47,24907.47,9600,58.65,562990.0,11,TRAILING_STOP_9,90.0,Rs.45.87 L
2025-10-06 10:30:00,2025-10-06 10:40:00,BUY,24980.3,24983.86,24986.97,24976.97,9600,3.56,34094.0,2,TRAILING_STOP_1,90.0,Rs.46.21 L
2025-10-06 10:50:00,2025-10-06 11:35:00,BUY,24981.45,25007.65,24988.12,24978.12,9600,26.2,251438.0,9,TRAILING_STOP_4,90.0,Rs.48.72 L
2025-10-06 13:00:00,2025-10-06 13:05:00,SELL,25048.85,25052.18,25042.18,25052.18,9600,-3.33,-32050.0,1,STOP_LOSS,90.0,Rs.48.40 L
2025-10-07 10:25:00,2025-10-07 10:30:00,BUY,25177.0,25173.67,25183.67,25173.67,9600,-3.33,-32050.0,1,STOP_LOSS,90.0,Rs.48.08 L
2025-10-07 10:35:00,2025-10-07 10:40:00,BUY,25183.45,25180.12,25190.12,25180.12,9600,-3.33,-32050.0,1,STOP_LOSS,90.0,Rs.47.76 L
2025-10-08 11:05:00,2025-10-08 11:10:00,SELL,25048.8,25052.13,25042.13,25052.13,9600,-3.33,-32050.0,1,STOP_LOSS,78.6,Rs.47.44 L
2025-10-08 11:25:00,2025-10-08 11:30:00,SELL,25036.4,25039.73,25029.73,25039.73,9600,-3.33,-32050.0,1,STOP_LOSS,76.2,Rs.47.12 L
2025-10-10 10:00:00,2025-10-10 10:05:00,BUY,25273.3,25269.97,25279.97,25269.97,9600,-3.33,-32050.0,1,STOP_LOSS,90.0,Rs.46.80 L
2025-10-10 10:10:00,2025-10-10 10:35:00,BUY,25262.45,25274.69,25269.12,25259.12,9600,12.24,117486.0,5,TRAILING_STOP_2,90.0,Rs.47.97 L
2025-10-10 10:50:00,2025-10-10 11:05:00,BUY,25291.6,25295.59,25298.27,25288.27,9600,3.99,38270.0,3,TRAILING_STOP_1,90.0,Rs.48.36 L
2025-10-10 11:10:00,2025-10-10 11:15:00,BUY,25309.95,25306.62,25316.62,25306.62,9600,-3.33,-32050.0,1,STOP_LOSS,90.0,Rs.48.04 L
2025-10-13 09:50:00,2025-10-13 09:55:00,SELL,25202.4,25205.73,25195.73,25205.73,9600,-3.33,-32050.0,1,STOP_LOSS,90.0,Rs.47.72 L
2025-10-13 10:00:00,2025-10-13 10:05:00,SELL,25192.2,25195.53,25185.53,25195.53,9600,-3.33,-32050.0,1,STOP_LOSS,90.0,Rs.47.39 L
2025-10-14 12:05:00,2025-10-14 12:15:00,SELL,25116.15,25119.48,25109.48,25119.48,9600,-3.33,-32050.0,2,STOP_LOSS,90.0,Rs.47.07 L
2025-10-14 12:25:00,2025-10-14 12:30:00,SELL,25090.35,25093.68,25083.68,25093.68,9600,-3.33,-32050.0,1,STOP_LOSS,78.3,Rs.46.75 L
2025-10-15 11:20:00,2025-10-15 11:30:00,BUY,25303.65,25309.37,25310.32,25300.32,9600,5.72,54830.0,2,TRAILING_STOP_1,90.0,Rs.47.30 L
2025-10-15 13:25:00,2025-10-15 13:35:00,BUY,25349.0,25355.14,25355.67,25345.67,9600,6.14,58862.0,2,TRAILING_STOP_1,90.0,Rs.47.89 L
2025-10-15 15:00:00,2025-10-15 15:05:00,SELL,25312.5,25315.83,25305.83,25315.83,9600,-3.33,-32050.0,1,STOP_LOSS,90.0,Rs.47.57 L
2025-10-16 09:30:00,2025-10-16 09:40:00,SELL,25433.35,25428.1,25426.68,25436.68,9600,5.25,50366.0,2,TRAILING_STOP_1,90.0,Rs.48.07 L
2025-10-16 10:00:00,2025-10-16 10:05:00,BUY,25443.95,25440.62,25450.62,25440.62,9600,-3.33,-32050.0,1,STOP_LOSS,90.0,Rs.47.75 L
2025-10-16 10:15:00,2025-10-16 11:00:00,BUY,25436.9,25463.56,25443.57,25433.57,9600,26.66,255902.0,9,TRAILING_STOP_4,90.0,Rs.50.31 L
2025-10-16 12:50:00,2025-10-16 12:55:00,BUY,25515.8,25512.47,25522.47,25512.47,9600,-3.33,-32050.0,1,STOP_LOSS,90.0,Rs.49.99 L
2025-10-17 10:30:00,2025-10-17 10:35:00,BUY,25691.1,25687.77,25697.77,25687.77,9600,-3.33,-32050.0,1,STOP_LOSS,79.9,Rs.49.67 L
2025-10-17 10:40:00,2025-10-17 10:45:00,BUY,25689.7,25686.37,25696.37,25686.37,9600,-3.33,-32050.0,1,STOP_LOSS,90.0,Rs.49.35 L
2025-10-23 09:25:00,2025-10-23 09:30:00,SELL,26053.1,26056.43,26046.43,26056.43,9600,-3.33,-32050.0,1,STOP_LOSS,90.0,Rs.49.03 L
2025-10-23 09:30:00,2025-10-23 09:35:00,SELL,26078.3,26081.63,26071.63,26081.63,9600,-3.33,-32050.0,1,STOP_LOSS,90.0,Rs.48.71 L
2025-10-24 11:05:00,2025-10-24 11:10:00,SELL,25811.05,25814.38,25804.38,25814.38,9600,-3.33,-32050.0,1,STOP_LOSS,90.0,Rs.48.39 L
2025-10-24 11:15:00,2025-10-24 11:20:00,SELL,25816.35,25819.68,25809.68,25819.68,9600,-3.33,-32050.0,1,STOP_LOSS,90.0,Rs.48.07 L
2025-10-27 10:10:00,2025-10-27 10:15:00,SELL,25961.85,25965.18,25955.18,25965.18,9600,-3.33,-32050.0,1,STOP_LOSS,90.0,Rs.47.75 L
2025-10-27 10:40:00,2025-10-27 10:45:00,BUY,25963.5,25960.17,25970.17,25960.17,9600,-3.33,-32050.0,1,STOP_LOSS,83.4,Rs.47.43 L
2025-10-28 10:35:00,2025-10-28 10:40:00,SELL,25870.65,25873.98,25863.98,25873.98,9600,-3.33,-32050.0,1,STOP_LOSS,79.1,Rs.47.11 L
2025-10-28 10:45:00,2025-10-28 11:15:00,SELL,25889.7,25858.07,25883.03,25893.03,9600,31.63,303582.0,6,TRAILING_STOP_5,90.0,Rs.50.14 L
2025-10-28 11:30:00,2025-10-28 11:35:00,SELL,25872.5,25875.83,25865.83,25875.83,9600,-3.33,-32050.0,1,STOP_LOSS,83.1,Rs.49.82 L
2025-10-29 09:20:00,2025-10-29 09:35:00,BUY,25988.55,25986.21,25995.22,25985.22,9600,-2.34,-22498.0,3,TRAILING_STOP_1,89.8,Rs.49.60 L
2025-10-29 09:40:00,2025-10-29 09:45:00,BUY,25972.3,25968.97,25978.97,25968.97,9600,-3.33,-32050.0,1,STOP_LOSS,90.0,Rs.49.28 L
2025-10-30 10:15:00,2025-10-30 10:20:00,SELL,25929.65,25932.98,25922.98,25932.98,9600,-3.33,-32050.0,1,STOP_LOSS,90.0,Rs.48.96 L
2025-10-30 14:00:00,2025-10-30 14:05:00,SELL,25878.35,25881.68,25871.68,25881.68,9600,-3.33,-32050.0,1,STOP_LOSS,90.0,Rs.48.64 L
2025-10-31 10:50:00,2025-10-31 10:55:00,SELL,25805.4,25808.73,25798.73,25808.73,9600,-3.33,-32050.0,1,STOP_LOSS,90.0,Rs.48.32 L
2025-10-31 10:55:00,2025-10-31 11:15:00,SELL,25801.15,25783.04,25794.48,25804.48,9600,18.11,173806.0,4,TRAILING_STOP_3,90.0,Rs.50.05 L
2025-10-31 11:25:00,2025-10-31 11:30:00,SELL,25777.7,25781.03,25771.03,25781.03,9600,-3.33,-32050.0,1,STOP_LOSS,90.0,Rs.49.73 L
2025-11-03 09:15:00,2025-11-03 09:35:00,SELL,25687.85,25685.07,25681.18,25691.18,9600,2.78,26622.0,4,TRAILING_STOP_2,90.0,Rs.50.00 L
2025-11-04 14:20:00,2025-11-04 14:25:00,SELL,25613.05,25616.38,25606.38,25616.38,9600,-3.33,-32050.0,1,STOP_LOSS,89.0,Rs.49.68 L
2025-11-04 14:40:00,2025-11-04 14:55:00,SELL,25609.9,25599.79,25603.23,25613.23,9600,10.11,97038.0,3,TRAILING_STOP_2,90.0,Rs.50.65 L
2025-11-04 15:00:00,2025-11-04 15:05:00,SELL,25596.95,25600.28,25590.28,25600.28,9600,-3.33,-32050.0,1,STOP_LOSS,90.0,Rs.50.33 L
2025-11-06 10:35:00,2025-11-06 10:40:00,SELL,25524.4,25527.73,25517.73,25527.73,9600,-3.33,-32050.0,1,STOP_LOSS,90.0,Rs.50.01 L
2025-11-07 09:20:00,2025-11-07 09:30:00,BUY,25328.2,25330.47,25334.87,25324.87,9600,2.27,21710.0,2,TRAILING_STOP_1,90.0,Rs.50.23 L
2025-11-07 09:50:00,2025-11-07 10:10:00,SELL,25352.45,25340.57,25345.78,25355.78,9600,11.88,114030.0,4,TRAILING_STOP_2,90.0,Rs.51.37 L
2025-11-07 11:50:00,2025-11-07 11:55:00,BUY,25437.55,25434.22,25444.22,25434.22,9600,-3.33,-32050.0,1,STOP_LOSS,90.0,Rs.51.05 L
2025-11-07 12:00:00,2025-11-07 12:05:00,BUY,25449.55,25446.22,25456.22,25446.22,9600,-3.33,-32050.0,1,STOP_LOSS,90.0,Rs.50.72 L
2025-11-10 09:50:00,2025-11-10 09:55:00,BUY,25592.9,25589.57,25599.57,25589.57,9600,-3.33,-32050.0,1,STOP_LOSS,90.0,Rs.50.40 L
2025-11-10 10:05:00,2025-11-10 10:45:00,BUY,25566.35,25599.13,25573.02,25563.02,9600,32.78,314670.0,8,TRAILING_STOP_5,90.0,Rs.53.55 L
2025-11-10 10:50:00,2025-11-10 11:30:00,BUY,25604.3,25643.0,25610.97,25600.97,9600,38.7,371422.0,8,TRAILING_STOP_6,90.0,Rs.57.27 L
2025-11-11 09:25:00,2025-11-11 09:30:00,BUY,25526.6,25523.27,25533.27,25523.27,9600,-3.33,-32050.0,1,STOP_LOSS,90.0,Rs.56.94 L
2025-11-11 09:30:00,2025-11-11 09:45:00,BUY,25506.55,25514.4,25513.22,25503.22,9600,7.85,75294.0,3,TRAILING_STOP_2,90.0,Rs.57.70 L
2025-11-11 12:25:00,2025-11-11 12:35:00,BUY,25574.3,25579.54,25580.97,25570.97,9600,5.24,50222.0,2,TRAILING_STOP_1,85.7,Rs.58.20 L
2025-11-11 12:45:00,2025-11-11 12:50:00,BUY,25581.6,25578.27,25588.27,25578.27,9600,-3.33,-32050.0,1,STOP_LOSS,90.0,Rs.57.88 L
2025-11-12 10:25:00,2025-11-12 10:55:00,BUY,25840.3,25871.15,25846.97,25836.97,9600,30.85,296094.0,6,TRAILING_STOP_5,90.0,Rs.60.84 L
2025-11-12 11:00:00,2025-11-12 11:55:00,BUY,25869.2,25895.05,25875.87,25865.87,9600,25.85,248126.0,11,TRAILING_STOP_4,90.0,Rs.63.32 L
2025-11-12 12:05:00,2025-11-12 12:10:00,BUY,25899.45,25896.12,25906.12,25896.12,9600,-3.33,-32050.0,1,STOP_LOSS,86.6,Rs.63.00 L
2025-11-12 13:00:00,2025-11-12 13:05:00,BUY,25917.75,25914.42,25924.42,25914.42,9600,-3.33,-32050.0,1,STOP_LOSS,90.0,Rs.62.68 L
2025-11-13 09:15:00,2025-11-13 09:25:00,SELL,25843.95,25847.28,25837.28,25847.28,9600,-3.33,-32050.0,2,STOP_LOSS,90.0,Rs.62.36 L
2025-11-13 10:40:00,2025-11-13 11:30:00,BUY,25928.45,25966.14,25935.12,25925.12,9600,37.69,361774.0,10,TRAILING_STOP_6,90.0,Rs.65.98 L
2025-11-13 11:35:00,2025-11-13 11:40:00,BUY,25971.7,25968.37,25978.37,25968.37,19200,-3.33,-64050.0,1,STOP_LOSS,90.0,Rs.65.34 L
2025-11-14 09:50:00,2025-11-14 09:55:00,SELL,25792.35,25795.68,25785.68,25795.68,19200,-3.33,-64050.0,1,STOP_LOSS,90.0,Rs.64.70 L
2025-11-14 10:00:00,2025-11-14 10:05:00,SELL,25774.65,25777.98,25767.98,25777.98,19200,-3.33,-64050.0,1,STOP_LOSS,90.0,Rs.64.06 L
2025-11-17 09:25:00,2025-11-17 09:30:00,BUY,25964.55,25961.22,25971.22,25961.22,19200,-3.33,-64050.0,1,STOP_LOSS,77.3,Rs.63.42 L
2025-11-17 09:40:00,2025-11-17 09:45:00,BUY,25971.4,25968.07,25978.07,25968.07,9600,-3.33,-32050.0,1,STOP_LOSS,77.5,Rs.63.10 L
2025-11-18 09:50:00,2025-11-18 10:15:00,SELL,25916.45,25899.96,25909.78,25919.78,9600,16.49,158254.0,5,TRAILING_STOP_3,90.0,Rs.64.68 L
2025-11-18 10:25:00,2025-11-18 10:45:00,SELL,25898.8,25898.83,25892.13,25902.13,19200,-0.03,-594.0,4,TRAILING_STOP_1,90.0,Rs.64.67 L
2025-11-18 10:50:00,2025-11-18 10:55:00,SELL,25909.05,25912.38,25902.38,25912.38,19200,-3.33,-64050.0,1,STOP_LOSS,90.0,Rs.64.03 L
2025-11-19 09:30:00,2025-11-19 09:35:00,SELL,25886.0,25889.33,25879.33,25889.33,19200,-3.33,-64050.0,1,STOP_LOSS,90.0,Rs.63.39 L
2025-11-19 12:45:00,2025-11-19 12:50:00,BUY,26025.75,26022.42,26032.42,26022.42,9600,-3.33,-32050.0,1,STOP_LOSS,75.8,Rs.63.07 L
2025-11-20 11:05:00,2025-11-20 11:10:00,BUY,26138.05,26134.72,26144.72,26134.72,9600,-3.33,-32050.0,1,STOP_LOSS,90.0,Rs.62.75 L
2025-11-20 11:20:00,2025-11-20 11:25:00,BUY,26137.35,26134.02,26144.02,26134.02,9600,-3.33,-32050.0,1,STOP_LOSS,90.0,Rs.62.43 L
2025-11-21 09:15:00,2025-11-21 09:20:00,SELL,26138.75,26142.08,26132.08,26142.08,9600,-3.33,-32050.0,1,STOP_LOSS,90.0,Rs.62.11 L
2025-11-21 09:30:00,2025-11-21 10:55:00,SELL,26151.35,26078.13,26144.68,26154.68,9600,73.22,702862.0,17,TRAILING_STOP_12,90.0,Rs.69.14 L
2025-11-21 11:00:00,2025-11-21 11:10:00,SELL,26085.7,26089.03,26079.03,26089.03,19200,-3.33,-64050.0,2,STOP_LOSS,90.0,Rs.68.50 L
2025-11-24 15:00:00,2025-11-25 09:15:00,SELL,25977.2,25950.21,25970.53,25980.53,19200,26.99,518222.0,6,TRAILING_STOP_5,88.7,Rs.73.68 L
2025-11-25 09:20:00,2025-11-25 09:25:00,SELL,25955.85,25959.18,25949.18,25959.18,19200,-3.33,-64050.0,1,STOP_LOSS,90.0,Rs.73.04 L
2025-11-25 09:35:00,2025-11-25 09:40:00,SELL,25969.5,25972.83,25962.83,25972.83,19200,-3.33,-64050.0,1,STOP_LOSS,84.0,Rs.72.40 L
2025-11-26 10:00:00,2025-11-26 10:10:00,BUY,26087.25,26083.92,26093.92,26083.92,19200,-3.33,-64050.0,2,STOP_LOSS,77.0,Rs.71.76 L
2025-11-26 10:15:00,2025-11-26 10:20:00,BUY,26085.6,26082.27,26092.27,26082.27,19200,-3.33,-64050.0,1,STOP_LOSS,90.0,Rs.71.12 L
2025-11-27 13:40:00,2025-11-27 13:45:00,SELL,26148.05,26151.38,26141.38,26151.38,19200,-3.33,-64050.0,1,STOP_LOSS,85.8,Rs.70.48 L
2025-12-01 09:45:00,2025-12-01 09:50:00,BUY,26295.8,26292.47,26302.47,26292.47,19200,-3.33,-64050.0,1,STOP_LOSS,90.0,Rs.69.84 L
2025-12-01 10:00:00,2025-12-01 10:15:00,BUY,26279.75,26276.42,26286.42,26276.42,19200,-3.33,-64050.0,3,STOP_LOSS,90.0,Rs.69.20 L
2025-12-02 09:25:00,2025-12-02 10:20:00,SELL,26130.2,26065.8,26123.53,26133.53,19200,64.4,1236366.0,11,TRAILING_STOP_10,90.0,Rs.81.56 L
2025-12-02 10:35:00,2025-12-02 10:45:00,SELL,26083.1,26076.63,26076.43,26086.43,19200,6.47,124110.0,2,TRAILING_STOP_1,90.0,Rs.82.80 L
2025-12-03 10:05:00,2025-12-03 10:10:00,SELL,25908.45,25911.78,25901.78,25911.78,19200,-3.33,-64050.0,1,STOP_LOSS,79.1,Rs.82.16 L
2025-12-03 10:15:00,2025-12-03 10:20:00,SELL,25912.45,25915.78,25905.78,25915.78,19200,-3.33,-64050.0,1,STOP_LOSS,90.0,Rs.81.52 L
2025-12-05 13:00:00,2025-12-05 13:05:00,BUY,26185.65,26182.32,26192.32,26182.32,19200,-3.33,-64050.0,1,STOP_LOSS,90.0,Rs.80.88 L
2025-12-05 13:05:00,2025-12-05 13:10:00,BUY,26187.4,26184.07,26194.07,26184.07,19200,-3.33,-64050.0,1,STOP_LOSS,90.0,Rs.80.24 L
2025-12-08 10:15:00,2025-12-08 10:20:00,SELL,26087.3,26090.63,26080.63,26090.63,19200,-3.33,-64050.0,1,STOP_LOSS,90.0,Rs.79.60 L
2025-12-08 10:25:00,2025-12-08 10:40:00,SELL,26097.8,26092.83,26091.13,26101.13,19200,4.97,95310.0,3,TRAILING_STOP_1,90.0,Rs.80.55 L
2025-12-08 12:25:00,2025-12-08 13:00:00,SELL,26027.05,26016.71,26020.38,26030.38,19200,10.34,198446.0,7,TRAILING_STOP_2,90.0,Rs.82.54 L
2025-12-08 13:15:00,2025-12-08 14:40:00,SELL,26004.2,25920.88,25997.53,26007.53,19200,83.32,1599630.0,17,TRAILING_STOP_13,90.0,Rs.98.53 L
2025-12-09 09:30:00,2025-12-09 09:35:00,BUY,25772.55,25769.22,25779.22,25769.22,19200,-3.33,-64050.0,1,STOP_LOSS,90.0,Rs.97.89 L
2025-12-09 09:35:00,2025-12-09 09:40:00,BUY,25764.0,25760.67,25770.67,25760.67,19200,-3.33,-64050.0,1,STOP_LOSS,90.0,Rs.97.25 L
